equipment_id,timestamp,anomaly_prediction,is_anomaly,anomaly_score,predicted_dissolved_oxygen
EQ-001,2025-01-01 01:56:00,1,False,0.07230009065269988,7.85737718677991
EQ-001,2025-01-01 01:57:00,1,False,0.05444589771781344,7.781831978164514
EQ-001,2025-01-01 01:58:00,1,False,0.04774662482091885,7.659115898435799
EQ-001,2025-01-01 01:59:00,1,False,0.07751864332703451,7.758514854998659
EQ-001,2025-01-01 02:06:00,1,False,0.07375964587204781,7.738034487770689
EQ-001,2025-01-01 02:12:00,1,False,0.04977198288332052,7.802572842170671
EQ-001,2025-01-01 02:15:00,1,False,0.05279210088731445,7.8631674177311
EQ-001,2025-01-01 02:17:00,1,False,0.04679850713827799,7.8879840192717525
EQ-001,2025-01-01 02:21:00,1,False,0.0321564455891179,7.933691249204506
EQ-001,2025-01-01 02:22:00,1,False,0.037437177716661774,7.836155264943935
EQ-001,2025-01-01 02:26:00,1,False,0.02217960288516574,7.869859560159073
EQ-001,2025-01-01 02:27:00,1,False,0.019971776914784856,7.694234420998139
EQ-001,2025-01-01 02:29:00,1,False,0.062064764205283174,7.652460624844002
EQ-001,2025-01-01 02:31:00,1,False,0.06750616318705138,7.667000479229573
EQ-001,2025-01-01 02:33:00,1,False,0.03217171068587282,7.9734090872861145
EQ-001,2025-01-01 02:36:00,1,False,0.030720254426772786,7.804350449264734
EQ-001,2025-01-01 02:46:00,1,False,0.028385152442347628,7.699092028394606
EQ-001,2025-01-01 02:47:00,1,False,0.061184088532370395,7.735448053200669
EQ-001,2025-01-01 02:49:00,1,False,0.05976439097381986,7.733060672997812
EQ-001,2025-01-01 02:50:00,1,False,0.03617089789975392,7.8711421680619855
EQ-001,2025-01-01 02:51:00,1,False,0.040696158237919944,7.671068728366223
EQ-001,2025-01-01 02:57:00,1,False,0.04399719398365748,7.595499262008271
EQ-001,2025-01-01 03:01:00,1,False,0.048097697551047536,7.836878831437064
EQ-001,2025-01-01 03:06:00,1,False,0.06473557469546665,7.632902887224232
EQ-001,2025-01-01 03:08:00,1,False,0.007794673516110184,7.777491856712598
EQ-001,2025-01-01 03:09:00,1,False,0.059036424097110685,7.666951076794822
EQ-001,2025-01-01 03:15:00,1,False,0.07945231537239439,7.529565627572599
EQ-001,2025-01-01 03:17:00,1,False,0.05581533875722361,7.653278018257778
EQ-001,2025-01-01 03:25:00,1,False,0.11133485514205888,7.549462319528255
EQ-001,2025-01-01 03:28:00,1,False,0.06940769935695412,7.71077269465293
EQ-001,2025-01-01 03:30:00,1,False,0.060914076680068485,7.710372632473922
EQ-001,2025-01-01 03:35:00,1,False,0.07439593027009156,7.7553296410143755
EQ-001,2025-01-01 03:36:00,1,False,0.07628852441756223,7.613093974457297
EQ-001,2025-01-01 03:37:00,1,False,0.08142656475163607,7.708462947432375
EQ-001,2025-01-01 03:40:00,1,False,0.07698063835506469,7.627480905934975
EQ-001,2025-01-01 03:43:00,1,False,0.07509561874375004,7.595162845387802
EQ-001,2025-01-01 03:45:00,1,False,0.06133219413031937,7.804238737995984
EQ-001,2025-01-01 03:49:00,1,False,0.0726944248393333,7.542973557455252
EQ-001,2025-01-01 03:52:00,1,False,0.0802430436604003,7.524802260164519
EQ-001,2025-01-01 03:58:00,1,False,0.08819514789463867,7.618239967315511
EQ-001,2025-01-01 04:00:00,1,False,0.07588954928579056,7.586712730361753
EQ-001,2025-01-01 04:02:00,1,False,0.07506552484552431,7.611743587615324
EQ-001,2025-01-01 04:05:00,1,False,0.1001432861905796,7.566871156033505
EQ-001,2025-01-01 04:09:00,1,False,0.08241647813255232,7.522088685065901
EQ-001,2025-01-01 04:10:00,1,False,0.08522325262214625,7.444674218866473
EQ-001,2025-01-01 04:12:00,1,False,0.09359065747580086,7.3474047987335505
EQ-001,2025-01-01 04:13:00,1,False,0.09624686102338742,7.439072802686116
EQ-001,2025-01-01 04:15:00,1,False,0.09225839802230751,7.499956448505571
EQ-001,2025-01-01 04:17:00,1,False,0.0819760034510299,7.454516086435672
EQ-001,2025-01-01 04:18:00,1,False,0.08720288581589669,7.419680050815897
EQ-001,2025-01-01 04:21:00,1,False,0.07769861453667293,7.493788836285289
EQ-001,2025-01-01 04:22:00,1,False,0.09905485103302464,7.646443906157169
EQ-001,2025-01-01 04:30:00,1,False,0.09739876845061107,7.369321644182017
EQ-001,2025-01-01 04:31:00,1,False,0.11107131407445714,7.515781104465399
EQ-001,2025-01-01 04:32:00,1,False,0.09577143731783855,7.523099707714416
EQ-001,2025-01-01 04:38:00,1,False,0.09063334858985339,7.400747551465209
EQ-001,2025-01-01 04:39:00,1,False,0.11344607189199529,7.57376758093611
EQ-001,2025-01-01 04:40:00,1,False,0.11108895686772041,7.568409952779393
EQ-001,2025-01-01 04:46:00,1,False,0.09584078231610316,7.3138116473533135
EQ-001,2025-01-01 04:51:00,1,False,0.10918090585623447,7.368744247869756
EQ-001,2025-01-01 04:53:00,1,False,0.09137337029703307,7.300737008121315
EQ-001,2025-01-01 04:58:00,1,False,0.08570807461976726,7.286889172091958
EQ-001,2025-01-01 04:59:00,1,False,0.10713098216494732,7.23077439666894
EQ-001,2025-01-01 05:02:00,1,False,0.09578823670166575,7.255762128995656
EQ-001,2025-01-01 05:05:00,1,False,0.11071053331007513,7.326280767761952
EQ-001,2025-01-01 05:06:00,1,False,0.10242284110917343,7.2875290922983735
EQ-001,2025-01-01 05:08:00,1,False,0.07771737653470562,7.268568847996446
EQ-001,2025-01-01 05:09:00,1,False,0.10388698327979784,7.2391996350622945
EQ-001,2025-01-01 05:12:00,1,False,0.10034384493079224,7.326211090418221
EQ-001,2025-01-01 05:13:00,1,False,0.09378742040156735,7.295571977146179
EQ-001,2025-01-01 05:14:00,1,False,0.12222274280487883,7.363806667997734
EQ-001,2025-01-01 05:20:00,1,False,0.11884561590779597,7.357236127912806
EQ-001,2025-01-01 05:21:00,1,False,0.10819526442874672,7.439857217634256
EQ-001,2025-01-01 05:25:00,1,False,0.11848634301967476,7.2584952177679165
EQ-001,2025-01-01 05:26:00,1,False,0.12245586230858968,7.397464349629396
EQ-001,2025-01-01 05:27:00,1,False,0.1189831872526142,7.42005367747728
EQ-001,2025-01-01 05:28:00,1,False,0.10859079801641175,7.222253530395963
EQ-001,2025-01-01 05:32:00,1,False,0.11128939159418222,7.364952961088843
EQ-001,2025-01-01 05:37:00,1,False,0.12055611749689699,7.211736183561658
EQ-001,2025-01-01 05:38:00,1,False,0.10598015451862258,7.126990628877559
EQ-001,2025-01-01 05:41:00,1,False,0.10030801944530154,7.2483821510091415
EQ-001,2025-01-01 05:45:00,1,False,0.07907563779211563,7.150560996993754
EQ-001,2025-01-01 05:48:00,1,False,0.0910103098121342,7.279016744657906
EQ-001,2025-01-01 05:49:00,1,False,0.10511814047637263,7.225322441374444
EQ-001,2025-01-01 05:51:00,1,False,0.09069482680990404,7.100680316199787
EQ-001,2025-01-01 05:52:00,1,False,0.09274688411832493,7.1016748343008995
EQ-001,2025-01-01 05:56:00,1,False,0.08369356842566295,7.14900886094404
EQ-001,2025-01-01 05:58:00,1,False,0.06480582821161834,7.179756936492708
EQ-001,2025-01-01 06:02:00,1,False,0.013881878113018886,8.689148842365267
EQ-001,2025-01-01 06:04:00,-1,True,-0.0038357811952699494,7.208180618345446
EQ-001,2025-01-01 06:07:00,1,False,0.02117639383285891,7.210994398393925
EQ-001,2025-01-01 06:08:00,1,False,0.023300357915497394,7.235966045153382
EQ-001,2025-01-01 06:15:00,1,False,0.10029112401978835,7.206918431007412
EQ-001,2025-01-01 06:19:00,1,False,0.0214542149853455,7.282591400967644
EQ-001,2025-01-01 06:20:00,1,False,0.07399736436106213,7.0519518127148455
EQ-001,2025-01-01 06:23:00,1,False,0.08737786403586467,7.234255121738897
EQ-001,2025-01-01 06:24:00,1,False,0.07065750504204737,7.150167793757099
EQ-001,2025-01-01 06:25:00,1,False,0.054388147749200255,7.255463078761548
EQ-001,2025-01-01 06:26:00,1,False,0.013821677106099939,7.186314040185088
EQ-001,2025-01-01 06:29:00,1,False,0.05535199251354472,7.219677427951493
EQ-001,2025-01-01 06:31:00,1,False,0.09126917420254882,7.26303441163608
EQ-001,2025-01-01 06:36:00,1,False,0.07289599784667466,7.221399085604145
EQ-001,2025-01-01 06:37:00,1,False,0.08221774263392789,7.160330964113513
EQ-001,2025-01-01 06:38:00,1,False,0.014928383174083126,7.347463433358959
EQ-001,2025-01-01 06:39:00,1,False,0.08959853938512263,7.220238731011875
EQ-001,2025-01-01 06:42:00,1,False,0.08178744741698335,7.230082251148916
EQ-001,2025-01-01 06:47:00,1,False,0.07585489670443857,7.262140140684345
EQ-001,2025-01-01 06:49:00,1,False,0.03625214310589464,8.440126260167084
EQ-001,2025-01-01 06:50:00,1,False,0.014884376495563567,7.303259634137235
EQ-001,2025-01-01 06:51:00,-1,True,-0.0069364882955855744,7.243082698579976
EQ-001,2025-01-01 06:52:00,1,False,0.030548765048688087,7.198392816453974
EQ-001,2025-01-01 06:53:00,1,False,0.09041115907073971,7.234259741713874
EQ-001,2025-01-01 06:54:00,-1,True,-0.01641721214327807,7.202893349082055
EQ-001,2025-01-01 06:57:00,1,False,0.09337741091666052,7.118175650281711
EQ-001,2025-01-01 06:58:00,1,False,0.053149016078657685,7.403771814401767
EQ-001,2025-01-01 07:05:00,1,False,0.05613127717692501,7.415812155799337
EQ-001,2025-01-01 07:08:00,1,False,0.06845549467606105,7.21360877797077
EQ-001,2025-01-01 07:10:00,1,False,0.0016569183995946979,7.266775549015854
EQ-001,2025-01-01 07:13:00,1,False,0.026664010144968164,7.287713627980383
EQ-001,2025-01-01 07:15:00,1,False,0.06399010263115695,7.4105764639365965
EQ-001,2025-01-01 07:18:00,1,False,0.05363440753134596,7.334286198001467
EQ-001,2025-01-01 07:21:00,1,False,0.0905853810349887,7.2567024710788735
EQ-001,2025-01-01 07:22:00,1,False,0.007987202484609157,7.437377612993478
EQ-001,2025-01-01 07:26:00,1,False,0.08426825394797993,7.270142634575206
EQ-001,2025-01-01 07:29:00,1,False,0.058628382666279844,7.338705429705629
EQ-001,2025-01-01 07:33:00,1,False,0.08287992945081035,7.299225523503838
EQ-001,2025-01-01 07:36:00,1,False,0.07274130956591568,7.402152057638704
EQ-001,2025-01-01 07:39:00,1,False,0.09596259148498204,7.384035783114897
EQ-001,2025-01-01 07:41:00,1,False,0.06221717350924766,7.3992542649984365
EQ-001,2025-01-01 07:44:00,1,False,0.08006395951797024,7.3059787709818975
EQ-001,2025-01-01 07:46:00,1,False,0.10077645222382847,7.4482088843636
EQ-001,2025-01-01 07:48:00,1,False,0.0766246232760861,7.441316126228873
EQ-001,2025-01-01 07:57:00,1,False,0.07214010239431723,7.525364145012942
EQ-001,2025-01-01 07:59:00,1,False,0.08421887508737136,7.410863085072012
EQ-001,2025-01-01 08:00:00,1,False,0.08261172828957652,7.243071916688132
EQ-001,2025-01-01 08:02:00,1,False,0.06061327148414214,7.541064112452594
EQ-001,2025-01-01 08:05:00,1,False,0.07914742799994173,7.390187056216832
EQ-001,2025-01-01 08:14:00,1,False,0.0391291246430146,7.422011805221381
EQ-001,2025-01-01 08:16:00,1,False,0.09997907662338679,7.474641290820739
EQ-001,2025-01-01 08:20:00,1,False,0.08488495073950475,7.558282683289101
EQ-001,2025-01-01 08:24:00,1,False,0.07813306887307009,7.512711837443151
EQ-001,2025-01-01 08:27:00,1,False,0.07929758453802488,7.592491125690535
EQ-001,2025-01-01 08:28:00,1,False,0.0719042524444864,7.5090074910902
EQ-001,2025-01-01 08:29:00,1,False,0.07949419243607908,7.4878305838353825
EQ-001,2025-01-01 08:35:00,1,False,0.08919819885860042,7.511032333745139
EQ-001,2025-01-01 08:37:00,1,False,0.09095809986328984,7.429876744703948
EQ-001,2025-01-01 08:41:00,1,False,0.07416634616491702,7.598916879036499
EQ-001,2025-01-01 08:42:00,1,False,0.10748703203822418,7.596701411427471
EQ-001,2025-01-01 08:44:00,1,False,0.09989874568336948,7.5904922870598845
EQ-001,2025-01-01 08:45:00,1,False,0.09093497389533634,7.540285488660784
EQ-001,2025-01-01 08:47:00,1,False,0.10215316604077834,7.407856397120553
EQ-001,2025-01-01 08:51:00,1,False,0.09463818057516443,7.549475074779052
EQ-001,2025-01-01 08:52:00,1,False,0.0956714257762698,7.5126490203910485
EQ-001,2025-01-01 08:53:00,1,False,0.10128997512559207,7.518254357637683
EQ-001,2025-01-01 08:55:00,1,False,0.08957222318649677,7.57344327245724
EQ-001,2025-01-01 08:57:00,1,False,0.08838006976235879,7.582779625947482
EQ-001,2025-01-01 08:59:00,1,False,0.09287257295152329,7.62730870523928
EQ-001,2025-01-01 09:01:00,1,False,0.10475736742158981,7.641598379047163
EQ-001,2025-01-01 09:02:00,1,False,0.09496754948558817,7.646798507623322
EQ-001,2025-01-01 09:03:00,1,False,0.10627409517782122,7.671631541043069
EQ-001,2025-01-01 09:05:00,1,False,0.08537394315742375,7.777602234915339
EQ-001,2025-01-01 09:13:00,1,False,0.08316417418057764,7.7220929616084995
EQ-001,2025-01-01 09:21:00,1,False,0.10080150739173416,7.7453224070127185
EQ-001,2025-01-01 09:23:00,1,False,0.09799129175943228,7.674329822569819
EQ-001,2025-01-01 09:25:00,1,False,0.07282816327900388,7.729296137878976
EQ-001,2025-01-01 09:26:00,1,False,0.08909887630852448,7.630614733131234
EQ-001,2025-01-01 09:27:00,1,False,0.08789832373761286,7.749582234679345
EQ-001,2025-01-01 09:32:00,1,False,0.10380474154315056,7.749900732317269
EQ-001,2025-01-01 09:33:00,1,False,0.08236939872654475,7.7508188591891045
EQ-001,2025-01-01 09:34:00,1,False,0.08803025543368737,7.70222014691098
EQ-001,2025-01-01 09:39:00,1,False,0.10174597586238782,7.651790029164564
EQ-001,2025-01-01 09:40:00,1,False,0.09413679797349228,7.666997394732169
EQ-001,2025-01-01 09:42:00,1,False,0.09824801332803235,7.719382716619655
EQ-001,2025-01-01 09:43:00,1,False,0.10505894883662359,7.6560753424747325
EQ-001,2025-01-01 09:47:00,1,False,0.10803803076671659,7.824556510024118
EQ-001,2025-01-01 09:52:00,1,False,0.07507481434171254,7.7385365407216575
EQ-001,2025-01-01 09:54:00,1,False,0.08219250868764916,7.899206193617089
EQ-001,2025-01-01 10:03:00,1,False,0.08170555710977478,7.88690392583419
EQ-001,2025-01-01 10:06:00,1,False,0.08038993267241018,7.738286973034878
EQ-001,2025-01-01 10:16:00,1,False,0.05767421159446712,7.8211651801440345
EQ-001,2025-01-01 10:17:00,1,False,0.09464994330993387,7.746272788505706
EQ-001,2025-01-01 10:18:00,1,False,0.09101891584552663,7.740308065137465
EQ-001,2025-01-01 10:19:00,1,False,0.0990920312772729,7.782156030762742
EQ-001,2025-01-01 10:22:00,1,False,0.09679521297274979,7.716960906062556
EQ-001,2025-01-01 10:25:00,1,False,0.09460434553525726,7.817215045968576
EQ-001,2025-01-01 10:31:00,1,False,0.08436258852481054,7.751065984261283
EQ-001,2025-01-01 10:34:00,1,False,0.0634716532242981,8.008507559118009
EQ-001,2025-01-01 10:36:00,1,False,0.0692111396465715,7.8322616558835705
EQ-001,2025-01-01 10:37:00,1,False,0.061191480666827,7.974593021824856
EQ-001,2025-01-01 10:45:00,1,False,0.004438108874426416,7.911832893128255
EQ-001,2025-01-01 10:52:00,1,False,0.058589795471500616,7.756859513816704
EQ-001,2025-01-01 10:58:00,1,False,0.0340844683591916,7.829274292839972
EQ-001,2025-01-01 10:59:00,1,False,0.06099553862974616,7.8995063722329135
EQ-001,2025-01-01 11:00:00,1,False,0.06574836662476746,7.811416240681106
EQ-001,2025-01-01 11:02:00,1,False,0.06598187663301808,7.67400174651662
EQ-001,2025-01-01 11:03:00,1,False,0.07826916481255136,7.836740759290873
EQ-001,2025-01-01 11:09:00,1,False,0.049429104917808775,7.8610116433146375
EQ-001,2025-01-01 11:13:00,1,False,0.06716726444086052,7.68309269253972
EQ-001,2025-01-01 11:17:00,1,False,0.07394413695875274,7.760981071168818
EQ-001,2025-01-01 11:21:00,1,False,0.055743002104791495,7.714348623208599
EQ-001,2025-01-01 11:24:00,1,False,0.09692386873771808,7.756267567728219
EQ-001,2025-01-01 11:34:00,1,False,0.05698323394356547,7.881422227346608
EQ-001,2025-01-01 11:35:00,1,False,0.06739012439435266,7.863666613018203
EQ-001,2025-01-01 11:38:00,1,False,0.08387037336071512,7.658906815467496
EQ-001,2025-01-01 11:39:00,1,False,0.06692743543011148,7.794846100263116
EQ-001,2025-01-01 11:42:00,1,False,0.07354866896408929,7.706558813044444
EQ-001,2025-01-01 11:43:00,1,False,0.023352364673186632,7.908079476867341
EQ-001,2025-01-01 11:44:00,1,False,0.05100971431321183,7.702606701755055
EQ-001,2025-01-01 11:46:00,1,False,0.08022348756292608,7.6170512700293
EQ-001,2025-01-01 11:58:00,1,False,0.05237602601887614,7.678900966384801
EQ-001,2025-01-01 12:00:00,1,False,0.09194957756211442,7.623707918625351
EQ-001,2025-01-01 12:03:00,1,False,0.08761971243871447,7.793204578439957
EQ-001,2025-01-01 12:05:00,1,False,0.0956324859656782,7.67959707869084
EQ-001,2025-01-01 12:07:00,1,False,0.08986145862007855,7.567399060115149
EQ-001,2025-01-01 12:14:00,1,False,0.0748947406986945,7.60212865502915
EQ-001,2025-01-01 12:23:00,1,False,0.08823659545127821,7.6212731999096786
EQ-001,2025-01-01 12:27:00,1,False,0.06603221264085224,7.567789684489526
EQ-001,2025-01-01 12:28:00,1,False,0.053619652649037786,7.655137802492301
EQ-001,2025-01-01 12:29:00,1,False,0.07987618243402117,7.426636803996554
EQ-001,2025-01-01 12:31:00,1,False,0.08522168481067727,7.467019279417379
EQ-001,2025-01-01 12:32:00,1,False,0.08036254229849149,7.541777658882934
EQ-001,2025-01-01 12:38:00,1,False,0.06850130038742996,7.4966897446171465
EQ-001,2025-01-01 12:40:00,1,False,0.06736301412351042,7.5817728107704365
EQ-001,2025-01-01 12:48:00,1,False,0.08292512318636908,7.58458836459209
EQ-001,2025-01-01 12:52:00,1,False,0.09075157686304608,7.46401507865244
EQ-001,2025-01-01 12:57:00,1,False,0.07888391197244793,7.436825330365171
EQ-001,2025-01-01 12:58:00,1,False,0.07697757395903071,7.5580534306125875
EQ-001,2025-01-01 13:02:00,1,False,0.09071481216119248,7.319959911177263
EQ-001,2025-01-01 13:03:00,1,False,0.0851713397170431,7.37486061402992
EQ-001,2025-01-01 13:06:00,1,False,0.09876134239708279,7.46105950170062
EQ-001,2025-01-01 13:09:00,1,False,0.09280023379830649,7.323942193430577
EQ-001,2025-01-01 13:10:00,1,False,0.10629077081601135,7.39920715596961
EQ-001,2025-01-01 13:15:00,1,False,0.06371357582018655,7.266595118393557
EQ-001,2025-01-01 13:18:00,1,False,0.08286811157018847,7.276842950697005
EQ-001,2025-01-01 13:20:00,1,False,0.0838309856474107,7.348599377842071
EQ-001,2025-01-01 13:21:00,1,False,0.09392021258170563,7.316975245585338
EQ-001,2025-01-01 13:27:00,1,False,0.06731446179747103,7.375118767153829
EQ-001,2025-01-01 13:30:00,1,False,0.08608303321960958,7.357150631965689
EQ-001,2025-01-01 13:33:00,1,False,0.07272888145989476,7.337832464574389
EQ-001,2025-01-01 13:36:00,1,False,0.08353948152206281,7.241205678825444
EQ-001,2025-01-01 13:37:00,1,False,0.06691918510174855,7.26371424294447
EQ-001,2025-01-01 13:40:00,1,False,0.07018797361109796,7.1838235103521155
EQ-001,2025-01-01 13:42:00,1,False,0.08323873302445794,7.278241932109982
EQ-001,2025-01-01 13:45:00,1,False,0.0933197878012394,7.232721582251014
EQ-001,2025-01-01 13:49:00,1,False,0.09171563158283819,7.232739374953164
EQ-001,2025-01-01 13:50:00,1,False,0.06312116991239985,7.2055092707609
EQ-001,2025-01-01 13:51:00,1,False,0.07550697683791197,7.0285985702506
EQ-001,2025-01-01 13:53:00,1,False,0.06880381070968988,7.2989127776737455
EQ-001,2025-01-01 13:57:00,1,False,0.06733842675328688,7.260527809443241
EQ-001,2025-01-01 13:58:00,1,False,0.06651735485399207,7.213109477498866
EQ-001,2025-01-01 14:00:00,1,False,0.11028334987007149,7.234499243886612
EQ-001,2025-01-01 14:03:00,1,False,0.08325957705905163,7.283561148222542
EQ-001,2025-01-01 14:04:00,1,False,0.07634834174168137,7.079702703986201
EQ-001,2025-01-01 14:05:00,1,False,0.06763360562806259,7.150223594276472
EQ-001,2025-01-01 14:06:00,1,False,0.05478172345173288,7.180510362857915
EQ-001,2025-01-01 14:07:00,1,False,0.037014893349862854,7.309376677974614
EQ-001,2025-01-01 14:13:00,1,False,0.047653020824357406,7.162417967516521
EQ-001,2025-01-01 14:14:00,1,False,0.06730822912829182,7.445553572287074
EQ-001,2025-01-01 14:16:00,1,False,0.08177226865494602,7.387725925242441
EQ-001,2025-01-01 14:17:00,1,False,0.08726104456461825,7.270969997103598
EQ-001,2025-01-01 14:22:00,1,False,0.10157976116916284,7.311414849596625
EQ-001,2025-01-01 14:29:00,1,False,0.05690561356575369,7.0782264150780545
EQ-001,2025-01-01 14:31:00,1,False,0.05959161893691112,7.260655953860794
EQ-001,2025-01-01 14:32:00,1,False,0.06003303341756666,7.135139798636001
EQ-001,2025-01-01 14:33:00,1,False,0.047811644582679724,7.221592348064966
EQ-001,2025-01-01 14:40:00,1,False,0.0733976029831499,7.241975825610174
EQ-001,2025-01-01 14:43:00,1,False,0.05963560424705128,7.133215068247014
EQ-001,2025-01-01 14:46:00,1,False,0.08130228218930641,7.278916963742912
EQ-001,2025-01-01 14:47:00,1,False,0.06159325570983665,7.313311833211893
EQ-001,2025-01-01 14:48:00,1,False,0.08231810502905368,7.329464508455127
EQ-001,2025-01-01 14:49:00,1,False,0.0932152739095346,7.081044901390909
EQ-001,2025-01-01 14:50:00,1,False,0.028961619046393383,7.281704499963137
EQ-001,2025-01-01 14:57:00,1,False,0.04830309974529867,7.154847187446637
EQ-001,2025-01-01 14:58:00,1,False,0.03703895845616989,7.1391040817002365
EQ-001,2025-01-01 15:00:00,1,False,0.04350921948515196,7.316716916377739
EQ-001,2025-01-01 15:01:00,1,False,0.05963946934067449,7.187244962047287
EQ-001,2025-01-01 15:02:00,1,False,0.02618178070526289,7.159220163448692
EQ-001,2025-01-01 15:07:00,1,False,0.07992300077921605,7.107067020498899
EQ-001,2025-01-01 15:09:00,1,False,0.05479317671001588,7.16153731592533
EQ-001,2025-01-01 15:11:00,1,False,0.059658981940271805,7.157158556599466
EQ-001,2025-01-01 15:18:00,1,False,0.04872773543233844,7.125273264380345
EQ-001,2025-01-01 15:23:00,1,False,0.02571796370370577,7.041132450419548
EQ-001,2025-01-01 15:24:00,1,False,0.028910435750892416,7.162471754170666
EQ-001,2025-01-01 15:27:00,1,False,0.0586412266643111,7.211843225899607
EQ-001,2025-01-01 15:32:00,1,False,0.06745507632305664,7.183124973353833
EQ-001,2025-01-01 15:36:00,1,False,0.06300401641028563,7.26094934959988
EQ-001,2025-01-01 15:37:00,1,False,0.05521608394132704,7.196335332887711
EQ-001,2025-01-01 15:44:00,1,False,0.06410927160112712,7.22338632300486
EQ-001,2025-01-01 15:45:00,1,False,0.0800788848384732,7.295012375572257
EQ-001,2025-01-01 15:47:00,1,False,0.0871147809725959,7.242941841017364
EQ-001,2025-01-01 15:49:00,1,False,0.08277592788461785,7.177377741932032
EQ-001,2025-01-01 15:50:00,1,False,0.03080389142939488,7.127079267475822
EQ-001,2025-01-01 15:51:00,1,False,0.07855168977936727,7.309546525643283
EQ-001,2025-01-01 16:00:00,1,False,0.06422051981518784,7.236246344256408
EQ-001,2025-01-01 16:03:00,1,False,0.06821293059794425,7.401135123169752
EQ-001,2025-01-01 16:07:00,1,False,0.09245545454617876,7.2638757072195554
EQ-001,2025-01-01 16:09:00,1,False,0.06135782460899236,7.280178480494851
EQ-001,2025-01-01 16:10:00,1,False,0.11253924435144769,7.243092574634238
EQ-001,2025-01-01 16:14:00,1,False,0.10156578576448455,7.3232264819499
EQ-001,2025-01-01 16:15:00,1,False,0.10122184131088985,7.240141234755599
EQ-001,2025-01-01 16:16:00,1,False,0.070884327953886,7.519939888968124
EQ-001,2025-01-01 16:27:00,1,False,0.07432667653256553,7.431348335007195
EQ-001,2025-01-01 16:28:00,1,False,0.08432024197893212,7.446207171001066
EQ-001,2025-01-01 16:32:00,1,False,0.10607994718002373,7.49190087977893
EQ-001,2025-01-01 16:44:00,1,False,0.11128355842577364,7.63623901878884
EQ-001,2025-01-01 16:50:00,1,False,0.09487165158891919,7.4743673858685336
EQ-001,2025-01-01 16:52:00,1,False,0.08063604224762577,7.51490205630692
EQ-001,2025-01-01 16:53:00,1,False,0.086239402125597,7.487483462133932
EQ-001,2025-01-01 16:58:00,1,False,0.10356173993646928,7.521325644146166
EQ-001,2025-01-01 16:59:00,1,False,0.07298692080412644,7.604301830898567
EQ-001,2025-01-01 17:00:00,1,False,0.08835954023941722,7.490724433754852
EQ-001,2025-01-01 17:01:00,1,False,0.09249441531359376,7.605970372469983
EQ-001,2025-01-01 17:05:00,1,False,0.017440522489152066,9.265782075212888
EQ-001,2025-01-01 17:06:00,1,False,0.010518142778525363,7.62886084754725
EQ-001,2025-01-01 17:07:00,1,False,0.003837530502000419,7.601992425552778
EQ-001,2025-01-01 17:11:00,1,False,0.034283579464816916,7.540768596740812
EQ-001,2025-01-01 17:13:00,1,False,0.09893320553032359,7.560415305123988
EQ-001,2025-01-01 17:14:00,-1,True,-0.006632923812267322,7.573082145801692
EQ-001,2025-01-01 17:17:00,1,False,0.11094774275288855,7.516137733950505
EQ-001,2025-01-01 17:25:00,1,False,0.11518844459100863,7.601463364352831
EQ-001,2025-01-01 17:26:00,1,False,0.10296235844015333,7.663662953924654
EQ-001,2025-01-01 17:29:00,1,False,0.08765356877398861,7.512286812063641
EQ-001,2025-01-01 17:34:00,1,False,0.015928360061613023,7.638694419530802
EQ-001,2025-01-01 17:39:00,1,False,0.06091297374272875,7.720162628142029
EQ-001,2025-01-01 17:42:00,1,False,0.098396653613675,7.578469395291341
EQ-001,2025-01-01 17:49:00,1,False,0.09017039692358991,7.524502669669654
EQ-001,2025-01-01 17:51:00,1,False,0.10630958403615309,7.467447388717399
EQ-001,2025-01-01 17:55:00,-1,True,-0.011850619153427666,7.7838515560920385
EQ-001,2025-01-01 17:57:00,1,False,0.0717231804894381,7.8250738934736646
EQ-001,2025-01-01 18:04:00,1,False,0.07817643197305318,7.772592119722454
EQ-001,2025-01-01 18:09:00,1,False,0.07756728949747305,7.8439472745760925
EQ-001,2025-01-01 18:14:00,1,False,0.08291676705548706,7.8171368036848214
EQ-001,2025-01-01 18:15:00,1,False,0.0802115534717538,7.786581290019347
EQ-001,2025-01-01 18:18:00,1,False,0.07547277049358092,7.788558668592186
EQ-001,2025-01-01 18:23:00,1,False,0.08985682648417248,7.73652810467866
EQ-001,2025-01-01 18:24:00,1,False,0.09322103313290392,7.742872530611951
EQ-001,2025-01-01 18:25:00,1,False,0.0632858086156366,7.9337320862704965
EQ-001,2025-01-01 18:26:00,1,False,0.06640821729485391,7.863699586152207
EQ-001,2025-01-01 18:29:00,1,False,0.039100978480739734,7.742861956227619
EQ-001,2025-01-01 18:31:00,1,False,0.07732043554136964,7.836324635073364
EQ-001,2025-01-01 18:32:00,1,False,0.0679501134844856,7.668328944299434
EQ-001,2025-01-01 18:33:00,1,False,0.08297930016436689,7.749552612344864
EQ-001,2025-01-01 18:34:00,1,False,0.0020750446670398937,7.730993152276815
EQ-001,2025-01-01 18:40:00,1,False,0.10128492587001686,7.803403588958831
EQ-001,2025-01-01 18:41:00,1,False,0.051503154793082484,7.8326743709217155
EQ-001,2025-01-01 18:42:00,1,False,0.0919650933910553,7.80842626286393
EQ-001,2025-01-01 18:43:00,1,False,0.07038427902806144,7.940831323036666
EQ-001,2025-01-01 18:55:00,1,False,0.06677513729931539,7.891724866826787
EQ-001,2025-01-01 19:04:00,1,False,0.07803266457352409,7.80811122564539
EQ-001,2025-01-01 19:14:00,1,False,0.056618714225478095,7.735037227944613
EQ-001,2025-01-01 19:16:00,1,False,0.060762831169138665,7.862014341380302
EQ-001,2025-01-01 19:25:00,1,False,0.04343538911154349,7.6010932251152346
EQ-001,2025-01-01 19:26:00,1,False,0.056387376482041285,7.639139250911951
EQ-001,2025-01-01 19:33:00,1,False,0.05062239376525374,7.892933845890333
EQ-001,2025-01-01 19:34:00,1,False,0.0951994745220141,7.751452437943717
EQ-001,2025-01-01 19:36:00,1,False,0.045111870799733556,7.798752456112714
EQ-001,2025-01-01 19:37:00,1,False,0.06677434733993681,7.8369014304560976
EQ-001,2025-01-01 19:38:00,1,False,0.06339897659109062,7.8044955466825865
EQ-001,2025-01-01 19:39:00,1,False,0.08047004136344466,7.743677595453379
EQ-001,2025-01-01 19:45:00,1,False,0.06999589064946438,7.845506463677123
EQ-001,2025-01-01 19:46:00,1,False,0.08753147929837424,7.754565176194639
EQ-001,2025-01-01 19:49:00,1,False,0.040800724970309954,7.8965983396000015
EQ-001,2025-01-01 19:51:00,1,False,0.06912132630443568,7.860783261436524
EQ-001,2025-01-01 19:52:00,1,False,0.05515123396306737,7.6543641177357395
EQ-001,2025-01-01 20:08:00,1,False,0.06710920996732722,7.650093465460981
EQ-001,2025-01-01 20:14:00,1,False,0.07589937507559835,7.693547628510553
EQ-001,2025-01-01 20:15:00,1,False,0.06360219113535298,7.7432004485719
EQ-001,2025-01-01 20:26:00,1,False,0.05797041520818891,7.583866980489545
EQ-001,2025-01-01 20:28:00,1,False,0.09024044015691562,7.806830398814185
EQ-001,2025-01-01 20:29:00,1,False,0.06062170830251978,7.789958521129048
EQ-001,2025-01-01 20:36:00,1,False,0.0771155319869618,7.617012316654334
EQ-001,2025-01-01 20:37:00,1,False,0.0607410622990171,7.649662575525313
EQ-001,2025-01-01 20:38:00,1,False,0.0474219649000876,7.603855589999606
EQ-001,2025-01-01 20:39:00,1,False,0.06403451587744013,7.575977979449574
EQ-001,2025-01-01 20:48:00,1,False,0.07852213471002095,7.725679321585203
EQ-001,2025-01-01 20:50:00,1,False,0.08085689509817817,7.561013888724281
EQ-001,2025-01-01 20:52:00,1,False,0.034625066068097565,7.69098821713622
EQ-001,2025-01-01 20:55:00,1,False,0.05815652598042015,7.487868695071984
EQ-001,2025-01-01 20:56:00,1,False,0.07409649892459558,7.620753543548017
EQ-001,2025-01-01 21:00:00,1,False,0.07797951181122748,7.467364359679506
EQ-001,2025-01-01 21:04:00,1,False,0.09235748799032412,7.360143228090604
EQ-001,2025-01-01 21:05:00,1,False,0.006590890073901345,9.255167254605778
EQ-001,2025-01-01 21:06:00,-1,True,-0.004020266260505889,7.510102969480166
EQ-001,2025-01-01 21:09:00,-1,True,-0.02358763797039498,7.452042489034579
EQ-001,2025-01-01 21:11:00,-1,True,-0.0034198628849388957,7.554527732523362
EQ-001,2025-01-01 21:18:00,1,False,0.06993575830654802,7.4708311235142455
EQ-001,2025-01-01 21:25:00,1,False,0.00540088937047678,7.312803937397746
EQ-001,2025-01-01 21:27:00,1,False,0.08034296755615361,7.537666148357507
EQ-001,2025-01-01 21:28:00,1,False,0.08214506800310106,7.437380207286753
EQ-001,2025-01-01 21:30:00,1,False,0.047827010433030615,7.318604807209762
EQ-001,2025-01-01 21:33:00,1,False,0.08999423097555548,7.542799562235248
EQ-001,2025-01-01 21:36:00,-1,True,-0.011628523141524738,7.409658015127553
EQ-001,2025-01-01 21:39:00,1,False,0.06706450357982208,7.340024993439219
EQ-001,2025-01-01 21:46:00,1,False,0.08046297913305545,7.478959643264954
EQ-001,2025-01-01 21:47:00,1,False,0.10548072804430647,7.452533798975887
EQ-001,2025-01-01 21:55:00,1,False,0.1080222007509149,7.41078034055045
EQ-001,2025-01-01 22:00:00,1,False,0.005238230204527405,7.408153039110816
EQ-001,2025-01-01 22:01:00,1,False,0.10468851685337166,7.420506175383272
EQ-001,2025-01-01 22:05:00,1,False,0.07487042151231404,7.354449639078911
EQ-001,2025-01-01 22:07:00,1,False,0.10731203245226667,7.38228210336219
EQ-001,2025-01-01 22:17:00,1,False,0.11451862062081275,7.27063853982899
EQ-001,2025-01-01 22:21:00,1,False,0.07864933121337991,7.272112363486894
EQ-001,2025-01-01 22:22:00,1,False,0.10105834991502871,7.331183252407577
EQ-001,2025-01-01 22:24:00,1,False,0.08609248862452107,7.141554298113623
EQ-001,2025-01-01 22:30:00,1,False,0.0644063102307646,7.432178957977499
EQ-001,2025-01-01 22:34:00,1,False,0.06772793064810406,7.096598545087511
EQ-001,2025-01-01 22:37:00,1,False,0.07420694257087745,7.221196470138405
EQ-001,2025-01-01 22:38:00,1,False,0.0937301369113886,7.362772705769711
EQ-001,2025-01-01 22:40:00,1,False,0.07507613025816212,7.179241979925969
EQ-001,2025-01-01 22:41:00,1,False,0.0898426580497379,7.208002426546906
EQ-001,2025-01-01 22:43:00,1,False,0.07301561107827126,7.303522909301196
EQ-001,2025-01-01 22:45:00,1,False,0.00705527191112032,7.226449572444432
EQ-001,2025-01-01 22:46:00,1,False,0.10191179047781329,7.262457819266818
EQ-001,2025-01-01 23:01:00,1,False,0.10425602647564519,7.291018379234774
EQ-001,2025-01-01 23:05:00,1,False,0.10575315021100423,7.217912771783325
EQ-001,2025-01-01 23:07:00,1,False,0.08613001390850966,7.218309361890488
EQ-001,2025-01-01 23:10:00,1,False,0.09953234105364372,7.351524240559397
EQ-001,2025-01-01 23:14:00,1,False,0.09169048017372028,7.348367138021712
EQ-001,2025-01-01 23:18:00,1,False,0.08462716887654714,7.158057745681836
EQ-001,2025-01-01 23:19:00,1,False,0.06558829929848214,7.33118929291587
EQ-001,2025-01-01 23:21:00,1,False,0.09660192434584086,7.205953991319059
EQ-001,2025-01-01 23:22:00,1,False,0.08627222054762768,7.172257532127125
EQ-001,2025-01-01 23:23:00,1,False,0.10008328565847935,7.299000126534901
EQ-001,2025-01-01 23:24:00,1,False,0.0788902601507322,7.134930725984111
EQ-001,2025-01-01 23:25:00,1,False,0.09087329574378677,7.253605386434409
EQ-001,2025-01-01 23:28:00,1,False,0.09723660136711187,7.276477655320287
EQ-001,2025-01-01 23:29:00,1,False,0.09128867267663876,7.261652715946656
EQ-001,2025-01-01 23:30:00,1,False,0.12106668266434684,7.293677138251974
EQ-001,2025-01-01 23:32:00,1,False,0.0894603035823337,7.327196334579456
EQ-001,2025-01-01 23:44:00,1,False,0.10449636128648077,7.222970188426886
EQ-001,2025-01-01 23:48:00,1,False,0.08713736314109555,7.296176136658412
EQ-001,2025-01-01 23:51:00,1,False,0.10325184330963111,7.307481413883879
EQ-001,2025-01-01 23:52:00,1,False,0.10782902533141325,7.312022267724396
EQ-001,2025-01-01 23:54:00,1,False,0.09397716622348173,7.369948355603167
EQ-001,2025-01-01 23:55:00,1,False,0.10642689252088483,7.311065654763124
EQ-001,2025-01-01 23:58:00,1,False,0.09394661208619243,7.34836950416537
EQ-001,2025-01-02 00:04:00,1,False,0.10934431863221894,7.28631466171392
EQ-001,2025-01-02 00:05:00,1,False,0.11491432500722953,7.393717835236687
EQ-001,2025-01-02 00:09:00,1,False,0.09195458581815114,7.260572018335117
EQ-001,2025-01-02 00:10:00,1,False,0.0863981718156458,7.32202844607178
EQ-001,2025-01-02 00:11:00,1,False,0.095650689171144,7.291611324491757
EQ-001,2025-01-02 00:12:00,1,False,0.10424710686335881,7.260810286780551
EQ-001,2025-01-02 00:13:00,1,False,0.11818399387390782,7.355159812431931
EQ-001,2025-01-02 00:15:00,1,False,0.10430068281907023,7.395423156471736
EQ-001,2025-01-02 00:18:00,1,False,0.09307472020438118,7.236495820932028
EQ-001,2025-01-02 00:21:00,1,False,0.1051546339371468,7.298316149643462
EQ-001,2025-01-02 00:22:00,1,False,0.09982805963181268,7.453587713216563
EQ-001,2025-01-02 00:23:00,1,False,0.09478357932275167,7.348191312646058
EQ-001,2025-01-02 00:25:00,1,False,0.09171405833412472,7.432590016640811
EQ-001,2025-01-02 00:29:00,1,False,0.11289803414432237,7.3538164444199525
EQ-001,2025-01-02 00:33:00,1,False,0.10260271736958937,7.3441463291191145
EQ-001,2025-01-02 00:35:00,1,False,0.10811502972462855,7.504672599811811
EQ-001,2025-01-02 00:38:00,1,False,0.10807666791202036,7.376573630733782
EQ-001,2025-01-02 00:40:00,1,False,0.10284859925898748,7.479288381840546
EQ-001,2025-01-02 00:41:00,1,False,0.10549703175537972,7.373418841319245
EQ-001,2025-01-02 00:42:00,1,False,0.1122776941905751,7.395805780191134
EQ-001,2025-01-02 00:43:00,1,False,0.09502189707082659,7.398805407831468
EQ-001,2025-01-02 00:46:00,1,False,0.10822982331674058,7.462600171744473
EQ-001,2025-01-02 00:47:00,1,False,0.10376961407414109,7.4854446860716495
EQ-001,2025-01-02 00:48:00,1,False,0.10842464987705303,7.404394365986455
EQ-001,2025-01-02 00:50:00,1,False,0.10969933614314231,7.505703108018074
EQ-001,2025-01-02 00:52:00,1,False,0.09801117744109256,7.566133274596199
EQ-001,2025-01-02 00:53:00,1,False,0.1160801932102023,7.452402601883375
EQ-001,2025-01-02 01:01:00,1,False,0.10415676709531962,7.426364894221489
EQ-001,2025-01-02 01:02:00,1,False,0.11807642632116233,7.443431458595468
EQ-001,2025-01-02 01:03:00,1,False,0.11873301592007962,7.447936784508296
EQ-001,2025-01-02 01:05:00,1,False,0.10231746913017131,7.619632740931788
EQ-001,2025-01-02 01:11:00,1,False,0.10441129370337804,7.445484553736301
EQ-001,2025-01-02 01:13:00,1,False,0.0770382779240994,7.477648521731007
EQ-001,2025-01-02 01:14:00,1,False,0.10253854477619234,7.578114904281165
EQ-001,2025-01-02 01:17:00,1,False,0.08259901877387482,7.584490997995408
EQ-001,2025-01-02 01:22:00,1,False,0.09776223133865242,7.554706366194437
EQ-001,2025-01-02 01:23:00,1,False,0.09463196252800171,7.3375776696357535
EQ-001,2025-01-02 01:25:00,1,False,0.083602165605003,7.646842319817571
EQ-001,2025-01-02 01:26:00,1,False,0.08668426478141511,7.567631651152132
EQ-001,2025-01-02 01:27:00,1,False,0.07659570984345454,7.52865445202701
EQ-001,2025-01-02 01:28:00,1,False,0.08658092232076764,7.611643983208897
EQ-001,2025-01-02 01:30:00,1,False,0.1017164137959145,7.602301187116378
EQ-001,2025-01-02 01:31:00,1,False,0.0908159039415467,7.7236780805573995
EQ-001,2025-01-02 01:33:00,1,False,0.09689225333380647,7.490105986479251
EQ-001,2025-01-02 01:35:00,1,False,0.08407945245697163,7.685036559355483
EQ-001,2025-01-02 01:36:00,1,False,0.08067114553083121,7.6237831468058666
EQ-001,2025-01-02 01:37:00,1,False,0.09760085904455462,7.472704138294496
EQ-001,2025-01-02 01:41:00,1,False,0.07668104855103586,7.546942274468802
EQ-001,2025-01-02 01:42:00,1,False,0.1012974347385151,7.518459629185753
EQ-001,2025-01-02 01:44:00,1,False,0.0815959389188764,7.642310845403456
EQ-001,2025-01-02 01:49:00,1,False,0.09064657079339361,7.668770784329698
EQ-001,2025-01-02 01:50:00,1,False,0.07267906416874098,7.683036198439422
EQ-001,2025-01-02 01:55:00,1,False,0.08160399304071053,7.737346288889257
EQ-001,2025-01-02 02:00:00,1,False,0.1016310408357246,7.626371399072509
EQ-001,2025-01-02 02:01:00,1,False,0.08406339169079924,7.766503544242008
EQ-001,2025-01-02 02:02:00,1,False,0.06536699104309751,7.735054044266471
EQ-001,2025-01-02 02:10:00,1,False,0.08444920950837492,7.757775982434193
EQ-001,2025-01-02 02:14:00,1,False,0.060979087966225254,7.746248088514943
EQ-001,2025-01-02 02:15:00,1,False,0.07944161289996604,7.7460732116218125
EQ-001,2025-01-02 02:18:00,1,False,0.08892429389477374,7.828479650946752
EQ-001,2025-01-02 02:20:00,1,False,0.06972901564178868,7.920650064577367
EQ-001,2025-01-02 02:21:00,1,False,0.04598182657140809,7.812214845436719
EQ-001,2025-01-02 02:25:00,1,False,0.08048330254382996,7.740424415274695
EQ-001,2025-01-02 02:27:00,1,False,0.07249613567902558,7.701797156227311
EQ-001,2025-01-02 02:29:00,1,False,0.08426463413750146,7.630060253384396
EQ-001,2025-01-02 02:33:00,1,False,0.08088592338779227,7.654549283696095
EQ-001,2025-01-02 02:35:00,1,False,0.09905912133450101,7.623563378865339
EQ-001,2025-01-02 02:40:00,1,False,0.1026921465542025,7.711056891787464
EQ-001,2025-01-02 02:43:00,1,False,0.08453375144252434,7.760476347842697
EQ-001,2025-01-02 02:44:00,1,False,0.08026321168304446,7.757731445933144
EQ-001,2025-01-02 02:46:00,1,False,0.08139948586404233,7.685594591479092
EQ-001,2025-01-02 02:48:00,1,False,0.07965241649048405,7.7876476315509215
EQ-001,2025-01-02 02:49:00,1,False,0.06330613935721996,7.753602673773657
EQ-001,2025-01-02 02:51:00,1,False,0.07706973787196375,7.822386933211688
EQ-001,2025-01-02 02:54:00,1,False,0.07585720843020677,7.77914687781437
EQ-001,2025-01-02 02:55:00,1,False,0.06449446638425982,7.781582997680042
EQ-001,2025-01-02 02:58:00,1,False,0.06865694186482885,7.774076920155463
EQ-001,2025-01-02 03:00:00,1,False,0.10017027958479285,7.8083139396045445
EQ-001,2025-01-02 03:01:00,1,False,0.09304692678536552,7.7340377853441655
EQ-001,2025-01-02 03:03:00,1,False,0.08175768762027702,7.600495174930077
EQ-001,2025-01-02 03:09:00,1,False,0.09104289009283528,7.740940484845288
EQ-001,2025-01-02 03:12:00,1,False,0.09136049284290199,7.619254531120544
EQ-001,2025-01-02 03:16:00,1,False,0.0780260854588758,7.769808722317772
EQ-001,2025-01-02 03:18:00,1,False,0.08240006136824846,7.764106706525175
EQ-001,2025-01-02 03:19:00,1,False,0.06790322203755778,7.7822179379484995
EQ-001,2025-01-02 03:21:00,1,False,0.07611265456574168,7.734540107939193
EQ-001,2025-01-02 03:24:00,1,False,0.07405779519985473,7.843779871348326
EQ-001,2025-01-02 03:25:00,1,False,0.07581975238348349,7.6043360833329885
EQ-001,2025-01-02 03:30:00,1,False,0.05416636922416429,7.619040031303674
EQ-001,2025-01-02 03:31:00,1,False,0.03907233431146806,7.857796512086677
EQ-001,2025-01-02 03:32:00,1,False,0.06749069852846695,7.6866445008576845
EQ-001,2025-01-02 03:34:00,1,False,0.08116345913115047,7.668619073736775
EQ-001,2025-01-02 03:35:00,1,False,0.0780874211246389,7.763453110142496
EQ-001,2025-01-02 03:39:00,1,False,0.08658942035670586,7.632323867507754
EQ-001,2025-01-02 03:42:00,1,False,0.08391258064423746,7.72955948885451
EQ-001,2025-01-02 03:52:00,1,False,0.0855169219708215,7.688829322654937
EQ-001,2025-01-02 03:56:00,1,False,0.08702746672208234,7.786931032029623
EQ-001,2025-01-02 04:01:00,1,False,0.08485199653075448,7.764050158238857
EQ-001,2025-01-02 04:02:00,1,False,0.09534453917432484,7.771867231423176
EQ-001,2025-01-02 04:09:00,1,False,0.07761961211542745,7.720738266971669
EQ-001,2025-01-02 04:14:00,1,False,0.09860218730216119,7.776080685752069
EQ-001,2025-01-02 04:17:00,1,False,0.08342602814425581,7.726785979277375
EQ-001,2025-01-02 04:20:00,1,False,0.07980630831743529,7.700098843994782
EQ-001,2025-01-02 04:21:00,1,False,0.08403982763126289,7.533750415611888
EQ-001,2025-01-02 04:23:00,1,False,0.09594013321755424,7.607373226116043
EQ-001,2025-01-02 04:28:00,1,False,0.07366366175222278,7.652169668141003
EQ-001,2025-01-02 04:29:00,1,False,0.09595330427245624,7.784655741809234
EQ-001,2025-01-02 04:40:00,1,False,0.08491911620934267,7.712116805392584
EQ-001,2025-01-02 04:49:00,1,False,0.08247598925696026,7.633854508079533
EQ-001,2025-01-02 04:57:00,1,False,0.019032945975127058,8.700111831806748
EQ-001,2025-01-02 04:58:00,1,False,0.008973283035033974,7.5728030332428355
EQ-001,2025-01-02 04:59:00,1,False,0.012937556577956144,7.728719619303839
EQ-001,2025-01-02 05:03:00,1,False,0.03522568072627358,7.6174450827019795
EQ-001,2025-01-02 05:04:00,1,False,0.10114259980426693,7.518375753616333
EQ-001,2025-01-02 05:15:00,1,False,0.020434172534722184,7.552100042513628
EQ-001,2025-01-02 05:22:00,1,False,0.09872956587672677,7.473864629934492
EQ-001,2025-01-02 05:28:00,1,False,0.08394101666947812,7.438713828138894
EQ-001,2025-01-02 05:29:00,1,False,0.07425776681167667,7.437472045409431
EQ-001,2025-01-02 05:35:00,1,False,0.0906278360609708,7.474743261282156
EQ-001,2025-01-02 05:36:00,1,False,0.0023971382454215373,7.28188226140978
EQ-001,2025-01-02 05:37:00,1,False,0.09341893632446491,7.52850212123066
EQ-001,2025-01-02 05:38:00,1,False,0.058638175299490614,7.282293108441677
EQ-001,2025-01-02 05:40:00,1,False,0.0751200208834128,7.413278808359133
EQ-001,2025-01-02 05:42:00,1,False,0.08860559459488293,7.4874169157143795
EQ-001,2025-01-02 05:45:00,1,False,0.009572564291215446,7.3341130333218745
EQ-001,2025-01-02 05:46:00,1,False,0.07723293530570546,7.438378812184803
EQ-001,2025-01-02 05:47:00,1,False,0.08531847738016529,7.3646600850054345
EQ-001,2025-01-02 05:53:00,1,False,0.07515011985748082,7.287457826886143
EQ-001,2025-01-02 05:55:00,1,False,0.09094057694617741,7.496732464380268
EQ-001,2025-01-02 05:57:00,1,False,0.06731956246125359,7.319483992765908
EQ-001,2025-01-02 06:00:00,1,False,0.09381941446377234,7.264828966103607
EQ-001,2025-01-02 06:03:00,1,False,0.034654620803718006,7.186846203252276
EQ-001,2025-01-02 06:04:00,1,False,0.03327559049844547,7.425177851404204
EQ-001,2025-01-02 06:05:00,1,False,0.09916253585818102,7.448662794332933
EQ-001,2025-01-02 06:06:00,1,False,0.08158053380929509,7.24062847757703
EQ-001,2025-01-02 06:08:00,1,False,0.10119649594690888,7.328082461118449
EQ-001,2025-01-02 06:10:00,1,False,0.07297648143652041,7.424024554030309
EQ-001,2025-01-02 06:15:00,1,False,0.08555068822266837,7.397495063416849
EQ-001,2025-01-02 06:16:00,1,False,0.09960831112162938,7.314941144243267
EQ-001,2025-01-02 06:17:00,1,False,0.057414451259865884,7.313263830505604
EQ-001,2025-01-02 06:18:00,1,False,0.0877851846698901,7.368359675507653
EQ-001,2025-01-02 06:19:00,1,False,0.08000820153979937,7.282540289119282
EQ-001,2025-01-02 06:20:00,1,False,0.10408573948938599,7.221186352388377
EQ-001,2025-01-02 06:22:00,1,False,0.08817281481558736,7.309993515515768
EQ-001,2025-01-02 06:26:00,1,False,0.07609036976530636,7.1796539698493005
EQ-001,2025-01-02 06:33:00,1,False,0.09025944643212858,7.199194483336551
EQ-001,2025-01-02 06:35:00,1,False,0.07824621000639492,7.3104076474732596
EQ-001,2025-01-02 06:37:00,1,False,0.06899473489484181,7.143214376260312
EQ-001,2025-01-02 06:38:00,1,False,0.0781074754035262,7.198582089127617
EQ-001,2025-01-02 06:41:00,1,False,0.08208047885989078,7.218782025884883
EQ-001,2025-01-02 06:49:00,1,False,0.07490474484632254,7.143544855417884
EQ-001,2025-01-02 06:50:00,1,False,0.07420157385012383,7.248836713255753
EQ-001,2025-01-02 06:51:00,1,False,0.06023603702365182,7.097030248603948
EQ-001,2025-01-02 06:53:00,1,False,0.06371886354348993,7.221038656896759
EQ-001,2025-01-02 06:54:00,1,False,0.07434527755999149,7.145416427080023
EQ-001,2025-01-02 07:01:00,1,False,0.06744630775473837,7.2655703356742904
EQ-001,2025-01-02 07:06:00,1,False,0.10166136742110565,7.2633414933973235
EQ-001,2025-01-02 07:08:00,1,False,0.058950040800325565,7.189530794469132
EQ-001,2025-01-02 07:10:00,1,False,0.07169231590521125,7.220046643016039
EQ-001,2025-01-02 07:11:00,1,False,0.07329327115691142,7.3318057692285095
EQ-001,2025-01-02 07:15:00,1,False,0.09525848764062977,7.261777869494312
EQ-001,2025-01-02 07:16:00,1,False,0.08755194298401969,7.324841890233081
EQ-001,2025-01-02 07:19:00,1,False,0.08062628888810602,7.273265249267233
EQ-001,2025-01-02 07:21:00,1,False,0.08060566347376785,7.155948347811285
EQ-001,2025-01-02 07:22:00,1,False,0.1061728067059926,7.228683834257294
EQ-001,2025-01-02 07:25:00,1,False,0.08810021708012111,7.290112583851016
EQ-001,2025-01-02 07:28:00,1,False,0.05540776489693744,7.047363015127387
EQ-001,2025-01-02 07:30:00,1,False,0.049989578875828555,7.246887862619039
EQ-001,2025-01-02 07:31:00,1,False,0.05999026671198582,7.292401073443048
EQ-001,2025-01-02 07:34:00,1,False,0.07038077226047412,7.304689003189988
EQ-001,2025-01-02 07:43:00,1,False,0.08593438195397812,7.197095113945461
EQ-001,2025-01-02 07:44:00,1,False,0.07654116291209878,7.188177466000816
EQ-001,2025-01-02 07:45:00,1,False,0.09457314350492058,7.237529377450963
EQ-001,2025-01-02 07:46:00,1,False,0.06563444360635201,7.29038818671278
EQ-001,2025-01-02 07:47:00,1,False,0.08904514598739649,7.201631793462853
EQ-001,2025-01-02 07:48:00,1,False,0.08901915927017084,7.159230420590369
EQ-001,2025-01-02 07:50:00,1,False,0.07323420610381431,7.241972880790766
EQ-001,2025-01-02 07:52:00,1,False,0.09140133923621796,7.2734226380003255
EQ-001,2025-01-02 07:54:00,1,False,0.07212509738447503,7.321669618492932
EQ-001,2025-01-02 07:56:00,1,False,0.08042186014897273,7.290964126243076
EQ-001,2025-01-02 08:05:00,1,False,0.0857736381790496,7.417603411707409
EQ-001,2025-01-02 08:07:00,1,False,0.066735417240738,7.2147188571652086
EQ-001,2025-01-02 08:08:00,1,False,0.08582281693380928,7.3207319710405185
EQ-001,2025-01-02 08:10:00,1,False,0.0985844872469453,7.331455762386131
EQ-001,2025-01-02 08:14:00,1,False,0.09705864973178863,7.24832566566034
EQ-001,2025-01-02 08:15:00,1,False,0.08458760562758216,7.209437455724484
EQ-001,2025-01-02 08:19:00,1,False,0.09699506830096066,7.258012221571627
EQ-001,2025-01-02 08:20:00,1,False,0.09825445897715995,7.373437496190527
EQ-001,2025-01-02 08:21:00,1,False,0.09254524353716276,7.208082819398434
EQ-001,2025-01-02 08:23:00,1,False,0.101488330155172,7.264612270869946
EQ-001,2025-01-02 08:25:00,1,False,0.08164626693155541,7.2302205530348616
EQ-001,2025-01-02 08:26:00,1,False,0.09944626989611749,7.1740862240677385
EQ-001,2025-01-02 08:28:00,1,False,0.10556592592111941,7.3328489645405455
EQ-001,2025-01-02 08:29:00,1,False,0.08388652972546046,7.215680922291024
EQ-001,2025-01-02 08:32:00,1,False,0.08908845313323527,7.21237915205552
EQ-001,2025-01-02 08:39:00,1,False,0.10144424708777866,7.310275984802535
EQ-001,2025-01-02 08:42:00,1,False,0.0426282943777756,7.307391024935486
EQ-001,2025-01-02 08:49:00,1,False,0.11111784734075819,7.428111310489596
EQ-001,2025-01-02 08:55:00,1,False,0.09939047897700642,7.403513623535323
EQ-001,2025-01-02 08:58:00,1,False,0.0893625173207887,7.365875508359042
EQ-001,2025-01-02 09:02:00,1,False,0.10617202186955699,7.3060511535824935
EQ-001,2025-01-02 09:07:00,1,False,0.09535138874734228,7.338404283876956
EQ-001,2025-01-02 09:08:00,1,False,0.10570642096041227,7.40299329964604
EQ-001,2025-01-02 09:12:00,1,False,0.08915263233910603,7.43082558405569
EQ-001,2025-01-02 09:15:00,1,False,0.08803784032091805,7.517692831500383
EQ-001,2025-01-02 09:18:00,1,False,0.09594191357544679,7.521550521862449
EQ-001,2025-01-02 09:19:00,1,False,0.1073639972558631,7.448152864622646
EQ-001,2025-01-02 09:21:00,1,False,0.08454617180323842,7.620450505036555
EQ-001,2025-01-02 09:25:00,1,False,0.08718545733527067,7.45359768179186
EQ-001,2025-01-02 09:27:00,1,False,0.09983574891881453,7.457685124682903
EQ-001,2025-01-02 09:32:00,1,False,0.09568167404842931,7.4849941280622785
EQ-001,2025-01-02 09:35:00,1,False,0.09904890775593983,7.523069753063819
EQ-001,2025-01-02 09:40:00,1,False,0.08549290033166174,7.537526672769055
EQ-001,2025-01-02 09:44:00,1,False,0.11052983382805831,7.592864226964451
EQ-001,2025-01-02 09:51:00,1,False,0.09657655668948961,7.555042231868364
EQ-001,2025-01-02 09:52:00,1,False,0.11403185494773538,7.6170282040606105
EQ-001,2025-01-02 09:57:00,1,False,0.09820194150874173,7.578027814963527
EQ-001,2025-01-02 10:00:00,1,False,0.08669964671260377,7.647477493193456
EQ-001,2025-01-02 10:04:00,1,False,0.07666718575428838,7.540868773521976
EQ-001,2025-01-02 10:10:00,1,False,0.09099997426299716,7.611202132311306
EQ-001,2025-01-02 10:11:00,1,False,0.07839797812892513,7.639536892895162
EQ-001,2025-01-02 10:22:00,1,False,0.07477598478415876,7.657653884807411
EQ-001,2025-01-02 10:28:00,1,False,0.08550491897284385,7.653809584694643
EQ-001,2025-01-02 10:30:00,1,False,0.09178487248645723,7.7278650443046795
EQ-001,2025-01-02 10:38:00,1,False,0.07912810251311969,7.702561906761463
EQ-001,2025-01-02 10:39:00,1,False,0.08602706874943766,7.713258188209428
EQ-001,2025-01-02 10:41:00,1,False,0.06039346547041757,7.787255516396889
EQ-001,2025-01-02 10:42:00,1,False,0.08432975305740353,7.802309005653501
EQ-001,2025-01-02 10:44:00,1,False,0.07217817037164642,7.8257327624485855
EQ-001,2025-01-02 10:48:00,1,False,0.04926255473478497,7.863859622270488
EQ-001,2025-01-02 10:49:00,1,False,0.0595227150988108,7.74762897214205
EQ-001,2025-01-02 10:51:00,1,False,0.0690795576115103,7.913856536941174
EQ-001,2025-01-02 10:53:00,1,False,0.08552524919771315,7.709931669999516
EQ-001,2025-01-02 10:54:00,1,False,0.07729787559829515,7.811867493457315
EQ-001,2025-01-02 10:59:00,1,False,0.07482590795359534,7.674725726709896
EQ-001,2025-01-02 11:02:00,1,False,0.09453075763470087,7.771891863348954
EQ-001,2025-01-02 11:03:00,1,False,0.059865129136989714,7.951380769727047
EQ-001,2025-01-02 11:05:00,1,False,0.06265539377327933,7.841456435345611
EQ-001,2025-01-02 11:07:00,1,False,0.044842008860048244,7.817772295885378
EQ-001,2025-01-02 11:08:00,1,False,0.03269634818624145,7.955805489386778
EQ-001,2025-01-02 11:09:00,1,False,0.06502181205716567,7.806296094384811
EQ-001,2025-01-02 11:10:00,1,False,0.053314992901353886,7.7447179958922945
EQ-001,2025-01-02 11:15:00,1,False,0.05732588676571221,7.707133246530717
EQ-001,2025-01-02 11:25:00,1,False,0.06479644825062936,7.830565093491989
EQ-001,2025-01-02 11:26:00,1,False,0.05901185947646542,7.81832066254671
EQ-001,2025-01-02 11:28:00,1,False,0.07509806803771896,7.878124973820619
EQ-001,2025-01-02 11:29:00,1,False,0.04145417477183577,7.939920976617781
EQ-001,2025-01-02 11:37:00,1,False,0.030578170106298264,7.879762790795083
EQ-001,2025-01-02 11:46:00,1,False,0.04368088575239926,7.819545554072095
EQ-001,2025-01-02 11:50:00,1,False,0.012526961994923203,7.922443699364095
EQ-001,2025-01-02 11:51:00,1,False,0.06474366510683022,7.693275746676457
EQ-001,2025-01-02 12:01:00,1,False,0.0324693586439736,7.856754481656821
EQ-001,2025-01-02 12:06:00,1,False,0.06331069853633897,7.679766072168113
EQ-001,2025-01-02 12:10:00,1,False,0.07317346547181253,7.668671399579751
EQ-001,2025-01-02 12:14:00,1,False,0.04863642604905499,7.730837606500798
EQ-001,2025-01-02 12:16:00,1,False,0.09208343108233968,7.700243651475753
EQ-001,2025-01-02 12:21:00,1,False,0.05421017398014283,7.916691877622707
EQ-001,2025-01-02 12:25:00,1,False,0.07029084008178166,7.774653351243717
EQ-001,2025-01-02 12:26:00,1,False,0.06707725729085989,7.783515747837682
EQ-001,2025-01-02 12:27:00,1,False,0.04219961459667526,7.785707059416174
EQ-001,2025-01-02 12:32:00,1,False,0.07644864761176234,7.789357122765023
EQ-001,2025-01-02 12:33:00,1,False,0.058625219875163004,7.846827766350495
EQ-001,2025-01-02 12:36:00,1,False,0.0780990432437173,7.64330916986058
EQ-001,2025-01-02 12:39:00,1,False,0.07440165912361058,7.759114412156419
EQ-001,2025-01-02 12:41:00,1,False,0.07544352688918998,7.68675262834686
EQ-001,2025-01-02 12:42:00,1,False,0.10353844822642505,7.7731325635982715
EQ-001,2025-01-02 12:46:00,1,False,0.043023549782760406,7.716386805388489
EQ-001,2025-01-02 12:48:00,1,False,0.08034010831717225,7.696888234676469
EQ-001,2025-01-02 12:49:00,1,False,0.09545327218242955,7.681109270217774
EQ-001,2025-01-02 12:53:00,1,False,0.0806864878280677,7.7770832098952924
EQ-001,2025-01-02 12:54:00,1,False,0.08879014169981897,7.731092552018632
EQ-001,2025-01-02 12:58:00,1,False,0.07250489434007429,7.833281979557345
EQ-001,2025-01-02 12:59:00,1,False,0.09795668273424285,7.703524039942476
EQ-001,2025-01-02 13:01:00,1,False,0.09901205869366142,7.70451525189216
EQ-001,2025-01-02 13:02:00,1,False,0.08513712755134384,7.806737454362039
EQ-001,2025-01-02 13:08:00,1,False,0.09826969507106759,7.744808546349524
EQ-001,2025-01-02 13:11:00,1,False,0.08346040469051125,7.687164625826589
EQ-001,2025-01-02 13:13:00,1,False,0.09593233230496617,7.552503441434571
EQ-001,2025-01-02 13:16:00,1,False,0.10638656950632347,7.622181694375366
EQ-001,2025-01-02 13:17:00,1,False,0.07722112886532961,7.663069709026097
EQ-001,2025-01-02 13:20:00,1,False,0.11378762925331265,7.729015224562325
EQ-001,2025-01-02 13:23:00,1,False,0.08822521132677152,7.6804486826269205
EQ-001,2025-01-02 13:27:00,1,False,0.09654208842577122,7.717867860528227
EQ-001,2025-01-02 13:28:00,1,False,0.11178812039566488,7.757700853941543
EQ-001,2025-01-02 13:32:00,1,False,0.09949078695444052,7.684194560555641
EQ-001,2025-01-02 13:34:00,1,False,0.11425476317603472,7.488780035885157
EQ-001,2025-01-02 13:38:00,1,False,0.09029784815307035,7.531409274818295
EQ-001,2025-01-02 13:40:00,1,False,0.05511270215670949,8.573893553140337
EQ-001,2025-01-02 13:42:00,1,False,0.03530609540573176,7.479669107781072
EQ-001,2025-01-02 13:44:00,1,False,0.01936772167239792,7.615006443678919
EQ-001,2025-01-02 13:45:00,1,False,0.04771096128493724,7.4718327428076785
EQ-001,2025-01-02 13:48:00,1,False,0.10783284687255967,7.581555191279643
EQ-001,2025-01-02 13:50:00,1,False,0.013101267927667859,7.434893703106209
EQ-001,2025-01-02 13:51:00,1,False,0.07340212598903784,7.301692069403986
EQ-001,2025-01-02 13:52:00,1,False,0.10050133098164349,7.536842976145656
EQ-001,2025-01-02 13:54:00,1,False,0.10255460089603302,7.434601586314053
EQ-001,2025-01-02 13:56:00,1,False,0.09107152262434148,7.509647942305073
EQ-001,2025-01-02 13:57:00,1,False,0.034855451334575294,7.50015977300293
EQ-001,2025-01-02 14:02:00,1,False,0.11409012108793087,7.419449173948194
EQ-001,2025-01-02 14:11:00,1,False,0.09246360609603693,7.420660568291368
EQ-001,2025-01-02 14:12:00,1,False,0.10158773893524337,7.387883692744156
EQ-001,2025-01-02 14:16:00,1,False,0.10143388786905116,7.427837870422991
EQ-001,2025-01-02 14:18:00,1,False,0.046559517789290294,7.53173960862893
EQ-001,2025-01-02 14:20:00,1,False,0.09615290837846907,7.547673705350413
EQ-001,2025-01-02 14:21:00,1,False,0.10943859849708532,7.324453355490987
EQ-001,2025-01-02 14:25:00,1,False,0.08655989881534626,7.294314648426336
EQ-001,2025-01-02 14:26:00,1,False,0.10144066861627976,7.316709214082924
EQ-001,2025-01-02 14:27:00,1,False,0.12017656490225248,7.283449871104969
EQ-001,2025-01-02 14:28:00,1,False,0.10380620951897468,7.276519021566215
EQ-001,2025-01-02 14:30:00,1,False,0.10137548667878488,7.280502466665236
EQ-001,2025-01-02 14:31:00,1,False,0.09708482873431629,7.3321512294893125
EQ-001,2025-01-02 14:33:00,1,False,0.0930558263692709,7.3566280592800855
EQ-001,2025-01-02 14:34:00,1,False,0.08662969485351074,7.392500727493176
EQ-001,2025-01-02 14:35:00,1,False,0.0879579009526007,7.20380255508163
EQ-001,2025-01-02 14:36:00,1,False,0.07284042214583253,7.262699382645533
EQ-001,2025-01-02 14:40:00,1,False,0.09411289678763052,7.374279594914109
EQ-001,2025-01-02 14:41:00,1,False,0.10723968090316477,7.234897069733353
EQ-001,2025-01-02 14:47:00,1,False,0.04974824392900812,7.193733030313249
EQ-001,2025-01-02 14:48:00,1,False,0.06775002530920021,7.263740947937297
EQ-001,2025-01-02 14:49:00,1,False,0.09423250928580795,7.359228689680152
EQ-001,2025-01-02 14:50:00,1,False,0.11004163839653058,7.297940811572679
EQ-001,2025-01-02 14:52:00,1,False,0.09969497209600514,7.325249646253552
EQ-001,2025-01-02 14:58:00,1,False,0.09750867641069977,7.339487346355683
EQ-001,2025-01-02 14:59:00,1,False,0.0869663447607888,7.352675324936796
EQ-001,2025-01-02 15:05:00,1,False,0.10885004331273762,7.318634509668201
EQ-001,2025-01-02 15:06:00,1,False,0.11110850638722658,7.3340530910898165
EQ-001,2025-01-02 15:08:00,1,False,0.08339686248858375,7.272231821556432
EQ-001,2025-01-02 15:14:00,1,False,0.09477844613900716,7.2788726993271915
EQ-001,2025-01-02 15:17:00,1,False,0.10039179158880601,7.263518408830781
EQ-001,2025-01-02 15:19:00,1,False,0.109538927739045,7.265500435830068
EQ-001,2025-01-02 15:23:00,1,False,0.10185777850492272,7.232285233480688
EQ-001,2025-01-02 15:25:00,1,False,0.09064217252571599,7.153093862998134
EQ-001,2025-01-02 15:27:00,1,False,0.01615068512231188,9.013776397704556
EQ-001,2025-01-02 15:28:00,1,False,0.002707996100566934,7.276640880260296
EQ-001,2025-01-02 15:29:00,-1,True,-0.003716473183803748,7.186661720680239
EQ-001,2025-01-02 15:30:00,1,False,0.006610987655607747,7.254493449401252
EQ-001,2025-01-02 15:32:00,1,False,0.07729941592638095,7.3097424151230515
EQ-001,2025-01-02 15:37:00,1,False,0.014402921444311101,7.329625457102902
EQ-001,2025-01-02 15:40:00,1,False,0.09323038230319014,7.196106402248216
EQ-001,2025-01-02 15:44:00,1,False,0.07988970868750012,7.341427937585461
EQ-001,2025-01-02 15:51:00,1,False,0.08921683354247767,7.185843625782982
EQ-001,2025-01-02 15:53:00,1,False,0.06946316876627989,7.11417851243959
EQ-001,2025-01-02 15:57:00,1,False,0.006383068245590984,7.392612104836489
EQ-001,2025-01-02 15:58:00,1,False,0.0717976150034334,7.18383121353077
EQ-001,2025-01-02 16:00:00,1,False,0.03137594548083328,7.133042080613792
EQ-001,2025-01-02 16:09:00,1,False,0.06388403818582905,7.222472323768431
EQ-001,2025-01-02 16:11:00,1,False,0.06071946223275476,7.292074445316859
EQ-001,2025-01-02 16:17:00,-1,True,-0.010031986375072188,7.282249134832719
EQ-001,2025-01-02 16:18:00,1,False,0.07058498266519264,7.1874576073900425
EQ-001,2025-01-02 16:20:00,1,False,0.09604360351270613,7.26258678032577
EQ-001,2025-01-02 16:22:00,1,False,0.06180800229180328,7.184094483551473
EQ-001,2025-01-02 16:26:00,1,False,0.07048673066083044,7.092704997130946
EQ-001,2025-01-02 16:29:00,1,False,0.07069914924540749,7.1705004026773675
EQ-001,2025-01-02 16:30:00,1,False,0.05217033336423599,7.146959275263307
EQ-001,2025-01-02 16:32:00,1,False,0.0609016376478026,7.257789941539045
EQ-001,2025-01-02 16:33:00,1,False,0.05988266751261323,7.145168952864434
EQ-001,2025-01-02 16:39:00,1,False,0.06791174015150386,7.323072328922863
EQ-001,2025-01-02 16:41:00,1,False,0.058602592129187225,7.283642664481015
EQ-001,2025-01-02 16:42:00,1,False,0.07611881705515267,7.187871914663249
EQ-001,2025-01-02 16:43:00,1,False,0.07315191079405925,7.280308523659546
EQ-001,2025-01-02 16:49:00,1,False,0.05855053629576906,7.35384997944857
EQ-001,2025-01-02 16:52:00,1,False,0.05499588163431457,7.192983511784652
EQ-001,2025-01-02 16:59:00,1,False,0.015147311071584901,7.256366670960308
EQ-001,2025-01-02 17:01:00,1,False,0.0541347690032804,7.1618697258094555
EQ-001,2025-01-02 17:05:00,1,False,0.0688619353418281,7.218751240030674
EQ-001,2025-01-02 17:06:00,1,False,0.0514301822465279,7.365079869576133
EQ-001,2025-01-02 17:08:00,1,False,0.06841713396928412,7.318831302095537
EQ-001,2025-01-02 17:09:00,1,False,0.08707773706951771,7.257308978115492
EQ-001,2025-01-02 17:11:00,1,False,0.06896141347881529,7.3329288631795
EQ-001,2025-01-02 17:13:00,1,False,0.07871781354675494,7.458943014376569
EQ-001,2025-01-02 17:14:00,1,False,0.07798898629241313,7.492246383993352
EQ-001,2025-01-02 17:17:00,1,False,0.08755063422300852,7.499859712299724
EQ-001,2025-01-02 17:18:00,1,False,0.09493700118090742,7.551590220104333
EQ-001,2025-01-02 17:19:00,1,False,0.07387779890638363,7.5717066099325185
EQ-001,2025-01-02 17:22:00,1,False,0.08648685965747693,7.470397778212632
EQ-001,2025-01-02 17:23:00,1,False,0.0749217032739618,7.411040500346286
EQ-001,2025-01-02 17:26:00,1,False,0.08836255982970315,7.354707679591375
EQ-001,2025-01-02 17:27:00,1,False,0.09241879561411859,7.38810407613829
EQ-001,2025-01-02 17:31:00,1,False,0.08455583357582808,7.4589311578586015
EQ-001,2025-01-02 17:35:00,1,False,0.10852590425102265,7.362086784702663
EQ-001,2025-01-02 17:38:00,1,False,0.09479339611621473,7.33417680969474
EQ-001,2025-01-02 17:41:00,1,False,0.07952322105253362,7.290317013348794
EQ-001,2025-01-02 17:43:00,1,False,0.08363547090014167,7.3630500613770975
EQ-001,2025-01-02 17:44:00,1,False,0.06038332689625853,7.469284718456748
EQ-001,2025-01-02 17:45:00,1,False,0.10103792446938992,7.339474138223839
EQ-001,2025-01-02 17:49:00,1,False,0.06653930532673125,7.42512956816001
EQ-001,2025-01-02 17:50:00,1,False,0.08408621944058142,7.5022421851526175
EQ-001,2025-01-02 17:54:00,1,False,0.09874448432393534,7.3777661049188
EQ-001,2025-01-02 17:58:00,1,False,0.10621705873612758,7.492731694597813
EQ-001,2025-01-02 18:01:00,1,False,0.11310893664552157,7.451329446077244
EQ-001,2025-01-02 18:02:00,1,False,0.11075695545485464,7.456760330545624
EQ-001,2025-01-02 18:04:00,1,False,0.09536267721019215,7.5008471820723415
EQ-001,2025-01-02 18:05:00,1,False,0.10534965085113734,7.380209176294219
EQ-001,2025-01-02 18:08:00,1,False,0.09776199194414692,7.399555002097489
EQ-001,2025-01-02 18:13:00,1,False,0.10730627444736279,7.387130031574419
EQ-001,2025-01-02 18:16:00,1,False,0.11737848707386656,7.522829830831492
EQ-001,2025-01-02 18:20:00,1,False,0.09701316826002399,7.653013381297508
EQ-001,2025-01-02 18:29:00,1,False,0.08568358504230683,7.612233205056231
EQ-001,2025-01-02 18:31:00,1,False,0.10228567597022492,7.532073168293665
EQ-001,2025-01-02 18:32:00,1,False,0.09149291472769239,7.521763410306298
EQ-001,2025-01-02 18:33:00,1,False,0.10576904323857489,7.631228171122083
EQ-001,2025-01-02 18:35:00,1,False,0.09758014278557747,7.634412878182832
EQ-001,2025-01-02 18:38:00,1,False,0.09748387374163514,7.665977075011217
EQ-001,2025-01-02 18:55:00,1,False,0.0781026903404326,7.667818679583742
EQ-001,2025-01-02 18:56:00,1,False,0.07311818563181549,7.742242034024182
EQ-001,2025-01-02 19:02:00,1,False,0.09784263062073134,7.685031455702648
EQ-001,2025-01-02 19:07:00,1,False,0.11087557405936194,7.668232184461171
EQ-001,2025-01-02 19:10:00,1,False,0.06825220766382167,7.826605659153829
EQ-001,2025-01-02 19:13:00,1,False,0.10718638860549351,7.746932847386236
EQ-001,2025-01-02 19:14:00,1,False,0.08813607864949236,7.7827114763553435
EQ-001,2025-01-02 19:15:00,1,False,0.08466612295085746,7.650753254234127
EQ-001,2025-01-02 19:21:00,1,False,0.07677786294151218,7.761819324889268
EQ-001,2025-01-02 19:27:00,1,False,0.07583631098011195,7.791680097594314
EQ-001,2025-01-02 19:32:00,1,False,0.08887626120894715,7.681644572011099
EQ-001,2025-01-02 19:34:00,1,False,0.0908870406923078,7.68509202036857
EQ-001,2025-01-02 19:37:00,1,False,0.09322629912297231,7.861906967658586
EQ-001,2025-01-02 19:42:00,1,False,0.09383940076171438,7.738827668655935
EQ-001,2025-01-02 19:47:00,1,False,0.0763298728777565,7.831205023873699
EQ-001,2025-01-02 19:49:00,1,False,0.06694759559690627,7.798438100590605
EQ-001,2025-01-02 19:54:00,1,False,0.09224884912679032,7.719995940329459
EQ-001,2025-01-02 19:55:00,1,False,0.07832827465898773,7.604454240705332
EQ-001,2025-01-02 19:58:00,1,False,0.08288153134466991,7.831825338267017
EQ-001,2025-01-02 20:00:00,1,False,0.06658451130661791,7.870077236438524
EQ-001,2025-01-02 20:02:00,1,False,0.061537714236605645,7.756801844197379
EQ-001,2025-01-02 20:05:00,1,False,0.048542228583493996,7.7894343434905045
EQ-001,2025-01-02 20:09:00,1,False,0.08378169584469092,7.76093995505895
EQ-001,2025-01-02 20:16:00,1,False,0.06569619919857755,7.839549450986533
EQ-001,2025-01-02 20:17:00,1,False,0.05926638736875045,7.905273356248297
EQ-001,2025-01-02 20:19:00,1,False,0.05109979371819545,7.693357071853702
EQ-001,2025-01-02 20:22:00,1,False,0.060899691130289035,7.844789866510677
EQ-001,2025-01-02 20:24:00,1,False,0.06917160330527378,7.630452062206379
EQ-001,2025-01-02 20:26:00,1,False,0.04581013363214531,7.763569644621961
EQ-001,2025-01-02 20:28:00,1,False,0.04117760146451166,7.846444568725763
EQ-001,2025-01-02 20:33:00,1,False,0.0920411219314583,7.62762147936416
EQ-001,2025-01-02 20:40:00,1,False,0.07533005226392514,7.696051553512482
EQ-001,2025-01-02 20:41:00,1,False,0.07177643314859222,7.678620949395557
EQ-001,2025-01-02 20:46:00,1,False,0.07921842110195054,7.836795350566099
EQ-001,2025-01-02 20:56:00,1,False,0.06797320538429447,7.808096366788706
EQ-001,2025-01-02 20:58:00,1,False,0.09100233998945118,7.707276675768648
EQ-001,2025-01-02 20:59:00,1,False,0.07706695063715446,7.750677380521327
EQ-001,2025-01-02 21:02:00,1,False,0.09864305419479213,7.780945547599288
EQ-001,2025-01-02 21:04:00,1,False,0.06919516653903984,7.739362604745292
EQ-001,2025-01-02 21:05:00,1,False,0.07821432691543179,7.762859116823734
EQ-001,2025-01-02 21:07:00,1,False,0.0892940311495114,7.779738214974876
EQ-001,2025-01-02 21:10:00,1,False,0.10225682840337819,7.726969839591355
EQ-001,2025-01-02 21:11:00,1,False,0.07869556217951074,7.6495038520953
EQ-001,2025-01-02 21:19:00,1,False,0.0710041328167364,7.654556601039127
EQ-001,2025-01-02 21:22:00,1,False,0.10106491550254909,7.723730461148079
EQ-001,2025-01-02 21:26:00,1,False,0.08177291261519609,7.725579171098962
EQ-001,2025-01-02 21:27:00,1,False,0.07413972617603987,7.687498288020667
EQ-001,2025-01-02 21:33:00,1,False,0.08488374075368577,7.582729670785023
EQ-001,2025-01-02 21:35:00,1,False,0.0780672977264622,7.698241627810553
EQ-001,2025-01-02 21:37:00,1,False,0.1003877781361272,7.663653093072383
EQ-001,2025-01-02 21:40:00,1,False,0.10579835969171725,7.713797654599147
EQ-001,2025-01-02 21:41:00,1,False,0.09238156848139673,7.768378824742302
EQ-001,2025-01-02 21:44:00,1,False,0.08857258228640152,7.537870319355071
EQ-001,2025-01-02 21:46:00,1,False,0.08794242566746091,7.6232887628471175
EQ-001,2025-01-02 21:50:00,1,False,0.09256249888220414,7.616634174986009
EQ-001,2025-01-02 21:51:00,1,False,0.09959090883930694,7.5909287976142785
EQ-001,2025-01-02 22:00:00,1,False,0.09462034264234831,7.642159936654583
EQ-001,2025-01-02 22:03:00,1,False,0.1019291801385585,7.581598751662275
EQ-001,2025-01-02 22:04:00,1,False,0.10987767054173758,7.54997653984442
EQ-001,2025-01-02 22:11:00,1,False,0.10598304094614558,7.5041072986974235
EQ-001,2025-01-02 22:12:00,1,False,0.1145208718842829,7.459158410192812
EQ-001,2025-01-02 22:15:00,1,False,0.09962466121363989,7.520334101101354
EQ-001,2025-01-02 22:19:00,1,False,0.11983360348139016,7.484269445243268
EQ-001,2025-01-02 22:20:00,1,False,0.1099447666815559,7.436536013400345
EQ-001,2025-01-02 22:25:00,1,False,0.09418815066861985,7.396505879152988
EQ-001,2025-01-02 22:26:00,1,False,0.10477853871830078,7.416676803096545
EQ-001,2025-01-02 22:27:00,1,False,0.10529118615039901,7.463379182396028
EQ-001,2025-01-02 22:28:00,1,False,0.10840920318846842,7.414743986771406
EQ-001,2025-01-02 22:31:00,1,False,0.1162378824932031,7.4291883087561255
EQ-001,2025-01-02 22:34:00,1,False,0.12175289442917592,7.49330896777646
EQ-001,2025-01-02 22:43:00,1,False,0.10547032886187091,7.351745610115542
EQ-001,2025-01-02 22:44:00,1,False,0.11218003331892779,7.4087662783901305
EQ-001,2025-01-02 22:46:00,1,False,0.11708300830743046,7.422042169547024
EQ-001,2025-01-02 22:47:00,1,False,0.12060108950292503,7.366908860190024
EQ-001,2025-01-02 22:49:00,1,False,0.10549812546707948,7.414247595179034
EQ-001,2025-01-02 22:51:00,1,False,0.09521637636591673,7.44008530337006
EQ-001,2025-01-02 22:52:00,1,False,0.10418201220728956,7.318380257273669
EQ-001,2025-01-02 22:54:00,1,False,0.11583143781532601,7.3240248547742235
EQ-001,2025-01-02 22:55:00,1,False,0.11065071120837316,7.289309361130904
EQ-001,2025-01-02 22:58:00,1,False,0.09815611144714192,7.395511570467845
EQ-001,2025-01-02 23:02:00,1,False,0.10799905092671491,7.433859946565499
EQ-001,2025-01-02 23:09:00,1,False,0.08914816795611358,7.408322134941475
EQ-001,2025-01-02 23:12:00,1,False,0.11901419444885858,7.3885628869846105
EQ-001,2025-01-02 23:18:00,1,False,0.10649542076139684,7.271200963673982
EQ-001,2025-01-02 23:28:00,1,False,0.10491197516821565,7.269611658151588
EQ-001,2025-01-02 23:30:00,1,False,0.09432829692050737,7.2167587514295235
EQ-001,2025-01-02 23:32:00,1,False,0.08104447228194556,7.100240335299697
EQ-001,2025-01-02 23:33:00,1,False,0.0744038784944826,7.410189512913189
EQ-001,2025-01-02 23:35:00,1,False,0.08801501905549558,7.287829674211192
EQ-001,2025-01-02 23:40:00,1,False,0.0829333518999874,7.169315534780301
EQ-001,2025-01-02 23:44:00,1,False,0.10225589890772746,7.356909060670084
EQ-001,2025-01-02 23:45:00,1,False,0.0785180079362855,7.268444521423322
EQ-001,2025-01-02 23:46:00,1,False,0.10591266680648231,7.198535638623926
EQ-001,2025-01-02 23:47:00,1,False,0.10390540949779292,7.247939877452379
EQ-001,2025-01-02 23:49:00,1,False,0.0903866308522357,7.242340229920396
EQ-001,2025-01-02 23:50:00,1,False,0.09495441599768972,7.269782406124177
EQ-001,2025-01-02 23:53:00,1,False,0.0722077604043328,7.062345039260918
EQ-001,2025-01-03 00:00:00,1,False,0.07791927336511106,7.31208254603782
EQ-001,2025-01-03 00:01:00,1,False,0.08709328844668252,7.298106093192591
EQ-001,2025-01-03 00:03:00,1,False,0.07033578744455493,7.20854948147081
EQ-001,2025-01-03 00:05:00,1,False,0.10606927610715755,7.302219460522553
EQ-001,2025-01-03 00:07:00,1,False,0.050640025547490974,7.095112027929756
EQ-001,2025-01-03 00:08:00,1,False,0.0913405941804854,7.376456359938704
EQ-001,2025-01-03 00:09:00,1,False,0.07952547879277222,7.1886466953347075
EQ-001,2025-01-03 00:10:00,1,False,0.0511666464544549,7.057086711370714
EQ-001,2025-01-03 00:14:00,1,False,0.07339947253380003,7.488624440860234
EQ-001,2025-01-03 00:19:00,1,False,0.04456214646193102,7.299208132493094
EQ-001,2025-01-03 00:28:00,1,False,0.08037590708613424,7.218346774186802
EQ-001,2025-01-03 00:30:00,1,False,0.06677363268666264,7.363200103915279
EQ-001,2025-01-03 00:31:00,1,False,0.0801510297917406,7.199236137865419
EQ-001,2025-01-03 00:33:00,1,False,0.05566034488278454,7.143737082787031
EQ-001,2025-01-03 00:40:00,1,False,0.04795567880332774,7.156479194438608
EQ-001,2025-01-03 00:42:00,1,False,0.06129434391876487,7.191269374817549
EQ-001,2025-01-03 00:45:00,1,False,0.06285765976761354,7.31311858907156
EQ-001,2025-01-03 00:47:00,1,False,0.06629459453787012,7.197084716051069
EQ-001,2025-01-03 00:48:00,1,False,0.06464819661521598,7.380446848008205
EQ-001,2025-01-03 00:50:00,1,False,0.051233430348647246,7.258939096469147
EQ-001,2025-01-03 00:52:00,1,False,0.0707695488899544,7.320487867284247
EQ-001,2025-01-03 00:55:00,1,False,0.08868731876557856,7.273673282083074
EQ-001,2025-01-03 00:59:00,1,False,0.055804407614147955,7.357880189248709
EQ-001,2025-01-03 01:03:00,1,False,0.09078763619088415,7.377809160912436
EQ-001,2025-01-03 01:05:00,1,False,0.09099511042078356,7.385073023670146
EQ-001,2025-01-03 01:10:00,1,False,0.07860997904741496,7.336839981115189
EQ-001,2025-01-03 01:14:00,1,False,0.09006803699266391,7.430153097953414
EQ-001,2025-01-03 01:16:00,1,False,0.06909789946027689,7.3814057563956625
EQ-001,2025-01-03 01:23:00,1,False,0.07200295501145337,7.279578115241145
EQ-001,2025-01-03 01:26:00,1,False,0.06807792164925075,7.284711489618787
EQ-001,2025-01-03 01:27:00,1,False,0.07379149678292496,7.235061920430719
EQ-001,2025-01-03 01:31:00,1,False,0.086296764848106,7.241774074306465
EQ-001,2025-01-03 01:34:00,1,False,0.07753472002779027,7.493855035505712
EQ-001,2025-01-03 01:38:00,1,False,0.09037178587407158,7.303315066359846
EQ-001,2025-01-03 01:41:00,1,False,0.0547428809017233,7.497140018664659
EQ-001,2025-01-03 01:52:00,1,False,0.07564069904279769,7.416693372638758
EQ-001,2025-01-03 01:56:00,1,False,0.08832245689015611,7.288228528126036
EQ-001,2025-01-03 02:12:00,1,False,0.06713791821611786,7.51524006920738
EQ-001,2025-01-03 02:17:00,1,False,0.09180348050125275,7.492343979225683
EQ-001,2025-01-03 02:21:00,1,False,0.09883989497929974,7.477993182899254
EQ-001,2025-01-03 02:23:00,1,False,0.09849820602821752,7.50875617360375
EQ-001,2025-01-03 02:26:00,1,False,0.08558615659491514,7.54148775998216
EQ-001,2025-01-03 02:28:00,1,False,0.08821289254593934,7.437714984454758
EQ-001,2025-01-03 02:31:00,1,False,0.0984389157536954,7.5604775319012
EQ-001,2025-01-03 02:33:00,1,False,0.09427646247831922,7.47275789059265
EQ-001,2025-01-03 02:34:00,1,False,0.08225136537387284,7.525244035581798
EQ-001,2025-01-03 02:37:00,1,False,0.10029712165342614,7.641038246045469
EQ-001,2025-01-03 02:38:00,1,False,0.10237495753473003,7.547474406234062
EQ-001,2025-01-03 02:39:00,1,False,0.0811344765445971,7.665766263352285
EQ-001,2025-01-03 02:41:00,1,False,0.07237031758014018,7.455211587946302
EQ-001,2025-01-03 02:42:00,1,False,0.09369090483065101,7.6946007574855
EQ-001,2025-01-03 02:44:00,1,False,0.08578265577930438,7.626933056771649
EQ-001,2025-01-03 02:48:00,1,False,0.09177238769972634,7.553516647442279
EQ-001,2025-01-03 02:51:00,1,False,0.10906031853413523,7.678797741249731
EQ-001,2025-01-03 02:57:00,1,False,0.0966546066360961,7.66463273241813
EQ-001,2025-01-03 02:59:00,1,False,0.09677953707377213,7.852835513237776
EQ-001,2025-01-03 03:00:00,1,False,0.10151192641478857,7.795834542576533
EQ-001,2025-01-03 03:01:00,1,False,0.056059589571840596,7.684415433589845
EQ-001,2025-01-03 03:03:00,1,False,0.09105711599399124,7.694130027576893
EQ-001,2025-01-03 03:08:00,1,False,0.09117013411841418,7.615655330248337
EQ-001,2025-01-03 03:09:00,1,False,0.0769395424816649,7.564079049892414
EQ-001,2025-01-03 03:12:00,1,False,0.07367062612372605,7.565621479297234
EQ-001,2025-01-03 03:16:00,1,False,0.11657672375778233,7.62238893994348
EQ-001,2025-01-03 03:18:00,1,False,0.09813739856828002,7.680603869860156
EQ-001,2025-01-03 03:22:00,1,False,0.09958578171825533,7.70043883651961
EQ-001,2025-01-03 03:23:00,1,False,0.09495034198495855,7.693021737173049
EQ-001,2025-01-03 03:26:00,1,False,0.08352943734467488,7.811306527741458
EQ-001,2025-01-03 03:27:00,1,False,0.09869200086628604,7.599567473731138
EQ-001,2025-01-03 03:28:00,1,False,0.11250317434185259,7.671325353482313
EQ-001,2025-01-03 03:33:00,1,False,0.0938445165339884,7.82474184263743
EQ-001,2025-01-03 03:36:00,1,False,0.021975009211685215,9.144893686933344
EQ-001,2025-01-03 03:37:00,1,False,0.016043117527433814,7.805794745860009
EQ-001,2025-01-03 03:38:00,1,False,0.019088503585382055,7.746373350320849
EQ-001,2025-01-03 03:39:00,1,False,0.051572447166790325,7.688487391114204
EQ-001,2025-01-03 03:41:00,1,False,0.0957836628247885,7.842496942450161
EQ-001,2025-01-03 03:42:00,1,False,0.003011978934112425,7.623363214227474
EQ-001,2025-01-03 03:45:00,1,False,0.09322459310394554,7.753888399986693
EQ-001,2025-01-03 03:49:00,1,False,0.09722797194573585,7.760830027893219
EQ-001,2025-01-03 03:52:00,1,False,0.1126319147032584,7.784285444742119
EQ-001,2025-01-03 03:58:00,1,False,0.10292655971513243,7.657350240008117
EQ-001,2025-01-03 04:13:00,1,False,0.020724596824899244,7.840210505334317
EQ-001,2025-01-03 04:15:00,1,False,0.09240002004245745,7.893020323961767
EQ-001,2025-01-03 04:29:00,1,False,0.07749305399721351,7.880879642965481
EQ-001,2025-01-03 04:31:00,1,False,0.07688085836605013,7.822439813239368
EQ-001,2025-01-03 04:32:00,1,False,0.07111122709918061,7.776137259438982
EQ-001,2025-01-03 04:34:00,-1,True,-0.014768288962500709,7.861160085136216
EQ-001,2025-01-03 04:40:00,1,False,0.0950072990182887,7.742404555565125
EQ-001,2025-01-03 04:42:00,1,False,0.10108799661783502,7.743579533731147
EQ-001,2025-01-03 04:43:00,1,False,0.0909421167179964,7.949422723544728
EQ-001,2025-01-03 04:44:00,1,False,0.07784784298638875,7.6735578907766815
EQ-001,2025-01-03 04:47:00,1,False,0.07026952128708408,7.913923438970241
EQ-001,2025-01-03 04:57:00,1,False,0.08271919971542357,7.716346699092361
EQ-001,2025-01-03 04:58:00,1,False,0.08122082697291794,7.6343514799362815
EQ-001,2025-01-03 04:59:00,1,False,0.0781221830635685,7.770131560319561
EQ-001,2025-01-03 05:00:00,1,False,0.10289705340967426,7.741257152423694
EQ-001,2025-01-03 05:01:00,1,False,0.0914983197344662,7.757832245495914
EQ-001,2025-01-03 05:03:00,1,False,0.0886307744463829,7.777422842529087
EQ-001,2025-01-03 05:08:00,1,False,0.10113959297134562,7.740877021374346
EQ-001,2025-01-03 05:10:00,1,False,0.0858197412221583,7.621973550920728
EQ-001,2025-01-03 05:13:00,1,False,0.0910443840327565,7.718411020361571
EQ-001,2025-01-03 05:15:00,1,False,0.021865432038250976,7.681302630183304
EQ-001,2025-01-03 05:16:00,1,False,0.09112950142287396,7.62203919040958
EQ-001,2025-01-03 05:19:00,1,False,0.08912916774039908,7.8668797501000975
EQ-001,2025-01-03 05:23:00,1,False,0.06488045103621481,7.598679080150935
EQ-001,2025-01-03 05:24:00,1,False,0.06459838368728033,7.658934581901047
EQ-001,2025-01-03 05:29:00,1,False,0.08175126953745815,7.728625012349916
EQ-001,2025-01-03 05:31:00,1,False,0.11454320480886554,7.576868277154011
EQ-001,2025-01-03 05:35:00,1,False,0.09252807065750501,7.624232262650989
EQ-001,2025-01-03 05:36:00,1,False,0.10379333587677853,7.707377862930473
EQ-001,2025-01-03 05:41:00,1,False,0.08742098721678876,7.748879959377617
EQ-001,2025-01-03 05:51:00,1,False,0.08350660338939381,7.723544542574245
EQ-001,2025-01-03 05:53:00,1,False,0.07565807846613615,7.615551312854539
EQ-001,2025-01-03 05:59:00,1,False,0.07828383686393109,7.565101773762978
EQ-001,2025-01-03 06:00:00,1,False,0.07563358792433361,7.573053981130659
EQ-001,2025-01-03 06:01:00,1,False,0.07345191778977445,7.653856047627064
EQ-001,2025-01-03 06:07:00,1,False,0.09076390755209301,7.7268081259330055
EQ-001,2025-01-03 06:08:00,1,False,0.09771816821935497,7.608517409292676
EQ-001,2025-01-03 06:12:00,1,False,0.025338639280036712,8.81873295079007
EQ-001,2025-01-03 06:14:00,1,False,0.005585516967415938,7.583459166069953
EQ-001,2025-01-03 06:15:00,1,False,0.016358987989030183,7.459840469507201
EQ-001,2025-01-03 06:16:00,1,False,0.007966089282914646,7.516539591071237
EQ-001,2025-01-03 06:17:00,1,False,0.10191294163724252,7.552620624839668
EQ-001,2025-01-03 06:28:00,1,False,0.02751811470009774,7.509451381780086
EQ-001,2025-01-03 06:30:00,1,False,0.08421484373255067,7.5331134855763215
EQ-001,2025-01-03 06:34:00,1,False,0.08458531480466275,7.528212761728602
EQ-001,2025-01-03 06:36:00,1,False,0.10196624004854316,7.384200087265176
EQ-001,2025-01-03 06:37:00,1,False,0.06649155354792019,7.419711603719247
EQ-001,2025-01-03 06:40:00,1,False,0.02755874463084307,7.324951870887947
EQ-001,2025-01-03 06:43:00,1,False,0.09622975335709333,7.3979251506964765
EQ-001,2025-01-03 06:46:00,1,False,0.06624158945750924,7.398450288126476
EQ-001,2025-01-03 06:47:00,1,False,0.10641540954241735,7.308162051554635
EQ-001,2025-01-03 06:48:00,1,False,0.10730489304177815,7.456879720735335
EQ-001,2025-01-03 06:49:00,-1,True,-0.0010937291067558697,7.463024581069979
EQ-001,2025-01-03 06:52:00,1,False,0.07569623640717416,7.420805322641412
EQ-001,2025-01-03 06:53:00,1,False,0.08172859446301778,7.320864838147822
EQ-001,2025-01-03 06:54:00,1,False,0.08922585236393726,7.325931958301844
EQ-001,2025-01-03 06:56:00,1,False,0.10116795856244015,7.441044634125656
EQ-001,2025-01-03 07:01:00,1,False,0.09672316498911776,7.3957188360112704
EQ-001,2025-01-03 07:03:00,1,False,0.11110423982863926,7.333017519302057
EQ-001,2025-01-03 07:04:00,1,False,0.08366988665854486,7.412905502423212
EQ-001,2025-01-03 07:05:00,1,False,0.09056989995231984,7.283401460229714
EQ-001,2025-01-03 07:06:00,1,False,0.09180013269106013,7.257929074343213
EQ-001,2025-01-03 07:07:00,1,False,0.08872804871603496,7.44770619178641
EQ-001,2025-01-03 07:08:00,1,False,0.1035769506214666,7.232134276934071
EQ-001,2025-01-03 07:13:00,1,False,0.0910341543012046,7.346024986264715
EQ-001,2025-01-03 07:18:00,1,False,0.09990433668771226,7.257447167791583
EQ-001,2025-01-03 07:19:00,1,False,0.08837340526431775,7.2785035908407085
EQ-001,2025-01-03 07:20:00,1,False,0.04879494108111876,7.315223351827859
EQ-001,2025-01-03 07:21:00,1,False,0.07392939388643655,7.2560597605694
EQ-001,2025-01-03 07:26:00,1,False,0.11967459802363667,7.282919902193929
EQ-001,2025-01-03 07:27:00,1,False,0.08809934696766175,7.1995200479526895
EQ-001,2025-01-03 07:32:00,1,False,0.0883388050673643,7.226561159626661
EQ-001,2025-01-03 07:34:00,1,False,0.09658665668368527,7.371584849327886
EQ-001,2025-01-03 07:35:00,1,False,0.10036403028186147,7.335327298361399
EQ-001,2025-01-03 07:37:00,1,False,0.1087552004831201,7.344365354367427
EQ-001,2025-01-03 07:41:00,1,False,0.10583251938052435,7.249806781533036
EQ-001,2025-01-03 07:42:00,1,False,0.08256997937439048,7.187314096345331
EQ-001,2025-01-03 07:47:00,1,False,0.10403235089735802,7.271712950356576
EQ-001,2025-01-03 07:48:00,1,False,0.09618505834590757,7.264187231880831
EQ-001,2025-01-03 07:50:00,1,False,0.10038522464408556,7.163377866925959
EQ-001,2025-01-03 07:52:00,1,False,0.10834397634020793,7.272708288881372
EQ-001,2025-01-03 07:56:00,1,False,0.10161066814494879,7.251046781836099
EQ-001,2025-01-03 07:58:00,1,False,0.101763691415164,7.149244262312447
EQ-001,2025-01-03 08:02:00,1,False,0.09308154716525957,7.155676612596329
EQ-001,2025-01-03 08:04:00,1,False,0.08348931257047187,7.198846125284579
EQ-001,2025-01-03 08:07:00,1,False,0.06878681709322115,7.110478154350924
EQ-001,2025-01-03 08:09:00,1,False,0.08088861854830004,7.16192132193973
EQ-001,2025-01-03 08:11:00,1,False,0.0755993404888613,7.199676555222337
EQ-001,2025-01-03 08:12:00,1,False,0.07983521758161005,7.208084610842726
EQ-001,2025-01-03 08:25:00,1,False,0.0711876036027202,7.215570378855308
EQ-001,2025-01-03 08:28:00,1,False,0.10352885422707653,7.267070350258475
EQ-001,2025-01-03 08:30:00,1,False,0.10386781725939875,7.216049643679822
EQ-001,2025-01-03 08:33:00,1,False,0.09049692064788406,7.209725724762638
EQ-001,2025-01-03 08:38:00,1,False,0.09783329375151995,7.36522841681909
EQ-001,2025-01-03 08:42:00,1,False,0.10036412708067188,7.297444198940292
EQ-001,2025-01-03 08:50:00,1,False,0.0914240622275232,7.265758054895095
EQ-001,2025-01-03 08:52:00,1,False,0.10785412764779867,7.316801639648616
EQ-001,2025-01-03 08:53:00,1,False,0.1061466694843301,7.292935384159074
EQ-001,2025-01-03 08:58:00,1,False,0.0975733358361815,7.28858829149717
EQ-001,2025-01-03 08:59:00,1,False,0.09965157361663868,7.389244158795066
EQ-001,2025-01-03 09:09:00,1,False,0.09189403360920595,7.204131434928355
EQ-001,2025-01-03 09:10:00,1,False,0.09523771376127005,7.214878913601328
EQ-001,2025-01-03 09:12:00,1,False,0.09027725102693979,7.372617538730248
EQ-001,2025-01-03 09:14:00,1,False,0.09576136059617346,7.493109152625685
EQ-001,2025-01-03 09:16:00,1,False,0.09519786085612075,7.3246587306276645
EQ-001,2025-01-03 09:21:00,1,False,0.10181645875182577,7.2060634413607545
EQ-001,2025-01-03 09:23:00,1,False,0.07283001913866738,7.154158217078585
EQ-001,2025-01-03 09:26:00,1,False,0.0816073190151167,7.208405227336378
EQ-001,2025-01-03 09:31:00,1,False,0.08538807004752924,7.222250392413411
EQ-001,2025-01-03 09:37:00,1,False,0.06408081960126483,7.342319476768791
EQ-001,2025-01-03 09:43:00,1,False,0.07264143934262018,7.36701897628983
EQ-001,2025-01-03 09:47:00,1,False,0.08124608835794117,7.300214452161304
EQ-001,2025-01-03 09:50:00,1,False,0.09753006323469937,7.394494595477074
EQ-001,2025-01-03 09:54:00,1,False,0.07650160238203979,7.407699705794631
EQ-001,2025-01-03 09:55:00,1,False,0.09286550899467755,7.273995817644208
EQ-001,2025-01-03 10:01:00,1,False,0.05723138836886982,7.39618386826411
EQ-001,2025-01-03 10:03:00,1,False,0.058164363308561895,7.258229455217926
EQ-001,2025-01-03 10:05:00,1,False,0.06948770386376096,7.327665611077092
EQ-001,2025-01-03 10:10:00,1,False,0.07296120163684944,7.507642677541531
EQ-001,2025-01-03 10:16:00,1,False,0.07574517132011416,7.480144325284391
EQ-001,2025-01-03 10:18:00,1,False,0.09832354994541292,7.47226799364192
EQ-001,2025-01-03 10:20:00,1,False,0.07700532392467696,7.238728117998652
EQ-001,2025-01-03 10:22:00,1,False,0.08832417269929782,7.499181126121055
EQ-001,2025-01-03 10:23:00,1,False,0.07985934269860645,7.505883119253399
EQ-001,2025-01-03 10:24:00,1,False,0.061891302419753214,7.454731727744925
EQ-001,2025-01-03 10:28:00,1,False,0.09229214460364943,7.439139182273184
EQ-001,2025-01-03 10:32:00,1,False,0.07881126286879936,7.482561480255296
EQ-001,2025-01-03 10:33:00,1,False,0.08815880014244509,7.462078198062005
EQ-001,2025-01-03 10:34:00,1,False,0.10109050273194531,7.526244274023187
EQ-001,2025-01-03 10:36:00,1,False,0.08734996058863392,7.576094925608464
EQ-001,2025-01-03 10:41:00,1,False,0.08021075652627474,7.667799946210209
EQ-001,2025-01-03 10:43:00,1,False,0.0549305269086417,7.587765340944746
EQ-001,2025-01-03 10:44:00,1,False,0.08217227591547371,7.494729933814992
EQ-001,2025-01-03 10:45:00,1,False,0.10579121347643788,7.487602723209756
EQ-001,2025-01-03 10:46:00,1,False,0.08622376768930934,7.558016670806512
EQ-001,2025-01-03 10:47:00,1,False,0.06468396578148011,7.540271933788011
EQ-001,2025-01-03 10:48:00,1,False,0.07337739544497734,7.54881942124235
EQ-001,2025-01-03 10:49:00,1,False,0.08282337834048203,7.588947940916454
EQ-001,2025-01-03 10:51:00,1,False,0.07520305818362494,7.6134394263923335
EQ-001,2025-01-03 10:52:00,1,False,0.10476829053428777,7.5998236655741405
EQ-001,2025-01-03 10:54:00,1,False,0.07994098722903387,7.647442811258596
EQ-001,2025-01-03 10:55:00,1,False,0.08277168041597321,7.6214714533665235
EQ-001,2025-01-03 10:56:00,1,False,0.09558745171250527,7.6648339830793395
EQ-001,2025-01-03 10:57:00,1,False,0.0804860705000876,7.646395890440297
EQ-001,2025-01-03 11:02:00,1,False,0.0744729075227753,7.4874260307789715
EQ-001,2025-01-03 11:04:00,1,False,0.05935833581550243,7.475891970950552
EQ-001,2025-01-03 11:08:00,1,False,0.06369092540631577,7.431500088464134
EQ-001,2025-01-03 11:18:00,1,False,0.06450169708535913,7.5991811910136935
EQ-001,2025-01-03 11:20:00,1,False,0.07295183002359851,7.641497198941807
EQ-001,2025-01-03 11:21:00,1,False,0.05847277580609217,7.619459358644044
EQ-001,2025-01-03 11:25:00,1,False,0.07511192522147392,7.64446065372908
EQ-001,2025-01-03 11:27:00,1,False,0.05890420780861161,7.701550167346921
EQ-001,2025-01-03 11:29:00,1,False,0.07198631586748189,7.783831122693766
EQ-001,2025-01-03 11:33:00,1,False,0.0544020785167868,7.805940366247434
EQ-001,2025-01-03 11:39:00,1,False,0.07267198003558167,7.748757689528337
EQ-001,2025-01-03 11:42:00,1,False,0.05299758488245809,8.037616790287949
EQ-001,2025-01-03 11:43:00,-1,True,-0.022107983682424837,9.230249782318264
EQ-001,2025-01-03 11:45:00,-1,True,-0.0042855178744009015,7.760447728567917
EQ-001,2025-01-03 11:50:00,-1,True,-0.002621226034900892,7.708572659549893
EQ-001,2025-01-03 11:51:00,-1,True,-0.011481608977433555,7.835829098384848
EQ-001,2025-01-03 11:54:00,1,False,0.06516327443959186,7.608427059875307
EQ-001,2025-01-03 11:55:00,-1,True,-0.00966945506362571,7.805680511043038
EQ-001,2025-01-03 11:58:00,1,False,0.07738820153700998,7.786829818849371
EQ-001,2025-01-03 12:02:00,1,False,0.07274460506865654,7.825987815293553
EQ-001,2025-01-03 12:05:00,1,False,0.06745851796202201,7.828151179000356
EQ-001,2025-01-03 12:06:00,1,False,0.026371934428592814,7.932423611913862
EQ-001,2025-01-03 12:13:00,-1,True,-0.006473625645098013,7.765816760236093
EQ-001,2025-01-03 12:16:00,1,False,0.05503633099506372,7.820949486846547
EQ-001,2025-01-03 12:19:00,1,False,0.04852246154487899,7.795245337006598
EQ-001,2025-01-03 12:21:00,1,False,0.07455833360209646,7.76778498343966
EQ-001,2025-01-03 12:22:00,1,False,0.05448014107839849,7.827030128089802
EQ-001,2025-01-03 12:27:00,-1,True,-0.02613541791267815,7.948223742946882
EQ-001,2025-01-03 12:32:00,1,False,0.0769688281548288,7.690659905079273
EQ-001,2025-01-03 12:38:00,1,False,0.056810488771750656,7.864083108293825
EQ-001,2025-01-03 12:50:00,1,False,0.05412705483897101,7.779622718151674
EQ-001,2025-01-03 12:51:00,1,False,0.03591529698024343,7.931013105009896
EQ-001,2025-01-03 13:07:00,1,False,0.05265137546103765,7.874631721360715
EQ-001,2025-01-03 13:09:00,1,False,0.06684026862394982,7.815672642881189
EQ-001,2025-01-03 13:10:00,1,False,0.059805602688005166,7.778345749273723
EQ-001,2025-01-03 13:11:00,1,False,0.0788076847680858,7.758638634315603
EQ-001,2025-01-03 13:13:00,1,False,0.06986011255266183,7.672455099044328
EQ-001,2025-01-03 13:21:00,1,False,0.0679413619159811,7.869282188784891
EQ-001,2025-01-03 13:22:00,1,False,0.07667725875752879,7.853270068669826
EQ-001,2025-01-03 13:25:00,1,False,0.06956136337983487,7.718216162789885
EQ-001,2025-01-03 13:26:00,1,False,0.08362921230445908,7.661944302463491
EQ-001,2025-01-03 13:29:00,1,False,0.0733533203201096,7.759832206131801
EQ-001,2025-01-03 13:32:00,1,False,0.008811004743431217,7.808395377964599
EQ-001,2025-01-03 13:33:00,1,False,0.09470803040188397,7.958814560432825
EQ-001,2025-01-03 13:36:00,1,False,0.09862667018418952,7.7286189926007
EQ-001,2025-01-03 13:38:00,1,False,0.09280387192688855,7.884646804769107
EQ-001,2025-01-03 13:40:00,1,False,0.06342726134774701,7.64143521951256
EQ-001,2025-01-03 13:41:00,1,False,0.07037374585809486,7.752800714418371
EQ-001,2025-01-03 13:42:00,1,False,0.058507750357363,7.725988568133625
EQ-001,2025-01-03 13:46:00,1,False,0.09769438395577318,7.811739030308001
EQ-001,2025-01-03 13:53:00,1,False,0.08756443942093523,7.767791929714401
EQ-001,2025-01-03 13:55:00,1,False,0.07912892527953347,7.745604392490371
EQ-001,2025-01-03 13:57:00,1,False,0.10360702257896409,7.626803044050177
EQ-001,2025-01-03 13:59:00,1,False,0.1059927492879994,7.72999718046995
EQ-001,2025-01-03 14:04:00,1,False,0.11108433349120445,7.690036861747268
EQ-001,2025-01-03 14:06:00,1,False,0.11050111398625218,7.681173432377648
EQ-001,2025-01-03 14:14:00,1,False,0.10910571943317438,7.4913531854062345
EQ-001,2025-01-03 14:15:00,1,False,0.09711439489332863,7.622102386695683
EQ-001,2025-01-03 14:20:00,1,False,0.10566989014760497,7.502879534794852
EQ-001,2025-01-03 14:21:00,1,False,0.1035742718400417,7.665472465922588
EQ-001,2025-01-03 14:24:00,1,False,0.07215279761762206,7.5245896677524176
EQ-001,2025-01-03 14:33:00,1,False,0.10204511495379631,7.6120109163084635
EQ-001,2025-01-03 14:34:00,1,False,0.11502972433334346,7.638730487254935
EQ-001,2025-01-03 14:35:00,1,False,0.10979148920280729,7.669674816595185
EQ-001,2025-01-03 14:38:00,1,False,0.11603651788040953,7.599299320068216
EQ-001,2025-01-03 14:40:00,1,False,0.10961863460026788,7.566037878737916
EQ-001,2025-01-03 14:51:00,1,False,0.12020718482559822,7.6495685946408525
EQ-001,2025-01-03 14:53:00,1,False,0.10981162368762137,7.538853355261345
EQ-001,2025-01-03 14:55:00,1,False,0.10984529551540123,7.487242309768375
EQ-001,2025-01-03 15:00:00,1,False,0.12392913320959192,7.51681572440646
EQ-001,2025-01-03 15:01:00,1,False,0.11353024619984237,7.584902172569653
EQ-001,2025-01-03 15:02:00,1,False,0.11315796722418903,7.464237306613032
EQ-001,2025-01-03 15:06:00,1,False,0.0925129784268256,7.439251631194501
EQ-001,2025-01-03 15:07:00,1,False,0.10771542854207161,7.408681407450005
EQ-001,2025-01-03 15:09:00,1,False,0.12137624209668774,7.420821904195913
EQ-001,2025-01-03 15:10:00,1,False,0.09492513282471449,7.4920780432719996
EQ-001,2025-01-03 15:11:00,1,False,0.11028100072618957,7.497986030054538
EQ-001,2025-01-03 15:12:00,1,False,0.05561812223169216,8.551664040118943
EQ-001,2025-01-03 15:15:00,1,False,0.033544183187113774,7.490197708862909
EQ-001,2025-01-03 15:17:00,1,False,0.049238695757461315,7.357467988721433
EQ-001,2025-01-03 15:18:00,1,False,0.06189495687652713,7.706320742757836
EQ-001,2025-01-03 15:19:00,1,False,0.08287615072259841,7.3598747716480295
EQ-001,2025-01-03 15:23:00,1,False,0.03955630202019883,7.427408260171826
EQ-001,2025-01-03 15:24:00,1,False,0.1095544796336625,7.5858032130897435
EQ-001,2025-01-03 15:26:00,1,False,0.11401122207809716,7.400306784533366
EQ-001,2025-01-03 15:27:00,1,False,0.035003896140219204,9.425950474747255
EQ-001,2025-01-03 15:30:00,1,False,0.009498374524061326,7.540423538826697
EQ-001,2025-01-03 15:35:00,-1,True,-0.020825272385558535,7.34339087044272
EQ-001,2025-01-03 15:40:00,1,False,0.014668668083162362,7.47687276485498
EQ-001,2025-01-03 15:41:00,1,False,0.09078297958033876,7.422602960647935
EQ-001,2025-01-03 15:43:00,1,False,0.011146991272425577,7.316046173478339
EQ-001,2025-01-03 15:49:00,1,False,0.0929932481851048,7.149497523829126
EQ-001,2025-01-03 15:51:00,1,False,0.019657305242239076,7.324664278644121
EQ-001,2025-01-03 15:54:00,1,False,0.08468184718930066,7.257755303090397
EQ-001,2025-01-03 15:56:00,1,False,0.091585423871345,7.256635755212444
EQ-001,2025-01-03 16:03:00,-1,True,-0.005595845179815484,7.212089559388438
EQ-001,2025-01-03 16:09:00,1,False,0.07846661474121569,7.178254790596858
EQ-001,2025-01-03 16:11:00,1,False,0.08939699972050441,7.160866845527161
EQ-001,2025-01-03 16:12:00,1,False,0.07423232017369341,7.218866074484749
EQ-001,2025-01-03 16:17:00,1,False,0.07527723994863272,7.199390449534455
EQ-001,2025-01-03 16:18:00,-1,True,-0.02304901932548231,7.072402665424819
EQ-001,2025-01-03 16:22:00,1,False,0.045491597724127086,7.228232624215562
EQ-001,2025-01-03 16:28:00,1,False,0.06403247740183993,7.330056310368763
EQ-001,2025-01-03 16:30:00,1,False,0.061534323971974225,7.19127559137632
EQ-001,2025-01-03 16:31:00,1,False,0.08783690026055058,7.18875199363284
EQ-001,2025-01-03 16:37:00,1,False,0.07179661917114821,7.228862806016193
EQ-001,2025-01-03 16:38:00,1,False,0.07785026491529373,7.246450466601272
EQ-001,2025-01-03 16:39:00,1,False,0.026041087757101067,7.190502554819698
EQ-001,2025-01-03 16:41:00,1,False,0.08731871493200033,7.2595999868562275
EQ-001,2025-01-03 16:44:00,1,False,0.08641113524218763,7.31055373137146
EQ-001,2025-01-03 16:46:00,1,False,0.06455654569059455,7.2358573026002775
EQ-001,2025-01-03 16:47:00,1,False,0.09827680015551793,7.477609127019806
EQ-001,2025-01-03 16:48:00,1,False,0.0845218344623071,7.274765584473397
EQ-001,2025-01-03 16:53:00,1,False,0.06588145638372972,7.146546170083869
EQ-001,2025-01-03 16:57:00,1,False,0.09194505984353529,7.301530795243622
EQ-001,2025-01-03 16:58:00,-1,True,-0.016599511741844042,7.155351821439965
EQ-001,2025-01-03 17:03:00,1,False,0.06322121776693967,7.146144944898307
EQ-001,2025-01-03 17:08:00,1,False,0.06179008205942216,7.160417978454843
EQ-001,2025-01-03 17:10:00,1,False,0.03834578950346146,7.162833954932273
EQ-001,2025-01-03 17:12:00,1,False,0.057154782259589976,7.346622367964743
EQ-001,2025-01-03 17:15:00,1,False,0.045958752936893665,7.263987237359218
EQ-001,2025-01-03 17:16:00,1,False,0.07054314009037121,7.293727900849693
EQ-001,2025-01-03 17:18:00,1,False,0.07145426760500923,7.378876988433237
EQ-001,2025-01-03 17:27:00,1,False,0.07575678968841226,7.318786555716462
EQ-001,2025-01-03 17:31:00,1,False,0.08655873673836822,7.290935496419141
EQ-001,2025-01-03 17:34:00,1,False,0.07163035612788282,7.297850186833488
EQ-001,2025-01-03 17:41:00,1,False,0.07092194162129828,7.314020671477136
EQ-001,2025-01-03 17:44:00,1,False,0.0729819468265559,7.319507102396523
EQ-001,2025-01-03 17:46:00,1,False,0.0801451485224412,7.3176630360170245
EQ-001,2025-01-03 17:49:00,1,False,0.067245630258841,7.149505461879901
EQ-001,2025-01-03 17:51:00,1,False,0.05142490211042511,7.408004927270033
EQ-001,2025-01-03 17:58:00,1,False,0.07427949203020151,7.335328494336047
EQ-001,2025-01-03 17:59:00,1,False,0.06711996363387501,7.380115972806079
EQ-001,2025-01-03 18:04:00,1,False,0.08393047812391752,7.465635746108534
EQ-001,2025-01-03 18:07:00,1,False,0.07459796002204916,7.328520107043009
EQ-001,2025-01-03 18:12:00,1,False,0.0724063032201595,7.280317290594403
EQ-001,2025-01-03 18:13:00,1,False,0.07554672775625854,7.265096781704076
EQ-001,2025-01-03 18:14:00,1,False,0.08290593279234998,7.308956262266837
EQ-001,2025-01-03 18:19:00,1,False,0.08272702488256417,7.261352200701584
EQ-001,2025-01-03 18:21:00,1,False,0.07550176175489398,7.256261432366033
EQ-001,2025-01-03 18:26:00,1,False,0.0719426693151271,7.33520856206791
EQ-001,2025-01-03 18:27:00,1,False,0.058785472575938136,7.371069366306982
EQ-001,2025-01-03 18:32:00,1,False,0.07210576182095174,7.328230945666994
EQ-001,2025-01-03 18:33:00,1,False,0.08776828688021354,7.340706944443354
EQ-001,2025-01-03 18:36:00,1,False,0.08108409855037924,7.364922477822336
EQ-001,2025-01-03 18:40:00,1,False,0.08846593114322876,7.419789865431278
EQ-001,2025-01-03 18:42:00,1,False,0.0933634949903967,7.482677748164563
EQ-001,2025-01-03 18:46:00,1,False,0.07674784092540465,7.281270341438203
EQ-001,2025-01-03 18:48:00,1,False,0.063198111412062,7.374664985858167
EQ-001,2025-01-03 18:49:00,1,False,0.10023972841705309,7.311325745020716
EQ-001,2025-01-03 18:54:00,1,False,0.08607304697150181,7.488874277666198
EQ-001,2025-01-03 18:55:00,1,False,0.06258296492961718,7.34439760934289
EQ-001,2025-01-03 18:56:00,1,False,0.08360868912325148,7.366643668148462
EQ-001,2025-01-03 18:57:00,1,False,0.08956692405685063,7.3844015116422215
EQ-001,2025-01-03 18:58:00,1,False,0.10205012029683325,7.355136946926214
EQ-001,2025-01-03 19:00:00,1,False,0.09882841835501088,7.402883351189744
EQ-001,2025-01-03 19:01:00,1,False,0.10847347673400426,7.459950141403428
EQ-001,2025-01-03 19:03:00,1,False,0.08407900213546932,7.538754056250195
EQ-001,2025-01-03 19:05:00,1,False,0.0799853420610302,7.393408450739878
EQ-001,2025-01-03 19:06:00,1,False,0.07115967697112452,7.426975343395169
EQ-001,2025-01-03 19:12:00,1,False,0.07203099623009235,7.724004650882223
EQ-001,2025-01-03 19:13:00,1,False,0.06360373257007368,7.5731497177307
EQ-001,2025-01-03 19:15:00,1,False,0.10109445398466604,7.534184038899525
EQ-001,2025-01-03 19:18:00,1,False,0.08267074154949261,7.491631450208597
EQ-001,2025-01-03 19:20:00,1,False,0.11069955745750243,7.506332680832076
EQ-001,2025-01-03 19:23:00,1,False,0.0844888707596298,7.529883146926181
EQ-001,2025-01-03 19:25:00,1,False,0.10838931972558075,7.554668967198687
EQ-001,2025-01-03 19:27:00,1,False,0.10442107907644188,7.472052990279325
EQ-001,2025-01-03 19:30:00,1,False,0.10746278654669883,7.519360468109584
EQ-001,2025-01-03 19:34:00,1,False,0.09771035111177784,7.556010190421355
EQ-001,2025-01-03 19:38:00,1,False,0.09547818049773021,7.72777014276867
EQ-001,2025-01-03 19:40:00,1,False,0.10129137814281264,7.554784069887978
EQ-001,2025-01-03 19:41:00,1,False,0.08440182089806658,7.775180362023589
EQ-001,2025-01-03 19:49:00,1,False,0.07962219686321259,7.704311081379883
EQ-001,2025-01-03 19:50:00,1,False,0.09779788276701018,7.717754111311007
EQ-001,2025-01-03 19:54:00,1,False,0.08332410908309595,7.861980826633512
EQ-001,2025-01-03 19:55:00,1,False,0.07744431614838404,7.828087188989932
EQ-001,2025-01-03 19:58:00,1,False,0.06921723602024621,7.786407919417129
EQ-001,2025-01-03 20:01:00,1,False,0.06383662793979944,7.827950901619116
EQ-001,2025-01-03 20:06:00,1,False,0.08388363546765315,7.707818903625588
EQ-001,2025-01-03 20:11:00,1,False,0.09754593888354296,7.674047851241291
EQ-001,2025-01-03 20:17:00,1,False,0.08119210292723417,7.7609168065746506
EQ-001,2025-01-03 20:20:00,1,False,0.06486959521837987,7.8666398648970075
EQ-001,2025-01-03 20:22:00,1,False,0.07774842008287575,7.908476587214207
EQ-001,2025-01-03 20:23:00,1,False,0.0715201053835316,7.823685293933732
EQ-001,2025-01-03 20:24:00,1,False,0.052886096627112134,7.768844102918486
EQ-001,2025-01-03 20:26:00,1,False,0.0882328529117063,7.798579618915625
EQ-001,2025-01-03 20:29:00,1,False,0.0898406456321641,7.822906145123632
EQ-001,2025-01-03 20:30:00,1,False,0.0621743142949292,7.73175936031128
EQ-001,2025-01-03 20:32:00,1,False,0.10678804863283986,7.6898797893459925
EQ-001,2025-01-03 20:34:00,1,False,0.06473045288754425,7.960635004106893
EQ-001,2025-01-03 20:36:00,1,False,0.08893336723065554,7.797979805756328
EQ-001,2025-01-03 20:37:00,1,False,0.06645916003735775,7.785560654784201
EQ-001,2025-01-03 20:38:00,1,False,0.07113818782134423,7.766412371704819
EQ-001,2025-01-03 20:39:00,1,False,0.1038158945117395,7.761575389049946
EQ-001,2025-01-03 20:43:00,1,False,0.08754096702943531,7.740934389959935
EQ-001,2025-01-03 20:46:00,1,False,0.10816260588605936,7.835116269195584
EQ-001,2025-01-03 20:47:00,1,False,0.06998662818245743,7.737096749057641
EQ-001,2025-01-03 20:50:00,1,False,0.10072287345201864,7.817412495745487
EQ-001,2025-01-03 20:57:00,1,False,0.08396342548465069,7.885177740753749
EQ-001,2025-01-03 21:02:00,1,False,0.06511100049186247,7.809033514562849
EQ-001,2025-01-03 21:04:00,1,False,0.08395959308432704,7.737824616570923
EQ-001,2025-01-03 21:05:00,1,False,0.09012890970317428,7.767609956738756
EQ-001,2025-01-03 21:10:00,1,False,0.10348601485191539,7.823524499792001
EQ-001,2025-01-03 21:14:00,1,False,0.09841007729023388,7.844410443703591
EQ-001,2025-01-03 21:15:00,1,False,0.07917872238849571,7.762545236681489
EQ-001,2025-01-03 21:17:00,1,False,0.10104853815297521,7.745717646558502
EQ-001,2025-01-03 21:18:00,1,False,0.10158912496299138,7.7243182717307795
EQ-001,2025-01-03 21:19:00,1,False,0.11152985066908566,7.760149891036463
EQ-001,2025-01-03 21:23:00,1,False,0.08843058236079954,7.803941228658798
EQ-001,2025-01-03 21:27:00,1,False,0.10987892929144571,7.612377489580066
EQ-001,2025-01-03 21:31:00,1,False,0.09535842542855028,7.712030356944426
EQ-001,2025-01-03 21:36:00,1,False,0.09220192168262553,7.890238287191855
EQ-001,2025-01-03 21:42:00,1,False,0.09017839659269972,7.705988927914169
EQ-001,2025-01-03 21:44:00,1,False,0.08866527766391735,7.776692166300394
EQ-001,2025-01-03 21:46:00,1,False,0.09463421879182915,7.673195118279157
EQ-001,2025-01-03 21:47:00,1,False,0.10612673381953397,7.708568431350768
EQ-001,2025-01-03 21:48:00,1,False,0.08502760133308235,7.767326408506477
EQ-001,2025-01-03 21:53:00,1,False,0.11309410793835184,7.699274640544062
EQ-001,2025-01-03 21:57:00,1,False,0.09466862014904154,7.785381538653284
EQ-001,2025-01-03 21:59:00,1,False,0.08558294185713916,7.726265289162347
EQ-001,2025-01-03 22:03:00,1,False,0.10814710139290129,7.678225368445615
EQ-001,2025-01-03 22:04:00,1,False,0.10544451120668447,7.749676874386435
EQ-001,2025-01-03 22:08:00,1,False,0.09324054444378854,7.792047196646288
EQ-001,2025-01-03 22:10:00,1,False,0.09623081583150611,7.71835966594315
EQ-001,2025-01-03 22:19:00,1,False,0.10587367552442317,7.74149839419803
EQ-001,2025-01-03 22:20:00,1,False,0.10690229033677756,7.694407952118645
EQ-001,2025-01-03 22:25:00,1,False,0.11130534395770159,7.684535035704983
EQ-001,2025-01-03 22:29:00,1,False,0.09994140422828962,7.605988982716376
EQ-001,2025-01-03 22:30:00,1,False,0.10305487732227864,7.654407880307969
EQ-001,2025-01-03 22:33:00,1,False,0.09633923170008646,7.6630492427486
EQ-001,2025-01-03 22:34:00,1,False,0.1203823636945921,7.685546178182307
EQ-001,2025-01-03 22:35:00,1,False,0.10623780043956266,7.698167382007881
EQ-001,2025-01-03 22:37:00,1,False,0.03254627291924267,8.985095887925436
EQ-001,2025-01-03 22:39:00,1,False,0.007558580505823809,7.7464134720384505
EQ-001,2025-01-03 22:41:00,1,False,0.030834140410334332,7.808479130111777
EQ-001,2025-01-03 22:43:00,1,False,0.04224863892397146,7.674150761369281
EQ-001,2025-01-03 22:45:00,1,False,0.09775860572077932,7.758404315833227
EQ-001,2025-01-03 22:46:00,-1,True,-0.019814192923671814,7.625750257695312
EQ-001,2025-01-03 22:47:00,1,False,0.11402933574192553,7.686235718949762
EQ-001,2025-01-03 22:55:00,1,False,0.10170087563508201,7.7400237061125265
EQ-001,2025-01-03 22:56:00,1,False,0.1102384852133102,7.636332032586914
EQ-001,2025-01-03 22:57:00,1,False,0.09051831764085999,7.698170960650421
EQ-001,2025-01-03 22:59:00,1,False,0.03232907849988559,7.581194890515359
EQ-001,2025-01-03 23:00:00,1,False,0.10691769124184275,7.585256893046319
EQ-001,2025-01-03 23:01:00,1,False,0.10828170437659601,7.633060410856017
EQ-001,2025-01-03 23:02:00,1,False,0.11746617847526464,7.568770570784355
EQ-001,2025-01-03 23:08:00,1,False,0.08598728647643539,7.706312030193057
EQ-001,2025-01-03 23:13:00,1,False,0.007979420118070735,7.615749439203459
EQ-001,2025-01-03 23:14:00,1,False,0.09746088362153033,7.542310836724199
EQ-001,2025-01-03 23:16:00,1,False,0.08998837741605342,7.531019519689283
EQ-001,2025-01-03 23:22:00,1,False,0.09103418893525828,7.487501200451602
EQ-001,2025-01-03 23:24:00,1,False,0.1061856751889903,7.5725726794603485
EQ-001,2025-01-03 23:29:00,1,False,0.0890578360317984,7.515704932753379
EQ-001,2025-01-03 23:30:00,1,False,0.09520706304586041,7.5312289591463175
EQ-001,2025-01-03 23:33:00,1,False,0.0965632735488472,7.591138024346073
EQ-001,2025-01-03 23:38:00,1,False,0.08687326772997489,7.364660505129511
EQ-001,2025-01-03 23:39:00,1,False,0.0937755402632039,7.653439212297395
EQ-001,2025-01-03 23:40:00,1,False,0.09604721791521764,7.4744435628003245
EQ-001,2025-01-03 23:42:00,1,False,0.095682738855276,7.472795511329841
EQ-001,2025-01-03 23:43:00,1,False,0.09029408051038357,7.532298063473516
EQ-001,2025-01-03 23:53:00,1,False,0.09761135648157448,7.4381526307353
EQ-001,2025-01-03 23:55:00,1,False,0.0884332118627233,7.340453388617082
EQ-001,2025-01-03 23:59:00,1,False,0.03270629855554269,7.26025910428867
EQ-001,2025-01-04 00:03:00,1,False,0.05630004848906167,7.190570122131252
EQ-001,2025-01-04 00:08:00,1,False,0.05234284063754685,7.274810426986676
EQ-001,2025-01-04 00:10:00,1,False,0.07482068373968387,7.3343439647935975
EQ-001,2025-01-04 00:11:00,1,False,0.0904100145964567,7.411173072673254
EQ-001,2025-01-04 00:17:00,1,False,0.104420091887859,7.263766903254325
EQ-001,2025-01-04 00:20:00,1,False,0.050456278753509665,7.142307727706953
EQ-001,2025-01-04 00:23:00,1,False,0.06812612997036555,7.310220840474066
EQ-001,2025-01-04 00:26:00,1,False,0.08025678743524162,7.3176084551939375
EQ-001,2025-01-04 00:27:00,1,False,0.04731642095584754,7.215411254969765
EQ-001,2025-01-04 00:37:00,1,False,0.09548693775994516,7.368794183365879
EQ-001,2025-01-04 00:40:00,1,False,0.09203777124957646,7.359654872406238
EQ-001,2025-01-04 00:46:00,1,False,0.09009569615455476,7.24751095812632
EQ-001,2025-01-04 00:47:00,1,False,0.08004061866383938,7.302787531146035
EQ-001,2025-01-04 00:51:00,1,False,0.09334730480937808,7.308333285399315
EQ-001,2025-01-04 00:52:00,1,False,0.08585721644511585,7.251375644433477
EQ-001,2025-01-04 00:54:00,1,False,0.07660175078346776,7.337905581970037
EQ-001,2025-01-04 00:56:00,1,False,0.08729498973072747,7.322784259320925
EQ-001,2025-01-04 00:57:00,1,False,0.09366670875661359,7.145705568469709
EQ-001,2025-01-04 00:58:00,1,False,0.07914427752875702,7.257362002967651
EQ-001,2025-01-04 01:01:00,1,False,0.05423153726970992,7.1486568528230965
EQ-001,2025-01-04 01:06:00,1,False,0.07890315356053179,7.388850103162299
EQ-001,2025-01-04 01:07:00,1,False,0.07825140432866484,7.251451296382036
EQ-001,2025-01-04 01:10:00,1,False,0.07016288399551524,7.335247410132427
EQ-001,2025-01-04 01:12:00,1,False,0.09244904017047562,7.389226662164152
EQ-001,2025-01-04 01:13:00,1,False,0.08775943410742598,7.107279575331856
EQ-001,2025-01-04 01:16:00,1,False,0.06446996702352153,7.184727157528886
EQ-001,2025-01-04 01:17:00,1,False,0.07800378736673924,7.38753004698065
EQ-001,2025-01-04 01:18:00,1,False,0.053857232060399496,7.349024235196311
EQ-001,2025-01-04 01:21:00,1,False,0.04464221921839079,7.18909553294007
EQ-001,2025-01-04 01:24:00,1,False,0.06702894709085938,7.131473947389615
EQ-001,2025-01-04 01:26:00,1,False,0.05362807831368205,7.2842253078101304
EQ-001,2025-01-04 01:27:00,1,False,0.06437504269842087,7.275173820483856
EQ-001,2025-01-04 01:28:00,1,False,0.08365120444210539,7.308253183615599
EQ-001,2025-01-04 01:29:00,1,False,0.08612728925687319,7.251787954939298
EQ-001,2025-01-04 01:30:00,1,False,0.05334172993821745,7.214644065880688
EQ-001,2025-01-04 01:37:00,1,False,0.07718058687975304,7.30029385194439
EQ-001,2025-01-04 01:39:00,1,False,0.08443222904217362,7.182983135874556
EQ-001,2025-01-04 01:44:00,1,False,0.08749376593165037,7.18133373246777
EQ-001,2025-01-04 01:46:00,1,False,0.07148107861506336,7.116604030639632
EQ-001,2025-01-04 01:51:00,1,False,0.03103567789896694,7.199467522332607
EQ-001,2025-01-04 01:53:00,1,False,0.08507927919399089,7.2720786579112255
EQ-001,2025-01-04 01:59:00,1,False,0.07438833880200296,7.236004443687625
EQ-001,2025-01-04 02:00:00,1,False,0.10771259402491695,7.367145921154654
EQ-001,2025-01-04 02:06:00,1,False,0.08966335088442184,7.208553062846195
EQ-001,2025-01-04 02:07:00,1,False,0.08355700771776275,7.382952329564989
EQ-001,2025-01-04 02:11:00,1,False,0.101233007336752,7.30288629846103
EQ-001,2025-01-04 02:15:00,1,False,0.07025811679248245,7.248369916822695
EQ-001,2025-01-04 02:17:00,1,False,0.08239649794321235,7.292503250594447
EQ-001,2025-01-04 02:18:00,1,False,0.060158798280899484,7.190084466053866
EQ-001,2025-01-04 02:20:00,1,False,0.06502877350651276,7.173388076428001
EQ-001,2025-01-04 02:25:00,1,False,0.08078383307515924,7.350925386956161
EQ-001,2025-01-04 02:33:00,1,False,0.08796704599240224,7.366406589855742
EQ-001,2025-01-04 02:35:00,1,False,0.09959456489304774,7.3197169862857345
EQ-001,2025-01-04 02:41:00,1,False,0.09190993686277082,7.31607460633785
EQ-001,2025-01-04 02:43:00,1,False,0.1006456421039636,7.387399584141341
EQ-001,2025-01-04 02:47:00,1,False,0.09086066004448834,7.436483153811845
EQ-001,2025-01-04 02:50:00,1,False,0.10386568059998275,7.418832221984357
EQ-001,2025-01-04 02:51:00,1,False,0.09786935069659097,7.510182578400691
EQ-001,2025-01-04 02:53:00,1,False,0.07435412023996013,7.622444197511774
EQ-001,2025-01-04 02:54:00,1,False,0.07219932900890985,7.445391600951635
EQ-001,2025-01-04 02:56:00,1,False,0.10714454625569703,7.405866433005188
EQ-001,2025-01-04 02:58:00,1,False,0.10851395829626787,7.348288962140876
EQ-001,2025-01-04 03:04:00,1,False,0.11225445371770998,7.421110010837567
EQ-001,2025-01-04 03:06:00,1,False,0.10887426418485796,7.463289865874114
EQ-001,2025-01-04 03:08:00,1,False,0.09922906968315925,7.5069570620917485
EQ-001,2025-01-04 03:10:00,1,False,0.10484151493696514,7.535550788324684
EQ-001,2025-01-04 03:12:00,1,False,0.100379379848209,7.544381973873036
EQ-001,2025-01-04 03:17:00,1,False,0.11253327944537728,7.528350956490798
EQ-001,2025-01-04 03:26:00,1,False,0.0951516091823798,7.654345172264248
EQ-001,2025-01-04 03:27:00,1,False,0.10788745866623306,7.570472671200707
EQ-001,2025-01-04 03:30:00,1,False,0.11175566890421956,7.51377502000433
EQ-001,2025-01-04 03:31:00,1,False,0.11590130526009695,7.545788581813307
EQ-001,2025-01-04 03:34:00,1,False,0.09960420646746315,7.682596214532259
EQ-001,2025-01-04 03:36:00,1,False,0.09097845104641922,7.573538499662907
EQ-001,2025-01-04 03:50:00,1,False,0.10063328776214614,7.668808100793205
EQ-001,2025-01-04 03:51:00,1,False,0.0903112437880671,7.746168007702679
EQ-001,2025-01-04 03:52:00,1,False,0.0750445999891518,7.5915062031026785
EQ-001,2025-01-04 03:55:00,1,False,0.10192636631844992,7.70222062387092
EQ-001,2025-01-04 03:56:00,1,False,0.0952776957838411,7.671879184463908
EQ-001,2025-01-04 04:02:00,1,False,0.10660141318253513,7.770843262638765
EQ-001,2025-01-04 04:03:00,1,False,0.1053434308688816,7.68709445049868
EQ-001,2025-01-04 04:08:00,1,False,0.09072595853453447,7.721814292049797
EQ-001,2025-01-04 04:09:00,1,False,0.09573706872709375,7.604221309323537
EQ-001,2025-01-04 04:11:00,1,False,0.08490274053890806,7.738420586031689
EQ-001,2025-01-04 04:16:00,1,False,0.07985988589925513,7.819320266312946
EQ-001,2025-01-04 04:17:00,1,False,0.08432359812982859,7.768647249418069
EQ-001,2025-01-04 04:18:00,1,False,0.0898114580637433,7.652458131311582
EQ-001,2025-01-04 04:19:00,1,False,0.09031857000114069,7.6583776606557
EQ-001,2025-01-04 04:20:00,1,False,0.10499126278761178,7.5012834628290825
EQ-001,2025-01-04 04:22:00,1,False,0.09998923554200728,7.7297449331979475
EQ-001,2025-01-04 04:26:00,1,False,0.08610963328805565,7.638711229517001
EQ-001,2025-01-04 04:27:00,1,False,0.10577487674745017,7.633692022740648
EQ-001,2025-01-04 04:29:00,1,False,0.09184527231784201,7.66487874072089
EQ-001,2025-01-04 04:31:00,1,False,0.09054027305643891,7.577264750373649
EQ-001,2025-01-04 04:32:00,1,False,0.09873286057431524,7.686356456379235
EQ-001,2025-01-04 04:35:00,1,False,0.1043295433574899,7.712486103110926
EQ-001,2025-01-04 04:37:00,1,False,0.1006248304654655,7.6458942423788745
EQ-001,2025-01-04 04:42:00,1,False,0.09611389805597986,7.722010480150168
EQ-001,2025-01-04 04:44:00,1,False,0.08161010112267247,7.6772687961182715
EQ-001,2025-01-04 04:46:00,1,False,0.06184992928945421,7.746001444017298
EQ-001,2025-01-04 04:50:00,1,False,0.08657555697877817,7.68232735974919
EQ-001,2025-01-04 04:51:00,1,False,0.10608225114739511,7.58519091436786
EQ-001,2025-01-04 04:56:00,1,False,0.08912290528059585,7.659357496477713
EQ-001,2025-01-04 05:03:00,1,False,0.0786860411858078,7.776469832914604
EQ-001,2025-01-04 05:06:00,1,False,0.09106578613982991,7.750513461963181
EQ-001,2025-01-04 05:07:00,1,False,0.0947078540539068,7.740382304668604
EQ-001,2025-01-04 05:10:00,1,False,0.04775114623813548,7.891159986495487
EQ-001,2025-01-04 05:11:00,1,False,0.06891010132769326,7.871930586460644
EQ-001,2025-01-04 05:12:00,1,False,0.07457994042295757,7.88573140873712
EQ-001,2025-01-04 05:13:00,1,False,0.03741913942262304,7.715255770655216
EQ-001,2025-01-04 05:14:00,1,False,0.08492590424727464,7.67036459279344
EQ-001,2025-01-04 05:21:00,1,False,0.05542967889612155,7.917704348980582
EQ-001,2025-01-04 05:23:00,1,False,0.09511230325308478,7.72324398762471
EQ-001,2025-01-04 05:24:00,1,False,0.048819315327909896,7.8720501325039525
EQ-001,2025-01-04 05:27:00,1,False,0.0826228749265489,7.780358985873417
EQ-001,2025-01-04 05:28:00,1,False,0.08674717857196496,7.736645625765409
EQ-001,2025-01-04 05:29:00,1,False,0.03992122669597331,7.782268646756779
EQ-001,2025-01-04 05:32:00,1,False,0.06972954187684183,7.843394022505965
EQ-001,2025-01-04 05:33:00,1,False,0.039125862130247546,7.847022513351579
EQ-001,2025-01-04 05:34:00,1,False,0.07659545664504613,7.779533345744077
EQ-001,2025-01-04 05:35:00,1,False,0.0686212440759097,7.751521813852589
EQ-001,2025-01-04 05:36:00,1,False,0.07238024288023975,7.767048213535831
EQ-001,2025-01-04 05:42:00,1,False,0.053793566862472886,7.900749265141626
EQ-001,2025-01-04 05:44:00,1,False,0.046474010486640016,7.774631002648133
EQ-001,2025-01-04 05:46:00,1,False,0.08235258545277219,7.7276445972000545
EQ-001,2025-01-04 05:47:00,1,False,0.07896839615586165,7.754684338166211
EQ-001,2025-01-04 05:50:00,1,False,0.09793167115486406,7.792319777538952
EQ-001,2025-01-04 05:52:00,1,False,0.07212002005130097,7.719732868716022
EQ-001,2025-01-04 05:59:00,1,False,0.05034093160579828,7.907843590937875
EQ-001,2025-01-04 06:00:00,1,False,0.07179442228340233,7.764171938570447
EQ-001,2025-01-04 06:01:00,1,False,0.07229005381311848,7.823426575596063
EQ-001,2025-01-04 06:03:00,1,False,0.06920155820082624,7.7689904208293346
EQ-001,2025-01-04 06:07:00,1,False,0.0916324659317741,7.699608845507295
EQ-001,2025-01-04 06:08:00,1,False,0.07393100526362684,7.729981484359609
EQ-001,2025-01-04 06:10:00,1,False,0.10138938015746801,7.5807752506662816
EQ-001,2025-01-04 06:11:00,1,False,0.08622869893895885,7.841576675537937
EQ-001,2025-01-04 06:16:00,1,False,0.09151470591262328,7.627508751739154
EQ-001,2025-01-04 06:17:00,1,False,0.06478438252980373,7.859797329954598
EQ-001,2025-01-04 06:18:00,1,False,0.06768774269892208,7.733661729420793
EQ-001,2025-01-04 06:19:00,1,False,0.05021332365079251,7.852742164257766
EQ-001,2025-01-04 06:21:00,1,False,0.05153234331332929,7.802065107903192
EQ-001,2025-01-04 06:25:00,1,False,0.06447267410109497,7.798722397752612
EQ-001,2025-01-04 06:30:00,1,False,0.07202503781426717,7.515972466848501
EQ-001,2025-01-04 06:34:00,1,False,0.07319996179508287,7.705570083753998
EQ-001,2025-01-04 06:39:00,1,False,0.05298955845020964,7.668788613973151
EQ-001,2025-01-04 06:43:00,1,False,0.07321841091382097,7.621089040508217
EQ-001,2025-01-04 06:44:00,1,False,0.08990964714914168,7.609246941029767
EQ-001,2025-01-04 06:46:00,1,False,0.10064347555418673,7.4999918156165
EQ-001,2025-01-04 06:48:00,1,False,0.10566232753597576,7.471380444912703
EQ-001,2025-01-04 06:53:00,1,False,0.09155235686258584,7.544891062021401
EQ-001,2025-01-04 06:56:00,1,False,0.1088191665761945,7.519018239536113
EQ-001,2025-01-04 07:00:00,1,False,0.11290543309066386,7.552666275604377
EQ-001,2025-01-04 07:03:00,1,False,0.10477768010005051,7.586939956159537
EQ-001,2025-01-04 07:05:00,1,False,0.11353175317694547,7.411577077677479
EQ-001,2025-01-04 07:07:00,1,False,0.0915812453909296,7.709718736206486
EQ-001,2025-01-04 07:10:00,1,False,0.101317150682461,7.675827401219344
EQ-001,2025-01-04 07:11:00,1,False,0.08953660787695333,7.690883298110629
EQ-001,2025-01-04 07:14:00,1,False,0.08764263805128919,7.579875858305392
EQ-001,2025-01-04 07:17:00,1,False,0.09271261007882675,7.506166519878726
EQ-001,2025-01-04 07:22:00,1,False,0.11908509876286616,7.595174739248231
EQ-001,2025-01-04 07:23:00,1,False,0.10850151024241855,7.558840849672184
EQ-001,2025-01-04 07:25:00,1,False,0.11590705611513058,7.525840259491621
EQ-001,2025-01-04 07:27:00,1,False,0.11807088487573808,7.5800902666949765
EQ-001,2025-01-04 07:28:00,1,False,0.11079954371557604,7.53636023273056
EQ-001,2025-01-04 07:29:00,1,False,0.12580082386709013,7.505372360666789
EQ-001,2025-01-04 07:30:00,1,False,0.10949157072843813,7.4462049704441755
EQ-001,2025-01-04 07:32:00,1,False,0.1121909262535159,7.518957330472821
EQ-001,2025-01-04 07:34:00,1,False,0.11698808182220044,7.385086503817832
EQ-001,2025-01-04 07:35:00,1,False,0.11387198931288478,7.569878468880861
EQ-001,2025-01-04 07:38:00,1,False,0.10034596184123146,7.598625001331077
EQ-001,2025-01-04 07:39:00,1,False,0.10584859996746765,7.505044340298962
EQ-001,2025-01-04 07:47:00,1,False,0.11508283537486663,7.531452010920848
EQ-001,2025-01-04 07:48:00,1,False,0.11279312217634602,7.580984371585764
EQ-001,2025-01-04 07:50:00,1,False,0.10621083414120358,7.423102843917833
EQ-001,2025-01-04 07:53:00,1,False,0.11715618596543154,7.5278479308065345
EQ-001,2025-01-04 07:55:00,1,False,0.12117222065631533,7.432996131129884
EQ-001,2025-01-04 07:57:00,1,False,0.1269673579854697,7.301065525404863
EQ-001,2025-01-04 08:02:00,1,False,0.11740052616004543,7.48318527255594
EQ-001,2025-01-04 08:10:00,1,False,0.09850600026233619,7.3745189484326765
EQ-001,2025-01-04 08:11:00,1,False,0.1161162697716343,7.320117960436332
EQ-001,2025-01-04 08:15:00,1,False,0.11850190382153203,7.363939955068701
EQ-001,2025-01-04 08:17:00,1,False,0.12214948417351629,7.306570464492848
EQ-001,2025-01-04 08:26:00,1,False,0.12003225571752996,7.407827632037032
EQ-001,2025-01-04 08:31:00,1,False,0.10239902558511399,7.303436822968098
EQ-001,2025-01-04 08:33:00,1,False,0.08311884748962928,7.236134192288034
EQ-001,2025-01-04 08:36:00,1,False,0.09129213571878414,7.203694869427039
EQ-001,2025-01-04 08:37:00,1,False,0.08814406064066532,7.397158240299267
EQ-001,2025-01-04 08:41:00,1,False,0.06645637163123524,7.32918391894696
EQ-001,2025-01-04 08:42:00,1,False,0.10671862791341863,7.262007578511162
EQ-001,2025-01-04 08:43:00,1,False,0.09607666396313785,7.176660279119625
EQ-001,2025-01-04 08:47:00,1,False,0.07861145411375581,7.384199971524373
EQ-001,2025-01-04 08:48:00,1,False,0.0910663319048517,7.284485962076345
EQ-001,2025-01-04 08:52:00,1,False,0.10439074609543997,7.297018138344767
EQ-001,2025-01-04 08:53:00,1,False,0.08894584768209562,7.067688071811533
EQ-001,2025-01-04 08:54:00,1,False,0.07931972749714761,7.4771399569857495
EQ-001,2025-01-04 08:58:00,1,False,0.0877885443407091,7.364863022556467
EQ-001,2025-01-04 09:00:00,1,False,0.07905481995322744,7.25993382084358
EQ-001,2025-01-04 09:07:00,1,False,0.11345836589982422,7.3375554027515015
EQ-001,2025-01-04 09:10:00,1,False,0.09098599880284414,7.22070408319881
EQ-001,2025-01-04 09:12:00,1,False,0.09044766226167045,7.211326745864651
EQ-001,2025-01-04 09:14:00,1,False,0.09673128663994451,7.239442717278203
EQ-001,2025-01-04 09:23:00,1,False,0.09330673863357142,7.203264448163971
EQ-001,2025-01-04 09:24:00,1,False,0.09852978937339457,7.178255972285071
EQ-001,2025-01-04 09:25:00,1,False,0.07471135176543958,7.17107857706412
EQ-001,2025-01-04 09:32:00,1,False,0.07682975143849324,7.20456139521234
EQ-001,2025-01-04 09:33:00,1,False,0.07921751272093702,7.245693105789659
EQ-001,2025-01-04 09:44:00,1,False,0.0634656225146577,7.1933975469119
EQ-001,2025-01-04 09:46:00,1,False,0.08546669828491127,7.313233117845077
EQ-001,2025-01-04 09:52:00,1,False,0.06859737755257156,7.218640746266575
EQ-001,2025-01-04 09:55:00,1,False,0.07873285925029816,7.2695691393778645
EQ-001,2025-01-04 09:56:00,1,False,0.08072176284663335,7.220371807354731
EQ-001,2025-01-04 09:57:00,1,False,0.09395456955083892,7.269235530476375
EQ-001,2025-01-04 10:04:00,1,False,0.07340408958047101,7.268566380129947
EQ-001,2025-01-04 10:05:00,1,False,0.07648694116917865,7.134677588322852
EQ-001,2025-01-04 10:08:00,1,False,0.07091053849446749,7.289878402881324
EQ-001,2025-01-04 10:09:00,1,False,0.05937904413684997,7.08068323637537
EQ-001,2025-01-04 10:10:00,1,False,0.07357046523839894,7.277770027906173
EQ-001,2025-01-04 10:18:00,1,False,0.08618364549527796,7.398026959242466
EQ-001,2025-01-04 10:24:00,1,False,0.04618823909499026,7.224610916203384
EQ-001,2025-01-04 10:28:00,1,False,0.06931845156353089,7.304979482472439
EQ-001,2025-01-04 10:30:00,1,False,0.07700956956729776,7.297242786181847
EQ-001,2025-01-04 10:31:00,1,False,0.08593243613271678,7.298908678177145
EQ-001,2025-01-04 10:33:00,1,False,0.09418110268902818,7.201245398735011
EQ-001,2025-01-04 10:35:00,1,False,0.06125268329678446,7.339941596685195
EQ-001,2025-01-04 10:36:00,1,False,0.0779183772850423,7.2649546029875465
EQ-001,2025-01-04 10:43:00,1,False,0.04325067649895703,7.11298694148944
EQ-001,2025-01-04 10:45:00,1,False,0.08163858821636977,7.385527460269688
EQ-001,2025-01-04 10:46:00,1,False,0.060828069630625314,7.189320093359495
EQ-001,2025-01-04 10:48:00,1,False,0.027964281019388526,7.299678193455588
EQ-001,2025-01-04 10:57:00,1,False,0.0852452684780503,7.338354134761017
EQ-001,2025-01-04 11:02:00,1,False,0.07962799577795732,7.329200240771449
EQ-001,2025-01-04 11:04:00,1,False,0.0901102759579292,7.368929822207675
EQ-001,2025-01-04 11:05:00,1,False,0.09275631707133192,7.406872257076714
EQ-001,2025-01-04 11:15:00,1,False,0.10122532411962354,7.35413235775945
EQ-002,2025-01-01 01:30:00,1,False,0.07582508378521985,7.731083814630405
EQ-002,2025-01-01 01:33:00,1,False,0.0876247695395641,7.756588911647279
EQ-002,2025-01-01 01:38:00,1,False,0.04819150215439766,7.903064159496232
EQ-002,2025-01-01 01:47:00,1,False,0.06730781210349623,7.934439918755263
EQ-002,2025-01-01 01:48:00,1,False,0.045133955639489576,7.849720600064116
EQ-002,2025-01-01 01:52:00,1,False,0.028327359468475977,7.815681036907919
EQ-002,2025-01-01 01:53:00,1,False,0.05842607216758389,7.780517951491196
EQ-002,2025-01-01 01:54:00,1,False,0.07371498490648137,7.734935483788973
EQ-002,2025-01-01 01:55:00,1,False,0.06812694619116882,7.843338084893523
EQ-002,2025-01-01 02:00:00,1,False,0.057163682659021275,7.6880928266625945
EQ-002,2025-01-01 02:02:00,1,False,0.07080382438223193,7.791904819093065
EQ-002,2025-01-01 02:03:00,1,False,0.08405220138236907,7.750086669615697
EQ-002,2025-01-01 02:05:00,1,False,0.06185875677775954,7.834558908579968
EQ-002,2025-01-01 02:08:00,1,False,0.055156362118632785,7.8029005087787535
EQ-002,2025-01-01 02:09:00,1,False,0.0733554002028014,7.808117881564738
EQ-002,2025-01-01 02:10:00,1,False,0.0760746996404208,7.90423112840847
EQ-002,2025-01-01 02:11:00,1,False,0.05898335316421727,7.780187983758017
EQ-002,2025-01-01 02:13:00,1,False,0.01209502132678797,7.837276838700655
EQ-002,2025-01-01 02:16:00,1,False,0.029660679235928245,7.871638083607837
EQ-002,2025-01-01 02:18:00,1,False,0.03702975870922032,7.7983446024554155
EQ-002,2025-01-01 02:19:00,1,False,0.020323628537245453,7.991086819442294
EQ-002,2025-01-01 02:23:00,1,False,0.01378193992666421,7.880225355928994
EQ-002,2025-01-01 02:34:00,1,False,0.020737266755613715,7.895839909144151
EQ-002,2025-01-01 02:35:00,1,False,0.05222399641227726,7.650357024627708
EQ-002,2025-01-01 02:37:00,1,False,0.03539507543980863,7.811177373592678
EQ-002,2025-01-01 02:38:00,1,False,0.04011501645288584,7.751806458559887
EQ-002,2025-01-01 02:41:00,1,False,0.07854981332784489,7.641421099745197
EQ-002,2025-01-01 02:42:00,1,False,0.02976542062729498,7.686106057896779
EQ-002,2025-01-01 02:43:00,1,False,0.04515870041376063,7.734405547969975
EQ-002,2025-01-01 02:44:00,1,False,0.06165119657035173,7.7372690459044735
EQ-002,2025-01-01 02:48:00,1,False,0.07341747725937936,7.815279240247374
EQ-002,2025-01-01 02:55:00,1,False,0.07255144023503057,7.683620106419036
EQ-002,2025-01-01 02:59:00,1,False,0.059345737525328957,7.720977073740405
EQ-002,2025-01-01 03:02:00,1,False,0.04140040683221702,7.805592327937908
EQ-002,2025-01-01 03:04:00,1,False,0.07431525336739292,7.767486074731105
EQ-002,2025-01-01 03:05:00,1,False,0.0397593585463053,7.861035054258641
EQ-002,2025-01-01 03:07:00,1,False,0.05929349944173301,7.887464973251264
EQ-002,2025-01-01 03:11:00,1,False,0.0442011750410406,7.697275769225422
EQ-002,2025-01-01 03:12:00,1,False,0.05536728784266243,7.609432664920963
EQ-002,2025-01-01 03:13:00,1,False,0.05802318799581979,7.62578523305182
EQ-002,2025-01-01 03:16:00,1,False,0.06791934878386091,7.7238052970321736
EQ-002,2025-01-01 03:18:00,1,False,0.06921553977905148,7.628808225768323
EQ-002,2025-01-01 03:20:00,1,False,0.06313421942331321,7.688405496684736
EQ-002,2025-01-01 03:22:00,1,False,0.07851323017250383,7.588227375830266
EQ-002,2025-01-01 03:24:00,1,False,0.0865607120048496,7.662956721243489
EQ-002,2025-01-01 03:33:00,1,False,0.07051170395554501,7.617562394816721
EQ-002,2025-01-01 03:38:00,1,False,0.08859248090773758,7.58045588569274
EQ-002,2025-01-01 03:41:00,1,False,0.08969917851987225,7.539437843797727
EQ-002,2025-01-01 03:47:00,1,False,0.07499599518036032,7.59062656426367
EQ-002,2025-01-01 03:48:00,1,False,0.10323101823182723,7.529305759060262
EQ-002,2025-01-01 03:50:00,1,False,0.053254161475651096,7.636229501818549
EQ-002,2025-01-01 03:54:00,1,False,0.06885146898466321,7.668595049287928
EQ-002,2025-01-01 03:56:00,1,False,0.05143945439862513,7.6925228141174555
EQ-002,2025-01-01 03:57:00,1,False,0.10640970566701996,7.5901108370999
EQ-002,2025-01-01 03:59:00,1,False,0.09056922175414556,7.398868074456288
EQ-002,2025-01-01 04:01:00,1,False,0.08687481141974229,7.5105662902319
EQ-002,2025-01-01 04:03:00,1,False,0.10175830204171482,7.496054638312099
EQ-002,2025-01-01 04:04:00,1,False,0.09534065539488895,7.481688592228766
EQ-002,2025-01-01 04:07:00,1,False,0.0961119953514919,7.39154688914119
EQ-002,2025-01-01 04:11:00,1,False,0.08855786293481593,7.405852869009705
EQ-002,2025-01-01 04:14:00,1,False,0.09758269462907843,7.5297926439603495
EQ-002,2025-01-01 04:19:00,1,False,0.1035704248654335,7.596301807796656
EQ-002,2025-01-01 04:25:00,1,False,0.06475339759619236,7.403429067982529
EQ-002,2025-01-01 04:26:00,1,False,0.09633977906525804,7.548796275565616
EQ-002,2025-01-01 04:27:00,1,False,0.10145948385834314,7.584615077815091
EQ-002,2025-01-01 04:28:00,1,False,0.08003732346552489,7.453709189304902
EQ-002,2025-01-01 04:29:00,1,False,0.07156225215834033,7.378648903291105
EQ-002,2025-01-01 04:34:00,1,False,0.07276286869142357,7.27060497444106
EQ-002,2025-01-01 04:35:00,1,False,0.10435594492475836,7.302608538718863
EQ-002,2025-01-01 04:36:00,1,False,0.07884696892508986,7.4885908924277
EQ-002,2025-01-01 04:41:00,1,False,0.09403637955358574,7.387857168432646
EQ-002,2025-01-01 04:43:00,1,False,0.09906101094829639,7.337276606506438
EQ-002,2025-01-01 04:44:00,1,False,0.11395764519460594,7.311030631251728
EQ-002,2025-01-01 04:47:00,1,False,0.1088161057606244,7.2299318296238155
EQ-002,2025-01-01 04:48:00,1,False,0.08786705618744939,7.416604151168116
EQ-002,2025-01-01 04:49:00,1,False,0.07713331021796865,7.218057862985307
EQ-002,2025-01-01 04:54:00,1,False,0.10203272971877053,7.165774433063965
EQ-002,2025-01-01 04:55:00,1,False,0.09640124165932729,7.405382070429211
EQ-002,2025-01-01 04:57:00,1,False,0.09016059140352456,7.232623416382478
EQ-002,2025-01-01 05:00:00,1,False,0.09146864191922671,7.3336068847971925
EQ-002,2025-01-01 05:04:00,1,False,0.08105919563830943,7.238673618477995
EQ-002,2025-01-01 05:07:00,1,False,0.10533176341125561,7.276038354639917
EQ-002,2025-01-01 05:10:00,1,False,0.1135986567720999,7.435182926796594
EQ-002,2025-01-01 05:15:00,1,False,0.10705476947490594,7.230788478404309
EQ-002,2025-01-01 05:22:00,1,False,0.11318089044177676,7.318923224008871
EQ-002,2025-01-01 05:29:00,1,False,0.10625367557435544,7.390490877621496
EQ-002,2025-01-01 05:30:00,1,False,0.11325552647710158,7.242012628166619
EQ-002,2025-01-01 05:31:00,1,False,0.06813581074038771,8.292606053801784
EQ-002,2025-01-01 05:34:00,1,False,0.04918513440693262,7.317500744077595
EQ-002,2025-01-01 05:40:00,1,False,0.04549195008161838,7.341655508278234
EQ-002,2025-01-01 05:42:00,1,False,0.07936779428191015,7.284131379642888
EQ-002,2025-01-01 05:43:00,1,False,0.09801757861481486,7.187660007936269
EQ-002,2025-01-01 05:50:00,1,False,0.04798161242754562,7.248558966864769
EQ-002,2025-01-01 05:53:00,1,False,0.10599116245474244,7.457015461749504
EQ-002,2025-01-01 06:05:00,1,False,0.0940405751655885,7.304812292782636
EQ-002,2025-01-01 06:06:00,1,False,0.1040506710774291,7.177397183629006
EQ-002,2025-01-01 06:10:00,1,False,0.09745078809339408,7.231679522051882
EQ-002,2025-01-01 06:11:00,1,False,0.03957931015212229,7.177755980692451
EQ-002,2025-01-01 06:12:00,1,False,0.0879553469247113,7.190737009608663
EQ-002,2025-01-01 06:13:00,1,False,0.10441072275464569,7.133886015747126
EQ-002,2025-01-01 06:18:00,1,False,0.09456818273788653,7.210359020741034
EQ-002,2025-01-01 06:32:00,1,False,0.08854569456157013,7.165528872547097
EQ-002,2025-01-01 06:33:00,1,False,0.03621791257949608,7.255757283304649
EQ-002,2025-01-01 06:44:00,1,False,0.09557095211392203,7.211595544806309
EQ-002,2025-01-01 06:45:00,1,False,0.09130015294573929,7.278832540738524
EQ-002,2025-01-01 06:46:00,1,False,0.08375510622942517,7.224950478484385
EQ-002,2025-01-01 06:59:00,1,False,0.09148991071458656,7.237430359795335
EQ-002,2025-01-01 07:03:00,1,False,0.0717195966441252,7.124863301943109
EQ-002,2025-01-01 07:04:00,1,False,0.07941865402522763,7.252280939394084
EQ-002,2025-01-01 07:14:00,1,False,0.08236271115824073,7.235968417001325
EQ-002,2025-01-01 07:16:00,1,False,0.07985451725236559,7.197185813447781
EQ-002,2025-01-01 07:19:00,1,False,0.07969111227478554,7.204944180581197
EQ-002,2025-01-01 07:23:00,1,False,0.09414914930030388,7.427950091111422
EQ-002,2025-01-01 07:24:00,1,False,0.06938060507059463,7.297148598617998
EQ-002,2025-01-01 07:25:00,1,False,0.0867160227483586,7.293575157878573
EQ-002,2025-01-01 07:28:00,1,False,0.10649705204086274,7.262972903911673
EQ-002,2025-01-01 07:32:00,1,False,0.08901123240413006,7.300659905154479
EQ-002,2025-01-01 07:34:00,1,False,0.04129100593731533,7.282831697945646
EQ-002,2025-01-01 07:35:00,1,False,0.10668903335404017,7.282551411148316
EQ-002,2025-01-01 07:37:00,1,False,0.10278353082730163,7.188967749421395
EQ-002,2025-01-01 07:43:00,1,False,0.08108871148695768,7.267472023353748
EQ-002,2025-01-01 07:47:00,1,False,0.065999658187748,7.316732052191255
EQ-002,2025-01-01 07:52:00,1,False,0.08309130046474378,7.365289078278632
EQ-002,2025-01-01 07:53:00,1,False,0.09897311193643699,7.28246300194275
EQ-002,2025-01-01 07:54:00,1,False,0.10924718192864913,7.331149066116293
EQ-002,2025-01-01 07:58:00,1,False,0.07152121419876067,7.3413494299155495
EQ-002,2025-01-01 08:04:00,1,False,0.09810934732542564,7.302922413048342
EQ-002,2025-01-01 08:06:00,1,False,0.09151513338597628,7.43457226769582
EQ-002,2025-01-01 08:07:00,1,False,0.08595746210465888,7.338192698190942
EQ-002,2025-01-01 08:09:00,1,False,0.060806011565996076,7.448452317737182
EQ-002,2025-01-01 08:13:00,1,False,0.10460941655182004,7.308704788220806
EQ-002,2025-01-01 08:15:00,1,False,0.09949500573509013,7.42582800301374
EQ-002,2025-01-01 08:17:00,1,False,0.09785315983216492,7.458113319355776
EQ-002,2025-01-01 08:19:00,1,False,0.06126850514387999,7.223735131726247
EQ-002,2025-01-01 08:21:00,1,False,0.08151696938463215,7.528786139825029
EQ-002,2025-01-01 08:25:00,1,False,0.09291496883430622,7.475662961674464
EQ-002,2025-01-01 08:26:00,1,False,0.07996683584549519,7.416835875758065
EQ-002,2025-01-01 08:38:00,1,False,0.057692529745354326,7.584287421006114
EQ-002,2025-01-01 08:39:00,1,False,0.08324390229070694,7.473437748430952
EQ-002,2025-01-01 08:40:00,1,False,0.0854847216179323,7.616789798657623
EQ-002,2025-01-01 08:50:00,1,False,0.061347967780453205,7.647618155059601
EQ-002,2025-01-01 08:54:00,1,False,0.06060626194592367,7.641904577398052
EQ-002,2025-01-01 08:56:00,1,False,0.08256172988104593,7.76007819654804
EQ-002,2025-01-01 08:58:00,1,False,0.05913562480862827,7.689193636878732
EQ-002,2025-01-01 09:06:00,1,False,0.08975396207598058,7.696772702469621
EQ-002,2025-01-01 09:07:00,1,False,0.07416351845278452,7.784935100923581
EQ-002,2025-01-01 09:08:00,1,False,0.07258954336353002,7.741387718665977
EQ-002,2025-01-01 09:11:00,1,False,0.09568412763884648,7.679498908544198
EQ-002,2025-01-01 09:15:00,1,False,0.08262689779298499,7.717838435267054
EQ-002,2025-01-01 09:20:00,1,False,0.06865709592752156,7.802319968165835
EQ-002,2025-01-01 09:22:00,1,False,0.07151705779685219,7.7894970396000325
EQ-002,2025-01-01 09:28:00,1,False,0.09445782892704979,7.653337907907283
EQ-002,2025-01-01 09:29:00,1,False,0.09021032081968255,7.727316534152139
EQ-002,2025-01-01 09:31:00,1,False,0.10249780572275485,7.719148893280432
EQ-002,2025-01-01 09:35:00,1,False,0.09743230468228536,7.790505698020634
EQ-002,2025-01-01 09:37:00,1,False,0.05915807407580731,7.922259792900082
EQ-002,2025-01-01 09:44:00,1,False,0.06711155582585426,7.862902286863485
EQ-002,2025-01-01 09:56:00,1,False,0.06670811403189181,7.755032413896471
EQ-002,2025-01-01 09:58:00,1,False,0.06994226514727214,7.729656931497357
EQ-002,2025-01-01 09:59:00,1,False,0.07803317311707919,7.739615520866879
EQ-002,2025-01-01 10:00:00,1,False,0.06519365329931404,7.886834600044258
EQ-002,2025-01-01 10:05:00,1,False,0.07861259137660931,7.809889684986646
EQ-002,2025-01-01 10:07:00,1,False,0.08431602198411803,7.796408540555363
EQ-002,2025-01-01 10:11:00,1,False,0.05958534810021626,7.81456018019754
EQ-002,2025-01-01 10:13:00,1,False,0.09078689144196622,7.83543324728633
EQ-002,2025-01-01 10:15:00,1,False,0.0627823206053768,7.866590663198463
EQ-002,2025-01-01 10:20:00,1,False,0.06319777338456983,7.9539829652633856
EQ-002,2025-01-01 10:21:00,1,False,0.06631255343034065,7.8103265113773235
EQ-002,2025-01-01 10:23:00,1,False,0.057928031484037024,7.857998455005798
EQ-002,2025-01-01 10:24:00,1,False,0.06262157242408734,7.769844286231422
EQ-002,2025-01-01 10:26:00,1,False,0.05006496444664055,7.771811574021461
EQ-002,2025-01-01 10:27:00,1,False,0.06576671163112308,7.869968955728394
EQ-002,2025-01-01 10:28:00,1,False,0.08016425477797429,7.749113930683824
EQ-002,2025-01-01 10:29:00,1,False,0.06535281738481602,7.925924718788335
EQ-002,2025-01-01 10:32:00,1,False,0.042931595010449186,7.939416835402146
EQ-002,2025-01-01 10:33:00,1,False,0.039684232477892434,7.809732085127557
EQ-002,2025-01-01 10:43:00,1,False,0.031808517981181395,7.856884401923885
EQ-002,2025-01-01 10:46:00,1,False,0.07070671784719212,7.894612900346249
EQ-002,2025-01-01 10:47:00,1,False,0.0517101897904611,7.844608690377256
EQ-002,2025-01-01 10:50:00,1,False,0.060957842122907946,7.792330676561836
EQ-002,2025-01-01 10:51:00,1,False,0.08037082610078272,7.697752858059541
EQ-002,2025-01-01 10:54:00,1,False,0.06292804125258555,7.821740242512877
EQ-002,2025-01-01 10:55:00,1,False,0.08286279002279823,7.646445966230451
EQ-002,2025-01-01 10:57:00,1,False,0.06290336761777282,7.8010235548158455
EQ-002,2025-01-01 11:04:00,1,False,0.07975701838813937,7.70278948575762
EQ-002,2025-01-01 11:06:00,1,False,0.06920423391419966,7.862508924323926
EQ-002,2025-01-01 11:11:00,1,False,0.07239867937826222,7.602047990108792
EQ-002,2025-01-01 11:12:00,1,False,0.0801079030856966,7.728495290700473
EQ-002,2025-01-01 11:14:00,1,False,0.07118031227689309,7.804639051828368
EQ-002,2025-01-01 11:16:00,1,False,0.07032352043988599,7.560577322485585
EQ-002,2025-01-01 11:18:00,1,False,0.05848120400201284,7.761127653445223
EQ-002,2025-01-01 11:26:00,1,False,0.06012158995594552,7.743331685833972
EQ-002,2025-01-01 11:27:00,1,False,0.08667075530315288,7.727516693948026
EQ-002,2025-01-01 11:28:00,1,False,0.0738248510149595,7.808995291764425
EQ-002,2025-01-01 11:37:00,1,False,0.0570003899085999,7.680891134774056
EQ-002,2025-01-01 11:40:00,1,False,0.06786767866746019,7.630129311388722
EQ-002,2025-01-01 11:41:00,1,False,0.054737154947837485,7.9157345835195905
EQ-002,2025-01-01 11:45:00,1,False,0.08253988980177673,7.787799597045871
EQ-002,2025-01-01 11:47:00,1,False,0.0386158704405265,7.7021515506843885
EQ-002,2025-01-01 11:48:00,1,False,0.0735617861360614,7.784754150575486
EQ-002,2025-01-01 11:49:00,1,False,0.07483241556299713,7.754818809860976
EQ-002,2025-01-01 11:51:00,1,False,0.08402872898808761,7.631944512382823
EQ-002,2025-01-01 11:56:00,1,False,0.10305608333496896,7.682571107329694
EQ-002,2025-01-01 11:57:00,1,False,0.07047575225880753,7.680926503587404
EQ-002,2025-01-01 11:59:00,1,False,0.06121982016631505,7.584299465997475
EQ-002,2025-01-01 12:08:00,1,False,0.07833048138691107,7.770340749660924
EQ-002,2025-01-01 12:09:00,1,False,0.08853682434107218,7.5523294191119295
EQ-002,2025-01-01 12:11:00,1,False,0.08550906449828899,7.662117249853638
EQ-002,2025-01-01 12:17:00,1,False,0.07371031375530396,7.723094821587252
EQ-002,2025-01-01 12:22:00,1,False,0.09036251307200349,7.5711761987017185
EQ-002,2025-01-01 12:25:00,1,False,0.08515129065073945,7.699142223123382
EQ-002,2025-01-01 12:26:00,1,False,0.08026402749325628,7.614853131875629
EQ-002,2025-01-01 12:34:00,1,False,0.08514398068823964,7.450187285454792
EQ-002,2025-01-01 12:35:00,1,False,0.07151015473410388,7.469750274532474
EQ-002,2025-01-01 12:37:00,1,False,0.10005422357128674,7.453925917080423
EQ-002,2025-01-01 12:41:00,1,False,0.0794983851081274,7.644940259014496
EQ-002,2025-01-01 12:44:00,1,False,0.10452238370122369,7.519799305071884
EQ-002,2025-01-01 12:46:00,1,False,0.10158639192505353,7.554221437225902
EQ-002,2025-01-01 12:47:00,1,False,0.06906207901750794,7.491750162217306
EQ-002,2025-01-01 12:49:00,1,False,0.07997085886717953,7.5620090992027205
EQ-002,2025-01-01 12:50:00,1,False,0.08611815573125153,7.596125739456177
EQ-002,2025-01-01 12:56:00,1,False,0.09908587110953432,7.500815174316627
EQ-002,2025-01-01 13:01:00,1,False,0.10978052571074964,7.517685669012796
EQ-002,2025-01-01 13:04:00,1,False,0.09830634941410749,7.457756182741992
EQ-002,2025-01-01 13:05:00,1,False,0.10495613538591175,7.448443816778636
EQ-002,2025-01-01 13:08:00,1,False,0.11290054287770801,7.44798428792545
EQ-002,2025-01-01 13:11:00,1,False,0.07126040778649478,7.2949179558692085
EQ-002,2025-01-01 13:14:00,1,False,0.07951574970274328,7.314347491597574
EQ-002,2025-01-01 13:17:00,1,False,0.08255773062608135,7.336014786122137
EQ-002,2025-01-01 13:19:00,1,False,0.10396452735932021,7.4482395184606265
EQ-002,2025-01-01 13:22:00,1,False,0.08638480765523643,7.391989712410325
EQ-002,2025-01-01 13:26:00,1,False,0.07460187827449577,7.2347163259996545
EQ-002,2025-01-01 13:28:00,1,False,0.08955583933027461,7.356640568112076
EQ-002,2025-01-01 13:38:00,1,False,0.07438341979257795,7.26114303637279
EQ-002,2025-01-01 13:41:00,1,False,0.09097489429642264,7.3197613520472125
EQ-002,2025-01-01 13:43:00,1,False,0.07204460749469144,7.268704922590389
EQ-002,2025-01-01 13:44:00,1,False,0.09303721249349794,7.2820199468655975
EQ-002,2025-01-01 13:52:00,1,False,0.07743168090594571,7.521978072379029
EQ-002,2025-01-01 14:01:00,1,False,0.08974811558934476,7.3600633868600225
EQ-002,2025-01-01 14:09:00,1,False,0.08295136975254647,7.228715465081574
EQ-002,2025-01-01 14:28:00,1,False,0.07102225730006095,7.243139860629054
EQ-002,2025-01-01 14:30:00,1,False,0.09608382033702234,7.220392606963487
EQ-002,2025-01-01 14:35:00,1,False,0.08882863582852951,7.401348596492876
EQ-002,2025-01-01 14:36:00,1,False,0.09777781269482111,7.3326839312186145
EQ-002,2025-01-01 14:38:00,1,False,0.08777543913847097,7.189874182611789
EQ-002,2025-01-01 14:39:00,1,False,0.07241736874821064,7.040956996013758
EQ-002,2025-01-01 14:42:00,1,False,0.07135553534763633,7.172962027637694
EQ-002,2025-01-01 14:52:00,1,False,0.07348033876969645,7.348102499495917
EQ-002,2025-01-01 14:55:00,1,False,0.07793546048416061,7.178157097172719
EQ-002,2025-01-01 14:56:00,1,False,0.06906682405116493,7.22114316164842
EQ-002,2025-01-01 14:59:00,1,False,0.08052156600717414,7.1965143842899435
EQ-002,2025-01-01 15:04:00,1,False,0.09616785024763203,7.264687491469037
EQ-002,2025-01-01 15:06:00,1,False,0.08033653128151891,7.165086264104527
EQ-002,2025-01-01 15:08:00,1,False,0.06469951909891081,7.097212247913855
EQ-002,2025-01-01 15:12:00,1,False,0.06859521940140029,7.2190532852303315
EQ-002,2025-01-01 15:14:00,1,False,0.06099872094155395,7.365238974654386
EQ-002,2025-01-01 15:15:00,1,False,0.06508234296840965,7.190278375991929
EQ-002,2025-01-01 15:16:00,1,False,0.06431749160018324,7.271880279704488
EQ-002,2025-01-01 15:19:00,1,False,0.057373560367000864,7.234805755156051
EQ-002,2025-01-01 15:21:00,1,False,0.08310880295906348,7.21187628993293
EQ-002,2025-01-01 15:22:00,1,False,0.09398858730473764,7.370323868135495
EQ-002,2025-01-01 15:26:00,1,False,0.1033349573965614,7.372204769558396
EQ-002,2025-01-01 15:28:00,1,False,0.09263978569240416,7.33826174667212
EQ-002,2025-01-01 15:29:00,1,False,0.07337055847366236,7.1144800271603
EQ-002,2025-01-01 15:30:00,1,False,0.08382111903473072,7.329724291745745
EQ-002,2025-01-01 15:33:00,1,False,0.007614419889206525,9.157267128703063
EQ-002,2025-01-01 15:34:00,-1,True,-0.048834241238736364,7.25823722841758
EQ-002,2025-01-01 15:38:00,1,False,0.0049379830240783296,7.369210043334352
EQ-002,2025-01-01 15:39:00,-1,True,-0.0013955904948115272,7.313046433870004
EQ-002,2025-01-01 15:41:00,1,False,0.11511306848819286,7.393745170320935
EQ-002,2025-01-01 15:43:00,1,False,0.01713425144089309,7.293157244352273
EQ-002,2025-01-01 15:52:00,1,False,0.05792599811004423,7.153998086396926
EQ-002,2025-01-01 15:53:00,1,False,0.09523679905983595,7.236361762011508
EQ-002,2025-01-01 15:55:00,1,False,0.06258034889552871,7.144945871354588
EQ-002,2025-01-01 15:56:00,1,False,0.07850240745908549,7.325311470961685
EQ-002,2025-01-01 15:57:00,-1,True,-0.00552019719362562,7.286161323152956
EQ-002,2025-01-01 15:59:00,1,False,0.08424013991789658,7.205982177926532
EQ-002,2025-01-01 16:01:00,1,False,0.07177687424388535,7.318284144632114
EQ-002,2025-01-01 16:05:00,1,False,0.09446516797475413,7.286612237180054
EQ-002,2025-01-01 16:06:00,1,False,0.08445795833989439,7.186787641943027
EQ-002,2025-01-01 16:11:00,-1,True,-0.0018371361140301357,7.423865097363569
EQ-002,2025-01-01 16:12:00,1,False,0.08741750509463969,7.536435715234606
EQ-002,2025-01-01 16:13:00,1,False,0.0715940447811732,7.307676326573914
EQ-002,2025-01-01 16:17:00,1,False,0.08981905842710758,7.455352271650258
EQ-002,2025-01-01 16:18:00,1,False,0.07853863909639153,7.473981618410169
EQ-002,2025-01-01 16:19:00,1,False,0.102752629300979,7.452812984408539
EQ-002,2025-01-01 16:20:00,1,False,0.07449686375828668,7.432020523127192
EQ-002,2025-01-01 16:22:00,1,False,0.10127389724726998,7.48882739257313
EQ-002,2025-01-01 16:23:00,1,False,0.08278221748776099,7.47696692429836
EQ-002,2025-01-01 16:24:00,1,False,0.09315396131809162,7.249066370434047
EQ-002,2025-01-01 16:25:00,1,False,0.04925940248845684,8.277879825372457
EQ-002,2025-01-01 16:26:00,1,False,0.02667784121273653,7.421836122365514
EQ-002,2025-01-01 16:30:00,1,False,0.05195662512184068,7.397132919718347
EQ-002,2025-01-01 16:31:00,1,False,0.05256495230060476,7.539415660091091
EQ-002,2025-01-01 16:33:00,1,False,0.09669461236596844,7.45368348883181
EQ-002,2025-01-01 16:34:00,-1,True,-0.02922349050232731,7.570077319952965
EQ-002,2025-01-01 16:35:00,1,False,0.10201514008204693,7.495698928193798
EQ-002,2025-01-01 16:36:00,1,False,0.06130515640880946,8.679112909675814
EQ-002,2025-01-01 16:37:00,1,False,0.0277338364858164,7.583736843950472
EQ-002,2025-01-01 16:39:00,1,False,0.03312736907029401,7.5914728440820864
EQ-002,2025-01-01 16:42:00,-1,True,-0.004704007538220867,7.594679999557757
EQ-002,2025-01-01 16:47:00,1,False,0.08065908472292888,7.493175419403116
EQ-002,2025-01-01 16:49:00,1,False,0.039443961789981274,7.51669616998125
EQ-002,2025-01-01 16:54:00,1,False,0.09268005978179633,7.6485919277198455
EQ-002,2025-01-01 16:56:00,1,False,0.0879317453069533,7.635558489986307
EQ-002,2025-01-01 16:57:00,1,False,0.048724330701292506,7.6256267370356605
EQ-002,2025-01-01 17:08:00,1,False,0.10303213872275735,7.742371347160962
EQ-002,2025-01-01 17:09:00,1,False,0.029894106046313873,7.516033510744325
EQ-002,2025-01-01 17:10:00,1,False,0.11703279331323402,7.594993684531534
EQ-002,2025-01-01 17:18:00,1,False,0.08801360769461947,7.9406443139233645
EQ-002,2025-01-01 17:22:00,1,False,0.10500295780927416,7.6376023594588025
EQ-002,2025-01-01 17:23:00,1,False,0.09443291391020464,7.6344302886219655
EQ-002,2025-01-01 17:27:00,1,False,0.04683377932060745,7.725958906853867
EQ-002,2025-01-01 17:30:00,1,False,0.10964160121450428,7.659836310098931
EQ-002,2025-01-01 17:31:00,1,False,0.10139322424763109,7.638284662846428
EQ-002,2025-01-01 17:32:00,1,False,0.11205822040283753,7.733806312023021
EQ-002,2025-01-01 17:36:00,1,False,0.09354279827726625,7.677131245354177
EQ-002,2025-01-01 17:38:00,1,False,0.0957584789531909,7.694006935095484
EQ-002,2025-01-01 17:45:00,1,False,0.09948479213985756,7.660336927080534
EQ-002,2025-01-01 17:47:00,1,False,0.10038294260262204,7.696935565515465
EQ-002,2025-01-01 17:48:00,1,False,0.05836440518975983,7.573949195959308
EQ-002,2025-01-01 17:53:00,1,False,0.10476687314027217,7.857919597386034
EQ-002,2025-01-01 17:54:00,1,False,0.09657502835552118,7.6934534163995645
EQ-002,2025-01-01 17:58:00,1,False,0.11691707189708034,7.702574481582104
EQ-002,2025-01-01 18:03:00,1,False,0.10913107199573618,7.719831817551519
EQ-002,2025-01-01 18:08:00,1,False,0.11079994414294908,7.701157066140212
EQ-002,2025-01-01 18:10:00,1,False,0.10952069341964765,7.800831533898401
EQ-002,2025-01-01 18:11:00,1,False,0.047067351294003856,7.691623049928642
EQ-002,2025-01-01 18:13:00,1,False,0.10256906449517933,7.829631057973816
EQ-002,2025-01-01 18:19:00,1,False,0.08815565257409141,7.75608163867254
EQ-002,2025-01-01 18:20:00,1,False,0.06716685040728865,7.798085098979506
EQ-002,2025-01-01 18:21:00,1,False,0.0739065908718407,7.740206596321375
EQ-002,2025-01-01 18:30:00,1,False,0.11263171039373798,7.771911624330048
EQ-002,2025-01-01 18:35:00,1,False,0.07409076899545952,7.797508260651702
EQ-002,2025-01-01 18:37:00,1,False,0.08488688994187815,7.763715008822469
EQ-002,2025-01-01 18:39:00,1,False,0.0763221514871551,7.833630016854214
EQ-002,2025-01-01 18:47:00,1,False,0.0949168512281307,7.6891478854047275
EQ-002,2025-01-01 18:48:00,1,False,0.08733660715022112,7.7394993481327585
EQ-002,2025-01-01 18:49:00,1,False,0.08909081994640078,7.790716948553438
EQ-002,2025-01-01 18:50:00,1,False,0.1089288960532443,7.7267849348733515
EQ-002,2025-01-01 18:54:00,1,False,0.07207086464749446,7.839038702746929
EQ-002,2025-01-01 18:57:00,1,False,0.08963280924671174,7.829076469727699
EQ-002,2025-01-01 18:59:00,1,False,0.10784974354099636,7.727010892814877
EQ-002,2025-01-01 19:01:00,1,False,0.03524423299171159,7.853804795974477
EQ-002,2025-01-01 19:05:00,1,False,0.09255430009305088,7.8130369397856985
EQ-002,2025-01-01 19:06:00,1,False,0.08729102627910312,7.702258011788502
EQ-002,2025-01-01 19:10:00,1,False,0.07775975541859176,7.78251527987412
EQ-002,2025-01-01 19:11:00,1,False,0.10301464633076313,7.817571022399879
EQ-002,2025-01-01 19:12:00,1,False,0.05797558143940379,7.861283906519759
EQ-002,2025-01-01 19:15:00,1,False,0.06264425732077267,7.848570608382988
EQ-002,2025-01-01 19:18:00,1,False,0.06538184090937499,7.786278014181275
EQ-002,2025-01-01 19:19:00,1,False,0.055013370861039135,7.746764956020343
EQ-002,2025-01-01 19:20:00,1,False,0.0665964804262934,7.851676551347925
EQ-002,2025-01-01 19:21:00,1,False,0.05617963029779377,7.856877249225291
EQ-002,2025-01-01 19:23:00,1,False,0.06378428021625027,7.80041313707835
EQ-002,2025-01-01 19:24:00,1,False,0.07695263606826741,7.774643780100075
EQ-002,2025-01-01 19:27:00,1,False,0.09079848350455033,7.7589548197343605
EQ-002,2025-01-01 19:30:00,1,False,0.09562187101507635,7.695425341411816
EQ-002,2025-01-01 19:31:00,1,False,0.07685488106136179,7.757778903600337
EQ-002,2025-01-01 19:32:00,1,False,0.08358779880322259,7.7404997931338535
EQ-002,2025-01-01 19:35:00,1,False,0.09387269177968799,7.791414030166604
EQ-002,2025-01-01 19:40:00,1,False,0.09220445446911557,7.647847728811504
EQ-002,2025-01-01 19:43:00,1,False,0.07797473049294296,7.8012801339948625
EQ-002,2025-01-01 19:44:00,1,False,0.06685050937751419,7.661193858849409
EQ-002,2025-01-01 19:47:00,1,False,0.0915694921132651,7.665984795337267
EQ-002,2025-01-01 19:48:00,1,False,0.09063262762017571,7.698178581608
EQ-002,2025-01-01 19:50:00,1,False,0.10527512491305169,7.779352462101432
EQ-002,2025-01-01 19:54:00,1,False,0.06082568900740365,7.6685652221895415
EQ-002,2025-01-01 19:55:00,1,False,0.08833347169866185,7.718963197667696
EQ-002,2025-01-01 19:59:00,1,False,0.07821856588889947,7.658912487097801
EQ-002,2025-01-01 20:01:00,1,False,0.10036524138256836,7.7896869467315755
EQ-002,2025-01-01 20:04:00,1,False,0.08954398044087208,7.7950509747998
EQ-002,2025-01-01 20:06:00,1,False,0.10234961946098048,7.693995836014936
EQ-002,2025-01-01 20:10:00,1,False,0.08207169109067491,7.698158172506907
EQ-002,2025-01-01 20:12:00,1,False,0.07814476368146711,7.6605897859592424
EQ-002,2025-01-01 20:16:00,1,False,0.0730689337064011,7.81550904423932
EQ-002,2025-01-01 20:19:00,1,False,0.09063827337234115,7.714678518932309
EQ-002,2025-01-01 20:20:00,1,False,0.09327671853757713,7.626156728177923
EQ-002,2025-01-01 20:21:00,1,False,0.08023121494510266,7.620956886719642
EQ-002,2025-01-01 20:23:00,1,False,0.07211015682405891,7.526640325971419
EQ-002,2025-01-01 20:24:00,1,False,0.07108862939799676,7.74969243026994
EQ-002,2025-01-01 20:34:00,1,False,0.07900985120497267,7.719444076503647
EQ-002,2025-01-01 20:35:00,1,False,0.0032300722633589185,9.060069705591841
EQ-002,2025-01-01 20:40:00,1,False,0.020618773779004063,7.669733995697695
EQ-002,2025-01-01 20:43:00,-1,True,-0.008661916662269564,7.517501109771457
EQ-002,2025-01-01 20:47:00,1,False,0.007335423098473681,7.5949684980127055
EQ-002,2025-01-01 20:51:00,1,False,0.08306803350173003,7.557014213324985
EQ-002,2025-01-01 20:54:00,1,False,0.007205677117042564,7.4062749541915505
EQ-002,2025-01-01 20:57:00,1,False,0.051765919369259894,7.438515975230872
EQ-002,2025-01-01 20:58:00,1,False,0.09160306738800206,7.457036738094501
EQ-002,2025-01-01 21:02:00,1,False,0.07858550460638486,7.595184481156797
EQ-002,2025-01-01 21:07:00,1,False,0.09268920867395225,7.64395674192657
EQ-002,2025-01-01 21:10:00,1,False,0.03245775040799126,7.554849367629431
EQ-002,2025-01-01 21:16:00,1,False,0.0878871098931931,7.603196396735613
EQ-002,2025-01-01 21:22:00,1,False,0.10365661436801449,7.570545435919591
EQ-002,2025-01-01 21:24:00,1,False,0.07132669648851253,7.489631195661807
EQ-002,2025-01-01 21:29:00,1,False,0.07516376940554603,7.47374955218208
EQ-002,2025-01-01 21:32:00,1,False,0.0005706508146141598,7.589113833803935
EQ-002,2025-01-01 21:35:00,1,False,0.08600214356602726,7.468837316931269
EQ-002,2025-01-01 21:38:00,1,False,0.11797588349684862,7.557050809929474
EQ-002,2025-01-01 21:41:00,1,False,0.08986020216263352,7.428902335409449
EQ-002,2025-01-01 21:44:00,1,False,0.1021627181347311,7.424453684857859
EQ-002,2025-01-01 21:48:00,1,False,0.10035614367376766,7.477339541684262
EQ-002,2025-01-01 21:50:00,1,False,0.09748350232844927,7.410860226752908
EQ-002,2025-01-01 21:51:00,1,False,0.07258933995359346,7.358376599996364
EQ-002,2025-01-01 21:57:00,1,False,0.10515631265351444,7.46088357401616
EQ-002,2025-01-01 21:58:00,1,False,0.0800773625178749,7.414595969961593
EQ-002,2025-01-01 21:59:00,1,False,0.09829611579334874,7.383210314686556
EQ-002,2025-01-01 22:02:00,1,False,0.10828338246352703,7.422429396244439
EQ-002,2025-01-01 22:09:00,1,False,0.0886996322006024,7.520444766555355
EQ-002,2025-01-01 22:10:00,1,False,0.07557707786656981,7.210338109864782
EQ-002,2025-01-01 22:12:00,1,False,0.07812331407851153,7.245209912769476
EQ-002,2025-01-01 22:14:00,1,False,0.03318813004182569,7.308525668324027
EQ-002,2025-01-01 22:16:00,1,False,0.07101278286036644,7.263518125899816
EQ-002,2025-01-01 22:19:00,1,False,0.08335167118852599,7.254123212835845
EQ-002,2025-01-01 22:20:00,1,False,0.07338021441807446,7.20610800832955
EQ-002,2025-01-01 22:23:00,1,False,0.08530972291170213,7.176754652592211
EQ-002,2025-01-01 22:29:00,1,False,0.08638289145110661,7.365641590831165
EQ-002,2025-01-01 22:31:00,1,False,0.0696051826461615,7.455991816310923
EQ-002,2025-01-01 22:32:00,1,False,0.0907851299435406,7.551585389217057
EQ-002,2025-01-01 22:35:00,1,False,0.06712330862462401,7.322525098310637
EQ-002,2025-01-01 22:36:00,1,False,0.08303836845222623,7.331077597680281
EQ-002,2025-01-01 22:39:00,1,False,0.0691611931864447,7.288540035494212
EQ-002,2025-01-01 22:42:00,1,False,0.10241642637978554,7.225064674875036
EQ-002,2025-01-01 22:44:00,1,False,0.09460832658546536,7.2178847343224835
EQ-002,2025-01-01 22:47:00,1,False,0.07767824661903588,7.209603473679087
EQ-002,2025-01-01 22:49:00,1,False,0.08413700248147904,7.173338883257716
EQ-002,2025-01-01 22:51:00,1,False,0.09320637023042433,7.245319089888503
EQ-002,2025-01-01 22:52:00,1,False,0.09609712135728471,7.235355326757204
EQ-002,2025-01-01 22:53:00,1,False,0.08819401426023665,7.159694442066584
EQ-002,2025-01-01 22:58:00,1,False,0.07801518137493302,7.027379086825526
EQ-002,2025-01-01 22:59:00,1,False,0.07039240560697896,7.302655005060967
EQ-002,2025-01-01 23:02:00,1,False,0.07666033570479647,7.128574219767866
EQ-002,2025-01-01 23:04:00,1,False,0.06957652923587454,7.193167823370334
EQ-002,2025-01-01 23:06:00,1,False,0.08092156882497298,7.382862615112908
EQ-002,2025-01-01 23:11:00,1,False,0.056229349759163716,7.111611242306413
EQ-002,2025-01-01 23:15:00,1,False,0.07765783871636855,7.235869573279444
EQ-002,2025-01-01 23:16:00,1,False,0.06593258621514858,7.071703173586219
EQ-002,2025-01-01 23:17:00,1,False,0.05371011739353815,7.134058540355826
EQ-002,2025-01-01 23:26:00,1,False,0.0593400350909829,7.267637822992789
EQ-002,2025-01-01 23:31:00,1,False,0.03502328627279333,7.130978378143481
EQ-002,2025-01-01 23:34:00,1,False,0.0782906153709852,7.307984844158244
EQ-002,2025-01-01 23:36:00,1,False,0.0765890430107129,7.271078339024495
EQ-002,2025-01-01 23:37:00,1,False,0.08754505178534655,7.29624968452833
EQ-002,2025-01-01 23:39:00,1,False,0.08574970824609596,7.16888360805407
EQ-002,2025-01-01 23:42:00,1,False,0.07360097595471837,7.267485032502601
EQ-002,2025-01-01 23:50:00,1,False,0.09533498892625947,7.478605733915304
EQ-002,2025-01-01 23:53:00,1,False,0.07707647822849578,7.3505259534556
EQ-002,2025-01-01 23:56:00,1,False,0.08442033074295308,7.273638482052205
EQ-002,2025-01-01 23:57:00,1,False,0.09471617130719867,7.176406546245099
EQ-002,2025-01-02 00:01:00,1,False,0.05190898374399466,6.9993060595871555
EQ-002,2025-01-02 00:03:00,1,False,0.08776444342578693,7.3929012535040295
EQ-002,2025-01-02 00:14:00,1,False,0.05442275518118589,7.411273355361767
EQ-002,2025-01-02 00:17:00,1,False,0.06443391350121203,7.168601989246164
EQ-002,2025-01-02 00:19:00,1,False,0.09534033026991606,7.292895811578334
EQ-002,2025-01-02 00:26:00,1,False,0.08220684419759378,7.303306271058984
EQ-002,2025-01-02 00:27:00,1,False,0.09372321367859976,7.527192014699738
EQ-002,2025-01-02 00:32:00,1,False,0.10319080143049197,7.463631074359381
EQ-002,2025-01-02 00:36:00,1,False,0.10332462986131918,7.42322243683235
EQ-002,2025-01-02 00:37:00,1,False,0.09117152421447439,7.5440288176538015
EQ-002,2025-01-02 00:39:00,1,False,0.07618524567556928,7.48663060294053
EQ-002,2025-01-02 00:44:00,1,False,0.11796181713220044,7.537480481466056
EQ-002,2025-01-02 00:49:00,1,False,0.10249783019251574,7.6052496060441275
EQ-002,2025-01-02 00:51:00,1,False,0.08645789647257224,7.567524805351424
EQ-002,2025-01-02 00:54:00,1,False,0.07716408622417026,7.55311434570114
EQ-002,2025-01-02 00:55:00,1,False,0.09163290251854916,7.5885131571087205
EQ-002,2025-01-02 00:56:00,1,False,0.09885992003851513,7.428315002475999
EQ-002,2025-01-02 00:58:00,1,False,0.07168142605974792,7.350025213811015
EQ-002,2025-01-02 01:00:00,1,False,0.07844637159996481,7.473657665780795
EQ-002,2025-01-02 01:04:00,1,False,0.10614887496718156,7.54573848700074
EQ-002,2025-01-02 01:07:00,1,False,0.09769926612549923,7.423258566718315
EQ-002,2025-01-02 01:10:00,1,False,0.09320099025299505,7.477946146402255
EQ-002,2025-01-02 01:16:00,1,False,0.08426434147075046,7.680094819121259
EQ-002,2025-01-02 01:18:00,1,False,0.11005766613034029,7.583172642099652
EQ-002,2025-01-02 01:19:00,1,False,0.09272017169346758,7.560840709531871
EQ-002,2025-01-02 01:24:00,1,False,0.09617902623148183,7.4953178573359
EQ-002,2025-01-02 01:39:00,1,False,0.1198148083027647,7.472069371141869
EQ-002,2025-01-02 01:40:00,1,False,0.10115348751675685,7.572636072049664
EQ-002,2025-01-02 01:43:00,1,False,0.07621531892372513,7.554274113591475
EQ-002,2025-01-02 01:45:00,1,False,0.07000305696469888,7.702735667995438
EQ-002,2025-01-02 01:48:00,1,False,0.07773859856923504,7.662868715021935
EQ-002,2025-01-02 01:52:00,1,False,0.07527285075379236,7.639490775582073
EQ-002,2025-01-02 01:53:00,1,False,0.10606926741729739,7.697725869480889
EQ-002,2025-01-02 01:54:00,1,False,0.09753204465130999,7.672347735631987
EQ-002,2025-01-02 02:04:00,1,False,0.09750373661001399,7.758361748330605
EQ-002,2025-01-02 02:05:00,1,False,0.06663979179741952,7.698043467801266
EQ-002,2025-01-02 02:07:00,1,False,0.08168686798516739,7.714309425465724
EQ-002,2025-01-02 02:11:00,1,False,0.09223223682658804,7.705368963198308
EQ-002,2025-01-02 02:16:00,1,False,0.10418944187278778,7.756479920442835
EQ-002,2025-01-02 02:19:00,1,False,0.09847901397830955,7.664198142599851
EQ-002,2025-01-02 02:22:00,1,False,0.10340366822220476,7.648716634928792
EQ-002,2025-01-02 02:23:00,1,False,0.08875464947144274,7.737609284464039
EQ-002,2025-01-02 02:24:00,1,False,0.09038029896824379,7.793301676373869
EQ-002,2025-01-02 02:31:00,1,False,0.012930963162772313,9.320892726536044
EQ-002,2025-01-02 02:32:00,-1,True,-0.006057954364399376,7.754626396628287
EQ-002,2025-01-02 02:36:00,1,False,0.004370523950197547,7.810228497760464
EQ-002,2025-01-02 02:47:00,1,False,0.02370059227625898,7.783989937267275
EQ-002,2025-01-02 02:57:00,1,False,0.08501603740571007,7.705611787462474
EQ-002,2025-01-02 03:04:00,-1,True,-0.009641111404664504,7.910782432156444
EQ-002,2025-01-02 03:06:00,1,False,0.06294589128710809,7.734625988936988
EQ-002,2025-01-02 03:07:00,1,False,0.058427681490060335,7.801928080538289
EQ-002,2025-01-02 03:08:00,1,False,0.08319678834217059,7.719874379764637
EQ-002,2025-01-02 03:10:00,1,False,0.1002653487191324,7.696689237708498
EQ-002,2025-01-02 03:14:00,-1,True,-0.018310249016609492,7.857473760314877
EQ-002,2025-01-02 03:15:00,1,False,0.07016288026250161,7.683359296981685
EQ-002,2025-01-02 03:17:00,1,False,0.08843249208328141,7.83852052028629
EQ-002,2025-01-02 03:22:00,1,False,0.052567248724602056,7.864801890742092
EQ-002,2025-01-02 03:23:00,1,False,0.04144610145006361,7.907486039336901
EQ-002,2025-01-02 03:26:00,-1,True,-0.0407977713684845,7.789702170696167
EQ-002,2025-01-02 03:27:00,1,False,0.050254513617186525,7.773452184859877
EQ-002,2025-01-02 03:33:00,1,False,0.056275826218429026,7.710566328371441
EQ-002,2025-01-02 03:40:00,1,False,0.05167219336023143,7.877559298854792
EQ-002,2025-01-02 03:41:00,1,False,0.06445741269665589,7.777365779570999
EQ-002,2025-01-02 03:43:00,1,False,0.06821533723859113,7.753010483595362
EQ-002,2025-01-02 03:44:00,1,False,0.06512054052815475,7.865058929813926
EQ-002,2025-01-02 03:45:00,1,False,0.052216245854330046,7.807223429364692
EQ-002,2025-01-02 03:48:00,1,False,0.05805101639461807,7.758335980774502
EQ-002,2025-01-02 03:51:00,1,False,0.05947774170073783,7.7618102379068175
EQ-002,2025-01-02 03:57:00,1,False,0.07176541555262211,7.728377900130028
EQ-002,2025-01-02 03:59:00,1,False,0.0814161929773875,7.722389306710222
EQ-002,2025-01-02 04:04:00,1,False,0.06826763748901876,7.679509299373292
EQ-002,2025-01-02 04:05:00,1,False,0.07606196934986609,7.693089806336422
EQ-002,2025-01-02 04:06:00,1,False,0.07607514947679278,7.644543214018928
EQ-002,2025-01-02 04:07:00,1,False,0.026984364654648818,7.815563705289771
EQ-002,2025-01-02 04:12:00,1,False,0.081107766100802,7.661482275181283
EQ-002,2025-01-02 04:13:00,1,False,0.09353839109448864,7.659555664718832
EQ-002,2025-01-02 04:16:00,1,False,0.056725641366061785,7.513792530762882
EQ-002,2025-01-02 04:18:00,1,False,0.10089810931375354,7.646031278647302
EQ-002,2025-01-02 04:30:00,1,False,0.08167381533699608,7.62918804667941
EQ-002,2025-01-02 04:31:00,1,False,0.07313062580607382,7.597863210884417
EQ-002,2025-01-02 04:34:00,1,False,0.10675656208512374,7.634804650336641
EQ-002,2025-01-02 04:36:00,1,False,0.10101923504801869,7.658643319491205
EQ-002,2025-01-02 04:37:00,1,False,0.11554114453724168,7.7086877807619665
EQ-002,2025-01-02 04:38:00,1,False,0.08856978172918151,7.636131986611377
EQ-002,2025-01-02 04:39:00,1,False,0.0943485233349689,7.606494816948361
EQ-002,2025-01-02 04:42:00,1,False,0.09748220049189676,7.6923511892429834
EQ-002,2025-01-02 04:44:00,1,False,0.07511954577321867,7.72300364393379
EQ-002,2025-01-02 04:47:00,1,False,0.06862454855711164,7.685123670298868
EQ-002,2025-01-02 04:48:00,1,False,0.08124454630929906,7.57536879803833
EQ-002,2025-01-02 04:56:00,1,False,0.09992650723904811,7.60362943022417
EQ-002,2025-01-02 05:00:00,1,False,0.10749433128148905,7.701343153317205
EQ-002,2025-01-02 05:02:00,1,False,0.09080974099507555,7.544392948036387
EQ-002,2025-01-02 05:07:00,1,False,0.11210050460804277,7.567963890316438
EQ-002,2025-01-02 05:12:00,1,False,0.09953927668604179,7.6272571763626935
EQ-002,2025-01-02 05:13:00,1,False,0.0698562079273427,7.5517048971355765
EQ-002,2025-01-02 05:14:00,1,False,0.10190061763867109,7.601527338564263
EQ-002,2025-01-02 05:16:00,1,False,0.06803807001722029,7.481798514411504
EQ-002,2025-01-02 05:17:00,1,False,0.086696100162931,7.4451085820212946
EQ-002,2025-01-02 05:18:00,1,False,0.10130366991173906,7.386734123562877
EQ-002,2025-01-02 05:19:00,1,False,0.0993197939657835,7.524270587875936
EQ-002,2025-01-02 05:20:00,1,False,0.10012367179139187,7.500655475023673
EQ-002,2025-01-02 05:21:00,1,False,0.0743816910514623,7.3708167475339055
EQ-002,2025-01-02 05:23:00,1,False,0.09271104145839515,7.4286474455656215
EQ-002,2025-01-02 05:24:00,1,False,0.06894863174854798,7.4719965961656225
EQ-002,2025-01-02 05:26:00,1,False,0.08752847835484368,7.348123933931971
EQ-002,2025-01-02 05:27:00,1,False,0.09113375827629555,7.4874237679271
EQ-002,2025-01-02 05:30:00,1,False,0.0889398242124631,7.4022887044566765
EQ-002,2025-01-02 05:31:00,1,False,0.08656302143016409,7.406788666489166
EQ-002,2025-01-02 05:32:00,1,False,0.09763077811247423,7.456844661187072
EQ-002,2025-01-02 05:33:00,1,False,0.10038155488245776,7.542445312497521
EQ-002,2025-01-02 05:41:00,1,False,0.10876460470710453,7.498800420001975
EQ-002,2025-01-02 05:48:00,1,False,0.08159249692546783,7.364746361471955
EQ-002,2025-01-02 05:50:00,1,False,0.06713434721314726,7.339772813209591
EQ-002,2025-01-02 05:52:00,1,False,0.07899192616799133,7.370668172288904
EQ-002,2025-01-02 05:54:00,1,False,0.1060575403345908,7.336515668608817
EQ-002,2025-01-02 05:58:00,1,False,0.09684984514111694,7.334242083888686
EQ-002,2025-01-02 05:59:00,1,False,0.08362844519451623,7.336732938886883
EQ-002,2025-01-02 06:01:00,1,False,0.09356061158344725,7.358321682463992
EQ-002,2025-01-02 06:02:00,1,False,0.09787073008981084,7.3401643301289585
EQ-002,2025-01-02 06:07:00,1,False,0.08805446221342395,7.275738406934469
EQ-002,2025-01-02 06:11:00,1,False,0.06946902380511982,7.274457578043512
EQ-002,2025-01-02 06:13:00,1,False,0.09327290922582138,7.250557864179334
EQ-002,2025-01-02 06:28:00,1,False,0.081385545950728,7.488148125552677
EQ-002,2025-01-02 06:30:00,1,False,0.09734658254718975,7.293358390690607
EQ-002,2025-01-02 06:32:00,1,False,0.08683888995008593,7.1716474649020014
EQ-002,2025-01-02 06:34:00,1,False,0.08064704000138234,7.397220760518512
EQ-002,2025-01-02 06:39:00,1,False,0.08146295607664111,7.2186362302320255
EQ-002,2025-01-02 06:40:00,1,False,0.07301886357793663,7.399676506489718
EQ-002,2025-01-02 06:45:00,1,False,0.08605163102772306,7.186815105779135
EQ-002,2025-01-02 06:46:00,1,False,0.0745325439270697,7.280233601463786
EQ-002,2025-01-02 06:47:00,1,False,0.0866976658188442,7.375344768361569
EQ-002,2025-01-02 06:48:00,1,False,0.09195113917245468,7.257534110118819
EQ-002,2025-01-02 06:52:00,1,False,0.09599457786929327,7.257288284714179
EQ-002,2025-01-02 06:56:00,1,False,0.09417557591595005,7.276504207632035
EQ-002,2025-01-02 06:57:00,1,False,0.0554244907727523,7.082529400061685
EQ-002,2025-01-02 06:58:00,1,False,0.06965517869596966,7.1264645159610716
EQ-002,2025-01-02 07:03:00,1,False,0.05197439181813862,7.241840627715802
EQ-002,2025-01-02 07:05:00,1,False,0.05802109474339184,7.127372520943124
EQ-002,2025-01-02 07:12:00,1,False,0.040775045683410116,7.109488303752263
EQ-002,2025-01-02 07:14:00,1,False,0.02605396542547772,7.161745507046451
EQ-002,2025-01-02 07:20:00,1,False,0.04996927616389907,7.134733470937139
EQ-002,2025-01-02 07:24:00,1,False,0.07760511401083503,7.30550247616713
EQ-002,2025-01-02 07:26:00,1,False,0.08310775981035434,7.210779148427762
EQ-002,2025-01-02 07:27:00,1,False,0.06885049455257525,7.290408064485782
EQ-002,2025-01-02 07:29:00,1,False,0.0957612437615567,7.172730294433792
EQ-002,2025-01-02 07:36:00,1,False,0.08021953330904413,7.185368999375676
EQ-002,2025-01-02 07:39:00,1,False,0.08901975374061216,7.358670174627947
EQ-002,2025-01-02 07:40:00,1,False,0.08295426328239108,7.135350993968002
EQ-002,2025-01-02 07:41:00,1,False,0.0928520349858859,7.240079635310257
EQ-002,2025-01-02 07:55:00,1,False,0.06766091131907298,7.156991224793029
EQ-002,2025-01-02 07:57:00,1,False,0.06827257905596024,7.1827490634024675
EQ-002,2025-01-02 07:58:00,1,False,0.07220021840754065,7.272015793726348
EQ-002,2025-01-02 07:59:00,1,False,0.055740087578337594,7.121688465204744
EQ-002,2025-01-02 08:00:00,1,False,0.054746166747482616,7.24227471393024
EQ-002,2025-01-02 08:01:00,1,False,0.04567230997838978,7.245851780747503
EQ-002,2025-01-02 08:03:00,1,False,0.05649664382094005,7.129541172572864
EQ-002,2025-01-02 08:04:00,1,False,0.05054266049535444,7.1462093344435935
EQ-002,2025-01-02 08:06:00,1,False,0.07487909075216487,7.251659152491899
EQ-002,2025-01-02 08:11:00,1,False,0.05255058165580023,7.011549928569448
EQ-002,2025-01-02 08:16:00,1,False,0.05027550054635033,7.19700292027349
EQ-002,2025-01-02 08:17:00,1,False,0.060156041677939975,7.266928796175697
EQ-002,2025-01-02 08:24:00,1,False,0.0736957293387972,7.231551725614963
EQ-002,2025-01-02 08:31:00,1,False,0.09817146117893333,7.284291266952497
EQ-002,2025-01-02 08:33:00,1,False,0.07265392987769548,7.365807409940813
EQ-002,2025-01-02 08:35:00,1,False,0.09755183790636163,7.319110647579043
EQ-002,2025-01-02 08:36:00,1,False,0.09512802360757583,7.250687100481773
EQ-002,2025-01-02 08:37:00,1,False,0.09270175576466277,7.323581566155672
EQ-002,2025-01-02 08:38:00,1,False,0.1040732933341077,7.302019155536675
EQ-002,2025-01-02 08:46:00,1,False,0.07009763667411195,7.398865341096779
EQ-002,2025-01-02 08:47:00,1,False,0.09614151746058858,7.3729743808690715
EQ-002,2025-01-02 08:53:00,1,False,0.1065081902377038,7.271839937479716
EQ-002,2025-01-02 08:54:00,1,False,0.10853916506957462,7.427706146915157
EQ-002,2025-01-02 08:57:00,1,False,0.11380434012697749,7.3893949271529085
EQ-002,2025-01-02 09:00:00,1,False,0.10655652393807241,7.272917759613932
EQ-002,2025-01-02 09:01:00,1,False,0.10586409803906394,7.33475475686918
EQ-002,2025-01-02 09:04:00,1,False,0.08757461402544003,7.4667543910197205
EQ-002,2025-01-02 09:10:00,1,False,0.1073686600087368,7.477222280848391
EQ-002,2025-01-02 09:11:00,1,False,0.11331052543445896,7.452865935736205
EQ-002,2025-01-02 09:13:00,1,False,0.10169926815384822,7.325507124661025
EQ-002,2025-01-02 09:16:00,1,False,0.09750741461052936,7.258907589427503
EQ-002,2025-01-02 09:22:00,1,False,0.10346026685987997,7.539373124025197
EQ-002,2025-01-02 09:23:00,1,False,0.07163645519997447,7.459146568344986
EQ-002,2025-01-02 09:26:00,1,False,0.08266775489710171,7.522519919884753
EQ-002,2025-01-02 09:29:00,1,False,0.10028844609306758,7.688600394028118
EQ-002,2025-01-02 09:30:00,1,False,0.07054266088581546,7.510642840251243
EQ-002,2025-01-02 09:31:00,1,False,0.07935746140025757,7.462904827751068
EQ-002,2025-01-02 09:34:00,1,False,0.09938644185432366,7.485955696806708
EQ-002,2025-01-02 09:36:00,1,False,0.12150639023572757,7.397249978170484
EQ-002,2025-01-02 09:39:00,1,False,0.08855179095908,7.52782204939424
EQ-002,2025-01-02 09:41:00,1,False,0.07823487705141818,7.673278927902411
EQ-002,2025-01-02 09:42:00,1,False,0.024827742268553443,9.09081700274104
EQ-002,2025-01-02 09:43:00,-1,True,-0.002952898249432012,7.817832815969584
EQ-002,2025-01-02 09:45:00,1,False,0.012560960048571213,7.736833307460847
EQ-002,2025-01-02 09:46:00,1,False,0.027461056135830386,7.665033704329227
EQ-002,2025-01-02 09:48:00,1,False,0.08404549141713241,7.787032937511421
EQ-002,2025-01-02 09:49:00,-1,True,-0.007716036654334402,7.700491078996955
EQ-002,2025-01-02 09:50:00,1,False,0.0992004553683718,7.6818582596924045
EQ-002,2025-01-02 09:56:00,1,False,0.09378003843910238,7.707670660510554
EQ-002,2025-01-02 09:59:00,1,False,0.09446876949718946,7.603601020822314
EQ-002,2025-01-02 10:06:00,1,False,0.08087792059165827,7.699345747572173
EQ-002,2025-01-02 10:07:00,1,False,0.01710723205951814,7.512776042710231
EQ-002,2025-01-02 10:09:00,1,False,0.09357112237551324,7.733428599369557
EQ-002,2025-01-02 10:12:00,1,False,0.09863740345818434,7.529230108100884
EQ-002,2025-01-02 10:15:00,1,False,0.09575950342815082,7.565624671377225
EQ-002,2025-01-02 10:18:00,-1,True,-0.0011941860594645304,9.169661223458332
EQ-002,2025-01-02 10:19:00,-1,True,-0.05221675068932885,7.870320358297604
EQ-002,2025-01-02 10:21:00,1,False,0.01290751439996718,7.677261620761451
EQ-002,2025-01-02 10:24:00,1,False,0.015599289402656313,7.735695719437277
EQ-002,2025-01-02 10:25:00,1,False,0.08089977033841383,7.641681336861169
EQ-002,2025-01-02 10:29:00,-1,True,-0.01975004228012278,7.821432548881983
EQ-002,2025-01-02 10:31:00,1,False,0.059918970870778576,7.6521057455410935
EQ-002,2025-01-02 10:32:00,1,False,0.10663703698606902,7.649016991621588
EQ-002,2025-01-02 10:33:00,1,False,0.08170258870287811,7.740602828284259
EQ-002,2025-01-02 10:35:00,1,False,0.09892304507649768,7.612201592741664
EQ-002,2025-01-02 10:36:00,1,False,0.01640789264572745,7.731781881784541
EQ-002,2025-01-02 10:37:00,1,False,0.09205733551041628,7.739084994211911
EQ-002,2025-01-02 10:45:00,1,False,0.05023813121438181,7.869288332342773
EQ-002,2025-01-02 10:47:00,1,False,0.035265913053135756,7.9772059343542026
EQ-002,2025-01-02 11:17:00,1,False,0.05956945104604566,7.770558901260081
EQ-002,2025-01-02 11:18:00,-1,True,-0.043187997710212644,7.854596169512575
EQ-002,2025-01-02 11:22:00,-1,True,-0.000549922503587208,7.774372627857938
EQ-002,2025-01-02 11:23:00,1,False,0.08227588995200269,7.850102783055632
EQ-002,2025-01-02 11:27:00,1,False,0.07332742279651344,7.708416569670538
EQ-002,2025-01-02 11:32:00,1,False,0.0788177035124612,7.772583179937101
EQ-002,2025-01-02 11:33:00,1,False,0.08301449217477097,7.756049987666787
EQ-002,2025-01-02 11:34:00,1,False,0.07121266823680805,7.748489970872832
EQ-002,2025-01-02 11:36:00,1,False,0.05417975215502607,7.805103028800485
EQ-002,2025-01-02 11:38:00,1,False,0.07654575680016623,7.810430784952188
EQ-002,2025-01-02 11:39:00,1,False,0.09112991964700523,7.742092111533724
EQ-002,2025-01-02 11:43:00,1,False,0.07380626425624659,7.930587186448697
EQ-002,2025-01-02 11:44:00,1,False,0.052678833072893505,7.991201219191321
EQ-002,2025-01-02 11:45:00,1,False,0.017287485586109375,7.861737709361253
EQ-002,2025-01-02 11:53:00,-1,True,-0.011460253175969881,7.740476253536535
EQ-002,2025-01-02 11:55:00,1,False,0.055533514135250095,7.855998753813437
EQ-002,2025-01-02 11:56:00,-1,True,-0.030826502500270525,7.867399326506914
EQ-002,2025-01-02 11:57:00,1,False,0.07078822764633574,7.7835001467386755
EQ-002,2025-01-02 11:59:00,1,False,0.049546580375531835,7.745271953947921
EQ-002,2025-01-02 12:02:00,1,False,0.08509054772787567,7.810781890953898
EQ-002,2025-01-02 12:17:00,1,False,0.07851552459315181,7.854924057782415
EQ-002,2025-01-02 12:18:00,1,False,0.04869984535095806,7.798587755964422
EQ-002,2025-01-02 12:19:00,1,False,0.07099463236236359,7.881470855382909
EQ-002,2025-01-02 12:22:00,1,False,0.07293510321501528,7.622258629695234
EQ-002,2025-01-02 12:23:00,1,False,0.09014226711551582,7.646508085071023
EQ-002,2025-01-02 12:24:00,1,False,0.05223837746442933,7.920326930301273
EQ-002,2025-01-02 12:28:00,1,False,0.06741407975303787,7.815201152635312
EQ-002,2025-01-02 12:29:00,1,False,0.05877714091476505,7.773349313089861
EQ-002,2025-01-02 12:30:00,1,False,0.03607557058524291,7.679527646796049
EQ-002,2025-01-02 12:31:00,1,False,0.07109391954399835,7.787940936160023
EQ-002,2025-01-02 12:34:00,1,False,0.048039967369008396,7.888849551270185
EQ-002,2025-01-02 12:38:00,1,False,0.08293854958911445,7.661874711646132
EQ-002,2025-01-02 12:40:00,1,False,0.08719075446774444,7.717559475180691
EQ-002,2025-01-02 12:43:00,-1,True,-0.0044723028352309235,9.307956633315161
EQ-002,2025-01-02 12:44:00,-1,True,-0.026045897702334342,7.798724452057478
EQ-002,2025-01-02 12:52:00,-1,True,-0.0022074833130143467,7.5512171143539994
EQ-002,2025-01-02 12:55:00,1,False,0.0384269416791882,7.6535814515621645
EQ-002,2025-01-02 12:56:00,1,False,0.09388700154537932,7.6515645797803336
EQ-002,2025-01-02 13:03:00,1,False,0.007416686777891868,7.619386951745963
EQ-002,2025-01-02 13:04:00,1,False,0.0983263997149263,7.596637540121913
EQ-002,2025-01-02 13:05:00,1,False,0.09531562026632567,7.632226593382569
EQ-002,2025-01-02 13:10:00,1,False,0.09118448061700785,7.6991374235531325
EQ-002,2025-01-02 13:14:00,1,False,0.10882006289001073,7.560634203446441
EQ-002,2025-01-02 13:18:00,1,False,0.008294052669979957,7.62769625159523
EQ-002,2025-01-02 13:21:00,1,False,0.09726448306281099,7.571059815628782
EQ-002,2025-01-02 13:22:00,1,False,0.09322613401572938,7.6586738422073015
EQ-002,2025-01-02 13:26:00,1,False,0.10178109271444191,7.656258570628327
EQ-002,2025-01-02 13:29:00,1,False,0.10904529446291528,7.508048081618685
EQ-002,2025-01-02 13:30:00,1,False,0.01681932157975835,7.678271665862488
EQ-002,2025-01-02 13:31:00,1,False,0.10195329790148633,7.565663867233874
EQ-002,2025-01-02 13:33:00,1,False,0.10826604296219522,7.574320359421006
EQ-002,2025-01-02 13:37:00,1,False,0.10637556953797422,7.556229428893008
EQ-002,2025-01-02 13:43:00,1,False,0.09653878116654713,7.485657437663153
EQ-002,2025-01-02 13:53:00,1,False,0.10193237753815321,7.517669911766905
EQ-002,2025-01-02 13:55:00,1,False,0.11695849355150872,7.554738862321152
EQ-002,2025-01-02 13:58:00,1,False,0.08807477702396849,7.469387136500716
EQ-002,2025-01-02 14:01:00,1,False,0.1132328255575546,7.536239846548517
EQ-002,2025-01-02 14:09:00,1,False,0.11641480903137247,7.382288236354724
EQ-002,2025-01-02 14:10:00,1,False,0.09394203527300116,7.592205194821134
EQ-002,2025-01-02 14:17:00,1,False,0.0977587926313993,7.329280101794682
EQ-002,2025-01-02 14:22:00,1,False,0.09053492887053527,7.481019195690186
EQ-002,2025-01-02 14:29:00,1,False,0.08738185147852873,7.316178819673871
EQ-002,2025-01-02 14:32:00,1,False,0.07658017237907916,7.365423379296949
EQ-002,2025-01-02 14:37:00,1,False,0.009664352723046998,7.427412220400759
EQ-002,2025-01-02 14:42:00,1,False,0.07998180888902273,7.247413282753618
EQ-002,2025-01-02 14:43:00,1,False,0.10084114717393683,7.35581708851758
EQ-002,2025-01-02 14:46:00,1,False,0.09317010265780601,7.218888605776053
EQ-002,2025-01-02 14:54:00,1,False,0.09111524364706902,7.117507783068276
EQ-002,2025-01-02 14:55:00,1,False,0.06572406889351795,7.199911438945252
EQ-002,2025-01-02 14:56:00,1,False,0.08372700689177054,7.1663414018180935
EQ-002,2025-01-02 15:00:00,1,False,0.08760815841031433,7.441539198664359
EQ-002,2025-01-02 15:01:00,1,False,0.07311567308713729,7.176561701787437
EQ-002,2025-01-02 15:02:00,1,False,0.04462525937535494,7.358694598484824
EQ-002,2025-01-02 15:04:00,1,False,0.07334521557385126,7.256150358499054
EQ-002,2025-01-02 15:09:00,1,False,0.07854258217647175,7.17632809481328
EQ-002,2025-01-02 15:10:00,1,False,0.030975237303694225,7.070018204127275
EQ-002,2025-01-02 15:13:00,1,False,0.0457373632649169,7.126707071291715
EQ-002,2025-01-02 15:15:00,1,False,0.05118402095173552,7.109647344817338
EQ-002,2025-01-02 15:16:00,1,False,0.045774242861308545,7.259629477774907
EQ-002,2025-01-02 15:18:00,1,False,0.062036302508938435,7.1549499376912475
EQ-002,2025-01-02 15:20:00,1,False,0.04337998195135068,7.12320394444756
EQ-002,2025-01-02 15:26:00,1,False,0.054710697204301884,7.096489011449864
EQ-002,2025-01-02 15:33:00,1,False,0.04017384256414097,7.155922830418568
EQ-002,2025-01-02 15:39:00,1,False,0.03256163807106838,7.162251164509839
EQ-002,2025-01-02 15:41:00,1,False,0.02659224966890772,7.159949986633425
EQ-002,2025-01-02 15:43:00,1,False,0.02848140070118771,7.094677690366168
EQ-002,2025-01-02 15:50:00,1,False,0.03422054991603379,7.155133277068936
EQ-002,2025-01-02 15:52:00,1,False,0.04925028519226582,7.0961200393450845
EQ-002,2025-01-02 15:54:00,1,False,0.03981368678258246,7.169809988897965
EQ-002,2025-01-02 15:55:00,1,False,0.044579730564545894,7.1962387035126
EQ-002,2025-01-02 16:01:00,1,False,0.04136392695064067,7.156695132333306
EQ-002,2025-01-02 16:03:00,1,False,0.06287264877579984,7.17607609057831
EQ-002,2025-01-02 16:04:00,1,False,0.054469049885757403,7.217641598483355
EQ-002,2025-01-02 16:06:00,1,False,0.05374829970643147,7.212880304463798
EQ-002,2025-01-02 16:08:00,1,False,0.06430478916580129,7.200627782689555
EQ-002,2025-01-02 16:10:00,1,False,0.062138226202019975,7.167817049848492
EQ-002,2025-01-02 16:13:00,1,False,0.06925299183877837,7.1870047509365556
EQ-002,2025-01-02 16:14:00,1,False,0.06546011990157452,7.193087649482407
EQ-002,2025-01-02 16:15:00,1,False,0.056543865037600394,7.195138435092047
EQ-002,2025-01-02 16:16:00,1,False,0.06583423386830367,7.221402981766605
EQ-002,2025-01-02 16:19:00,1,False,0.06367309383969427,7.252906398190529
EQ-002,2025-01-02 16:24:00,1,False,0.05684853168164483,7.055983320715581
EQ-002,2025-01-02 16:25:00,1,False,0.06276001044652918,7.261501392262469
EQ-002,2025-01-02 16:27:00,1,False,0.07092232797045134,7.155932943082989
EQ-002,2025-01-02 16:31:00,1,False,0.04775706452087941,7.259085776322129
EQ-002,2025-01-02 16:34:00,1,False,0.028266991077377235,7.258781192789604
EQ-002,2025-01-02 16:35:00,1,False,0.045242711546532755,7.200179696418107
EQ-002,2025-01-02 16:36:00,1,False,0.07087936313260573,7.280513766740499
EQ-002,2025-01-02 16:40:00,1,False,0.06513662482289478,7.198842759353283
EQ-002,2025-01-02 16:44:00,1,False,0.06188377001141354,7.428131484791567
EQ-002,2025-01-02 16:47:00,1,False,0.08497062329753846,7.283935979756965
EQ-002,2025-01-02 16:53:00,1,False,0.048549112183004894,7.288892237754958
EQ-002,2025-01-02 16:55:00,1,False,0.07830439445445248,7.187902428885508
EQ-002,2025-01-02 16:58:00,1,False,0.041451740202566145,7.193809577816597
EQ-002,2025-01-02 17:00:00,1,False,0.05636919813883773,7.415238028946714
EQ-002,2025-01-02 17:02:00,1,False,0.06814724063911926,7.2638849206568095
EQ-002,2025-01-02 17:03:00,1,False,0.06584773194683302,7.395617734105564
EQ-002,2025-01-02 17:04:00,1,False,0.08462952924219425,7.332775786493703
EQ-002,2025-01-02 17:12:00,1,False,0.07683110618090622,7.213119836210788
EQ-002,2025-01-02 17:15:00,1,False,0.07955141324976223,7.3472822137305265
EQ-002,2025-01-02 17:16:00,1,False,0.08967163440123133,7.3370335424953295
EQ-002,2025-01-02 17:20:00,1,False,0.06914538953217686,7.208007807973303
EQ-002,2025-01-02 17:24:00,1,False,0.07517338525577788,7.476745792893439
EQ-002,2025-01-02 17:25:00,1,False,0.08167796666693522,7.499825649334065
EQ-002,2025-01-02 17:28:00,1,False,0.0855567947360587,7.3817585995486645
EQ-002,2025-01-02 17:29:00,1,False,0.08049986442958146,7.370482082555933
EQ-002,2025-01-02 17:30:00,1,False,0.0977728801193567,7.358744004494744
EQ-002,2025-01-02 17:33:00,1,False,0.09591682790092992,7.197580176758192
EQ-002,2025-01-02 17:34:00,1,False,0.07883177024800858,7.220151753661025
EQ-002,2025-01-02 17:46:00,1,False,0.08271064158500024,7.384374829781765
EQ-002,2025-01-02 17:47:00,1,False,0.08546377103846442,7.359223670094009
EQ-002,2025-01-02 17:48:00,1,False,0.07748360855325903,7.509756857027854
EQ-002,2025-01-02 17:57:00,1,False,0.10272043353964522,7.441497774838621
EQ-002,2025-01-02 18:00:00,1,False,0.09343929192473721,7.364783343356249
EQ-002,2025-01-02 18:03:00,1,False,0.10241572781344532,7.440357666558012
EQ-002,2025-01-02 18:06:00,1,False,0.09686399194024042,7.436984281012352
EQ-002,2025-01-02 18:09:00,1,False,0.08478608341525401,7.493513229233712
EQ-002,2025-01-02 18:17:00,1,False,0.09081227325598329,7.585721826247088
EQ-002,2025-01-02 18:18:00,1,False,0.09034225228210035,7.550724017554585
EQ-002,2025-01-02 18:19:00,1,False,0.09658577989337352,7.546688273131099
EQ-002,2025-01-02 18:23:00,1,False,0.10248317247954136,7.56000522369964
EQ-002,2025-01-02 18:25:00,1,False,0.10705333179606713,7.5938692730957165
EQ-002,2025-01-02 18:27:00,1,False,0.08021441566064819,7.666430884227892
EQ-002,2025-01-02 18:28:00,1,False,0.08243296117057336,7.605084784877736
EQ-002,2025-01-02 18:30:00,1,False,0.10292448561818607,7.600834758793902
EQ-002,2025-01-02 18:39:00,1,False,0.0988898087227969,7.659989638976083
EQ-002,2025-01-02 18:40:00,1,False,0.037966143848948586,8.791482728883063
EQ-002,2025-01-02 18:41:00,1,False,0.024011683801779482,7.734584376335806
EQ-002,2025-01-02 18:43:00,1,False,0.01210887541533101,7.610935623618101
EQ-002,2025-01-02 18:44:00,1,False,0.03908143276620013,7.653284558021482
EQ-002,2025-01-02 18:45:00,1,False,0.09243127392823924,7.731752036736399
EQ-002,2025-01-02 18:47:00,-1,True,-0.002225012588864539,7.524098473952674
EQ-002,2025-01-02 18:48:00,1,False,0.09788521857599664,7.784913698833093
EQ-002,2025-01-02 18:53:00,1,False,0.09568015176614503,7.696861515820071
EQ-002,2025-01-02 18:57:00,1,False,0.10188660162652668,7.650510014541762
EQ-002,2025-01-02 18:59:00,1,False,0.03013057156518667,9.066958235989432
EQ-002,2025-01-02 19:00:00,-1,True,-0.04831214317487309,7.674490483271439
EQ-002,2025-01-02 19:01:00,-1,True,-0.005647468802664535,7.64805902275139
EQ-002,2025-01-02 19:03:00,1,False,0.030667960107146897,7.755837276888912
EQ-002,2025-01-02 19:04:00,1,False,0.09339615087883057,7.585075424482124
EQ-002,2025-01-02 19:05:00,-1,True,-0.010242014981438063,7.6672686147289415
EQ-002,2025-01-02 19:06:00,1,False,0.012674141722257337,7.597257662246178
EQ-002,2025-01-02 19:09:00,1,False,0.1048055154251758,7.632473909104683
EQ-002,2025-01-02 19:11:00,1,False,0.0526165117046441,7.933377426387012
EQ-002,2025-01-02 19:12:00,1,False,0.07115905562902697,7.821786791382056
EQ-002,2025-01-02 19:16:00,1,False,0.003977550983824019,7.656839860084052
EQ-002,2025-01-02 19:19:00,1,False,0.0259044040585526,7.902686308835196
EQ-002,2025-01-02 19:23:00,1,False,0.056057733054197756,7.741683599839344
EQ-002,2025-01-02 19:26:00,1,False,0.06213796255865289,7.78659048588855
EQ-002,2025-01-02 19:28:00,1,False,0.07080648831257386,7.77261214158999
EQ-002,2025-01-02 19:33:00,1,False,0.003903055196234906,7.844669434303
EQ-002,2025-01-02 19:38:00,1,False,0.07699185650094864,7.845560486088906
EQ-002,2025-01-02 19:41:00,1,False,0.07751715480267662,7.793416154309949
EQ-002,2025-01-02 19:45:00,1,False,0.05505451189852334,7.701490559449014
EQ-002,2025-01-02 19:48:00,1,False,0.06343473314218157,7.914878169015366
EQ-002,2025-01-02 19:53:00,1,False,0.07640454248488865,7.730994578829731
EQ-002,2025-01-02 19:56:00,-1,True,-0.007415337112787412,7.819481854726888
EQ-002,2025-01-02 20:01:00,1,False,0.05377290546901847,7.767180744317175
EQ-002,2025-01-02 20:03:00,1,False,0.005641098383674326,8.892249925223554
EQ-002,2025-01-02 20:04:00,-1,True,-0.02332320190785686,7.860046551086366
EQ-002,2025-01-02 20:06:00,-1,True,-0.007925076054046354,7.751647453089336
EQ-002,2025-01-02 20:13:00,-1,True,-0.008540821456211156,7.8096323095006905
EQ-002,2025-01-02 20:15:00,1,False,0.030356460314107214,7.908512946284301
EQ-002,2025-01-02 20:20:00,-1,True,-0.01928875590439727,7.7925809536312265
EQ-002,2025-01-02 20:23:00,1,False,0.04822907908912594,7.879204062947216
EQ-002,2025-01-02 20:25:00,-1,True,-0.023651289074190673,7.8970464138760015
EQ-002,2025-01-02 20:35:00,1,False,0.04967520363409944,7.6602465465483816
EQ-002,2025-01-02 20:38:00,1,False,0.02857533901113657,7.703663134431839
EQ-002,2025-01-02 20:39:00,1,False,0.003391520840256401,7.708807710288985
EQ-002,2025-01-02 20:42:00,1,False,0.06660400109119385,7.80153805205548
EQ-002,2025-01-02 20:44:00,1,False,0.08848128897033503,7.8072678820948935
EQ-002,2025-01-02 20:45:00,1,False,0.0743487617993494,7.841001173492096
EQ-002,2025-01-02 20:47:00,1,False,0.06503197580379244,7.6983709070768445
EQ-002,2025-01-02 20:48:00,-1,True,-0.0662713296497831,7.902410711294625
EQ-002,2025-01-02 20:51:00,1,False,0.03970192794396055,7.746033780595289
EQ-002,2025-01-02 20:53:00,1,False,0.0825382616837192,7.684624855338353
EQ-002,2025-01-02 20:55:00,-1,True,-0.005662124239634747,9.42150690256155
EQ-002,2025-01-02 20:57:00,-1,True,-0.00596258394737903,7.811604790492206
EQ-002,2025-01-02 21:13:00,1,False,0.005628109326943576,7.728890158828198
EQ-002,2025-01-02 21:14:00,1,False,0.003303939678209966,7.810389475602136
EQ-002,2025-01-02 21:15:00,1,False,0.06867558484498243,7.639953552818034
EQ-002,2025-01-02 21:16:00,-1,True,-0.022472330792734363,7.796941988582454
EQ-002,2025-01-02 21:18:00,1,False,0.07610760286975776,7.660596560420064
EQ-002,2025-01-02 21:20:00,1,False,0.08808587524714873,7.6213861648213275
EQ-002,2025-01-02 21:23:00,1,False,0.06275723823241419,7.824045938190774
EQ-002,2025-01-02 21:25:00,1,False,0.08256490269381422,7.586567776516191
EQ-002,2025-01-02 21:28:00,-1,True,-0.00944721938456583,7.742073609601508
EQ-002,2025-01-02 21:29:00,1,False,0.07291859425951991,7.652516711110426
EQ-002,2025-01-02 21:31:00,1,False,0.01931874414290735,7.7667869206268305
EQ-002,2025-01-02 21:34:00,1,False,0.08325292040650278,7.739391728644827
EQ-002,2025-01-02 21:36:00,1,False,0.10451249872743035,7.757576511222383
EQ-002,2025-01-02 21:38:00,-1,True,-0.01169006284565155,7.547112383635078
EQ-002,2025-01-02 21:39:00,1,False,0.07545398448149593,7.575413345891848
EQ-002,2025-01-02 21:42:00,1,False,0.09603723850218704,7.695903745425927
EQ-002,2025-01-02 21:45:00,1,False,0.08193665510048209,7.585361595708215
EQ-002,2025-01-02 21:48:00,1,False,0.08927984519189125,7.642783151967003
EQ-002,2025-01-02 21:52:00,1,False,0.09964643476110235,7.631447638570964
EQ-002,2025-01-02 21:53:00,1,False,0.10807686631584151,7.512192781306448
EQ-002,2025-01-02 21:57:00,1,False,0.0812805403229157,7.761466428880712
EQ-002,2025-01-02 21:58:00,1,False,0.08513950920380337,7.417977418087524
EQ-002,2025-01-02 21:59:00,1,False,0.10368417306567967,7.479087657378913
EQ-002,2025-01-02 22:01:00,1,False,0.09581465532146893,7.5734147715397615
EQ-002,2025-01-02 22:02:00,1,False,0.11733772043178647,7.39505759703025
EQ-002,2025-01-02 22:05:00,1,False,0.09250729536716962,7.488592900755338
EQ-002,2025-01-02 22:06:00,1,False,0.10820438382502051,7.469242866516081
EQ-002,2025-01-02 22:08:00,1,False,0.11482673807540411,7.454784864101938
EQ-002,2025-01-02 22:10:00,1,False,0.025831963848933936,7.474837708921654
EQ-002,2025-01-02 22:14:00,1,False,0.10622947808263378,7.316683460510319
EQ-002,2025-01-02 22:16:00,1,False,0.10504720664825562,7.448570353882688
EQ-002,2025-01-02 22:18:00,1,False,0.11465055571554672,7.385131457369906
EQ-002,2025-01-02 22:33:00,1,False,0.11311852212574702,7.504047201525794
EQ-002,2025-01-02 22:37:00,1,False,0.11608083531948399,7.452852258354266
EQ-002,2025-01-02 22:39:00,1,False,0.1020458819150677,7.227623478726985
EQ-002,2025-01-02 22:41:00,1,False,0.10280185424270316,7.538039606156937
EQ-002,2025-01-02 22:50:00,1,False,0.09935029673922752,7.383769273167279
EQ-002,2025-01-02 23:00:00,1,False,0.09561946624317347,7.351567348017414
EQ-002,2025-01-02 23:04:00,1,False,0.10772217125865807,7.286349256456362
EQ-002,2025-01-02 23:06:00,1,False,0.10528055887020155,7.3936258815749785
EQ-002,2025-01-02 23:08:00,1,False,0.11029717360950653,7.400981449722322
EQ-002,2025-01-02 23:13:00,1,False,0.10511100130566864,7.308620268912005
EQ-002,2025-01-02 23:14:00,1,False,0.08581001362375673,7.271703131471115
EQ-002,2025-01-02 23:15:00,1,False,0.10998334564266332,7.264019115395226
EQ-002,2025-01-02 23:20:00,1,False,0.08131553526613933,7.358931828225402
EQ-002,2025-01-02 23:23:00,1,False,0.1011811057814268,7.3721400042703245
EQ-002,2025-01-02 23:24:00,1,False,0.1112407451220126,7.261636120604656
EQ-002,2025-01-02 23:25:00,1,False,0.10267179424391759,7.230944841242919
EQ-002,2025-01-02 23:27:00,1,False,0.09064615404682874,7.281829509996339
EQ-002,2025-01-02 23:29:00,1,False,0.10237013691210634,7.3240933610484955
EQ-002,2025-01-02 23:31:00,1,False,0.10113210886412843,7.260818952165963
EQ-002,2025-01-02 23:36:00,1,False,0.11773712884211152,7.302383867244003
EQ-002,2025-01-02 23:39:00,1,False,0.09854274447340478,7.280027824113953
EQ-002,2025-01-02 23:43:00,1,False,0.05328011668869315,8.432527332214828
EQ-002,2025-01-02 23:54:00,1,False,0.019899012690595907,7.214699768061262
EQ-002,2025-01-02 23:55:00,1,False,0.019070099711238575,7.30289916307876
EQ-002,2025-01-02 23:56:00,1,False,0.022927988327738957,7.211851956491066
EQ-002,2025-01-03 00:02:00,1,False,0.10213068285379101,7.132713216640317
EQ-002,2025-01-03 00:04:00,1,False,0.015057957482440265,7.328355581206044
EQ-002,2025-01-03 00:11:00,1,False,0.09613924627781079,7.201908903194943
EQ-002,2025-01-03 00:12:00,1,False,0.06989149680026524,7.026718956242855
EQ-002,2025-01-03 00:15:00,1,False,0.06138891277052405,7.214441195196006
EQ-002,2025-01-03 00:16:00,1,False,0.05367937708432652,7.102230641031593
EQ-002,2025-01-03 00:17:00,-1,True,-0.023237909098611453,7.2727769683606915
EQ-002,2025-01-03 00:20:00,1,False,0.07328111540229831,7.156635649831692
EQ-002,2025-01-03 00:23:00,1,False,0.07146739772182914,7.386753392419098
EQ-002,2025-01-03 00:24:00,1,False,0.08973336884492872,7.269547617503374
EQ-002,2025-01-03 00:26:00,1,False,0.08411994411138152,7.224455282850682
EQ-002,2025-01-03 00:29:00,1,False,0.015188501061997095,7.2512891125994035
EQ-002,2025-01-03 00:32:00,1,False,0.04094271693163948,7.064547811258705
EQ-002,2025-01-03 00:34:00,1,False,0.040593911938853644,7.339725765235872
EQ-002,2025-01-03 00:35:00,1,False,0.06922006674719489,7.1906318813446095
EQ-002,2025-01-03 00:36:00,1,False,0.04282249914059971,7.212371998854216
EQ-002,2025-01-03 00:39:00,1,False,0.06967522458715031,7.293919633935223
EQ-002,2025-01-03 00:43:00,1,False,0.07695152234249403,7.215797858145345
EQ-002,2025-01-03 00:44:00,1,False,0.04718558512777421,7.362485548387529
EQ-002,2025-01-03 00:46:00,1,False,0.09145292048064613,7.241159898974084
EQ-002,2025-01-03 00:49:00,1,False,0.06931771058614927,7.309256222287316
EQ-002,2025-01-03 00:53:00,1,False,0.11062013066181137,7.2639622205539665
EQ-002,2025-01-03 01:06:00,1,False,0.07919970684237587,7.366877666234409
EQ-002,2025-01-03 01:07:00,1,False,0.09262196262872313,7.353928373724219
EQ-002,2025-01-03 01:08:00,1,False,0.0812563569830887,7.454059116614593
EQ-002,2025-01-03 01:09:00,1,False,0.07791665026681105,7.324847072122934
EQ-002,2025-01-03 01:11:00,1,False,0.02873442590783587,7.305254034926949
EQ-002,2025-01-03 01:13:00,1,False,0.04711565576695759,7.157817479135741
EQ-002,2025-01-03 01:17:00,1,False,0.08358127915634822,7.187604064401497
EQ-002,2025-01-03 01:18:00,1,False,0.07319479201098483,7.342061294030792
EQ-002,2025-01-03 01:19:00,1,False,0.04000990492980411,7.2218110524946235
EQ-002,2025-01-03 01:21:00,1,False,0.05960221746816069,7.2960022824669695
EQ-002,2025-01-03 01:25:00,1,False,0.051280956704790936,7.357093381591017
EQ-002,2025-01-03 01:29:00,1,False,0.06410638499917826,7.394172637486762
EQ-002,2025-01-03 01:30:00,1,False,0.09131392781281078,7.494536927633773
EQ-002,2025-01-03 01:32:00,1,False,0.0922343600590515,7.354110088837796
EQ-002,2025-01-03 01:35:00,1,False,0.0934820843842713,7.291425200906629
EQ-002,2025-01-03 01:36:00,1,False,0.07235732067132378,7.291497093711465
EQ-002,2025-01-03 01:39:00,1,False,0.061455077407411296,7.294328342641966
EQ-002,2025-01-03 01:45:00,1,False,0.08904382584172382,7.3894664180049405
EQ-002,2025-01-03 01:49:00,1,False,0.058720812736021755,7.408047882075132
EQ-002,2025-01-03 01:50:00,1,False,0.10261525123894172,7.376722439592979
EQ-002,2025-01-03 01:51:00,1,False,0.06478565003536058,7.434547995574899
EQ-002,2025-01-03 01:55:00,1,False,0.053701212464093595,7.362940413583054
EQ-002,2025-01-03 01:57:00,1,False,0.11115445512850242,7.405537878299273
EQ-002,2025-01-03 01:58:00,1,False,0.07827724351282866,7.315817759707678
EQ-002,2025-01-03 01:59:00,1,False,0.10449323706584779,7.353251205884342
EQ-002,2025-01-03 02:05:00,1,False,0.03911958936027721,7.5829403493327
EQ-002,2025-01-03 02:06:00,1,False,0.08280043453756147,7.395567919208337
EQ-002,2025-01-03 02:07:00,1,False,0.09694583050780797,7.463898520755232
EQ-002,2025-01-03 02:08:00,1,False,0.08778937806756315,7.597263889165585
EQ-002,2025-01-03 02:10:00,1,False,0.07432750682239386,7.514173084718255
EQ-002,2025-01-03 02:11:00,1,False,0.11571001133954917,7.468999386408873
EQ-002,2025-01-03 02:14:00,1,False,0.09601937840749336,7.455828345099013
EQ-002,2025-01-03 02:15:00,1,False,0.11420725444795427,7.589747560708947
EQ-002,2025-01-03 02:16:00,1,False,0.07110002862531595,7.606308609070312
EQ-002,2025-01-03 02:18:00,1,False,0.07215589386091964,7.392159517407384
EQ-002,2025-01-03 02:20:00,1,False,0.05171893009913969,7.436836711687051
EQ-002,2025-01-03 02:22:00,1,False,0.09511725123988135,7.397514087182308
EQ-002,2025-01-03 02:24:00,1,False,0.0876326413822271,7.601747269271519
EQ-002,2025-01-03 02:25:00,1,False,0.07646609440098412,7.579950884215806
EQ-002,2025-01-03 02:32:00,1,False,0.10099640146728145,7.57662605988382
EQ-002,2025-01-03 02:40:00,1,False,0.08742609749776248,7.6785508757233
EQ-002,2025-01-03 02:43:00,1,False,0.0902152209794192,7.572379693424683
EQ-002,2025-01-03 02:53:00,1,False,0.08714377758377811,7.691328066058055
EQ-002,2025-01-03 02:55:00,1,False,0.07693168662139599,7.740891790826308
EQ-002,2025-01-03 02:58:00,1,False,0.07814525517645232,7.794234484625913
EQ-002,2025-01-03 03:02:00,1,False,0.10385517220843332,7.613944346527411
EQ-002,2025-01-03 03:05:00,1,False,0.0934771983679687,7.749417403710436
EQ-002,2025-01-03 03:10:00,1,False,0.09238278020072976,7.695185176928601
EQ-002,2025-01-03 03:11:00,1,False,0.1128605481926947,7.622630759636572
EQ-002,2025-01-03 03:14:00,1,False,0.09910413953650099,7.6536172800334
EQ-002,2025-01-03 03:19:00,1,False,0.07491130045851085,7.747985433400013
EQ-002,2025-01-03 03:20:00,1,False,0.09322116891623317,7.82486708894777
EQ-002,2025-01-03 03:24:00,1,False,0.10389564694465464,7.773749173483282
EQ-002,2025-01-03 03:25:00,1,False,0.0845731798230196,7.771965204298215
EQ-002,2025-01-03 03:29:00,1,False,0.07663811879817073,7.759610901068759
EQ-002,2025-01-03 03:30:00,1,False,0.10656843710838382,7.733972571388749
EQ-002,2025-01-03 03:31:00,1,False,0.11187029321298492,7.660001154439073
EQ-002,2025-01-03 03:40:00,1,False,0.09886679482590754,7.755653044632316
EQ-002,2025-01-03 03:43:00,1,False,0.11505922156032738,7.618363883624097
EQ-002,2025-01-03 03:47:00,1,False,0.09518379030541735,7.821023755593327
EQ-002,2025-01-03 03:50:00,1,False,0.09777085645131595,7.789669885481586
EQ-002,2025-01-03 03:54:00,1,False,0.09207771155964722,7.712163179682456
EQ-002,2025-01-03 03:55:00,1,False,0.09834114241907033,7.644961110608666
EQ-002,2025-01-03 03:56:00,1,False,0.08496050402577121,7.728911580073509
EQ-002,2025-01-03 03:57:00,1,False,0.08342861037700905,7.776574071763754
EQ-002,2025-01-03 04:00:00,1,False,0.10219045317019715,7.721783843568546
EQ-002,2025-01-03 04:02:00,1,False,0.10087529620099239,7.684663496520725
EQ-002,2025-01-03 04:03:00,1,False,0.10663295118504534,7.674572001965861
EQ-002,2025-01-03 04:04:00,1,False,0.10053823555752511,7.796508244586216
EQ-002,2025-01-03 04:08:00,1,False,0.09903288543913935,7.732351370369793
EQ-002,2025-01-03 04:10:00,1,False,0.11195631373778786,7.640846024002354
EQ-002,2025-01-03 04:11:00,1,False,0.09468690667698271,7.884450211322311
EQ-002,2025-01-03 04:16:00,1,False,0.09610581638664895,7.745549156879662
EQ-002,2025-01-03 04:17:00,1,False,0.07731113012926372,7.717406876808951
EQ-002,2025-01-03 04:18:00,1,False,0.07862877207266217,7.773624184770656
EQ-002,2025-01-03 04:19:00,1,False,0.11481074916921014,7.732902886038534
EQ-002,2025-01-03 04:20:00,1,False,0.10239117944282994,7.7067246367123285
EQ-002,2025-01-03 04:21:00,1,False,0.09268168096142554,7.849067828302052
EQ-002,2025-01-03 04:22:00,1,False,0.10350214144145142,7.697919432425483
EQ-002,2025-01-03 04:23:00,1,False,0.10402982130306959,7.784590236217745
EQ-002,2025-01-03 04:25:00,1,False,0.10148848774881397,7.784180624759483
EQ-002,2025-01-03 04:26:00,1,False,0.09051736597533772,7.67476363742803
EQ-002,2025-01-03 04:45:00,1,False,0.09221289385165005,7.847749811892368
EQ-002,2025-01-03 04:49:00,1,False,0.10035401084683854,7.754443629914175
EQ-002,2025-01-03 04:50:00,1,False,0.10023432786907344,7.685092173281048
EQ-002,2025-01-03 04:52:00,1,False,0.08731108265398213,7.867646969315491
EQ-002,2025-01-03 04:53:00,1,False,0.08553200578681297,7.7797025689916905
EQ-002,2025-01-03 04:55:00,1,False,0.07585694221619904,7.665409679453184
EQ-002,2025-01-03 04:56:00,1,False,0.09884461210185996,7.822851551541639
EQ-002,2025-01-03 05:04:00,1,False,0.09659632989348738,7.8706393885083274
EQ-002,2025-01-03 05:07:00,1,False,0.07178370577794552,7.848206167908253
EQ-002,2025-01-03 05:28:00,1,False,0.07508193379723949,7.800901959302198
EQ-002,2025-01-03 05:32:00,1,False,0.055670707075567205,7.73937847143681
EQ-002,2025-01-03 05:34:00,1,False,0.07974125569787827,7.757278750817787
EQ-002,2025-01-03 05:37:00,1,False,0.052250869376616826,7.8288016918636005
EQ-002,2025-01-03 05:39:00,1,False,0.07994503477251119,7.759359218072019
EQ-002,2025-01-03 05:44:00,1,False,0.10001356209773399,7.683230629251023
EQ-002,2025-01-03 05:46:00,1,False,0.07449485322512117,7.593675091105041
EQ-002,2025-01-03 05:47:00,1,False,0.08129458231018605,7.708674604491789
EQ-002,2025-01-03 05:54:00,1,False,0.07911828149634392,7.674752637171431
EQ-002,2025-01-03 05:55:00,1,False,0.08213163446569288,7.5976184758515295
EQ-002,2025-01-03 05:56:00,1,False,0.06415910787372142,7.528747757307389
EQ-002,2025-01-03 06:03:00,1,False,0.0986670898064736,7.646710703014939
EQ-002,2025-01-03 06:09:00,1,False,0.08341390875149346,7.512590898258448
EQ-002,2025-01-03 06:10:00,1,False,0.08780535231214154,7.521706198499809
EQ-002,2025-01-03 06:13:00,1,False,0.10205361249350592,7.606436096072257
EQ-002,2025-01-03 06:18:00,1,False,0.09148245230455826,7.477718656485
EQ-002,2025-01-03 06:19:00,1,False,0.09033483847441787,7.54435251467588
EQ-002,2025-01-03 06:20:00,1,False,0.07562355737742205,7.517028487462572
EQ-002,2025-01-03 06:21:00,1,False,0.08632026660089015,7.498149028351573
EQ-002,2025-01-03 06:24:00,1,False,0.06936828983373305,7.474182925181455
EQ-002,2025-01-03 06:25:00,1,False,0.10286069939412285,7.572627758703968
EQ-002,2025-01-03 06:31:00,1,False,0.0943174139972035,7.582173278934272
EQ-002,2025-01-03 06:32:00,1,False,0.08171340234157759,7.504404084263481
EQ-002,2025-01-03 06:33:00,1,False,0.0865084852227127,7.559507875454974
EQ-002,2025-01-03 06:44:00,1,False,0.0801089888503887,7.504814366660888
EQ-002,2025-01-03 06:45:00,1,False,0.05972101761891052,7.503308166248895
EQ-002,2025-01-03 06:50:00,1,False,0.10213033950552164,7.3975926780710815
EQ-002,2025-01-03 06:51:00,1,False,0.09333301325730492,7.376404718833038
EQ-002,2025-01-03 06:58:00,1,False,0.07401224314281313,7.514363376362972
EQ-002,2025-01-03 07:00:00,1,False,0.07529820161608042,7.518267612472857
EQ-002,2025-01-03 07:02:00,1,False,0.06301059929962927,7.459991691160817
EQ-002,2025-01-03 07:10:00,1,False,0.043837124786536785,8.641103389063131
EQ-002,2025-01-03 07:11:00,1,False,0.022043158397912432,7.488930565161237
EQ-002,2025-01-03 07:14:00,1,False,0.02579444385548635,7.452944502159345
EQ-002,2025-01-03 07:16:00,1,False,0.04702966760170446,7.574020591017367
EQ-002,2025-01-03 07:17:00,1,False,0.10290189502300867,7.416806290929261
EQ-002,2025-01-03 07:23:00,1,False,0.024639060287184045,7.404172147491059
EQ-002,2025-01-03 07:24:00,1,False,0.09554999320045005,7.289486541805027
EQ-002,2025-01-03 07:28:00,1,False,0.07977065103322267,7.244422041989426
EQ-002,2025-01-03 07:30:00,1,False,0.0865482942345498,7.297190044851333
EQ-002,2025-01-03 07:36:00,1,False,0.10553309275334377,7.360781404580266
EQ-002,2025-01-03 07:40:00,1,False,0.028704343377639496,7.364540134610816
EQ-002,2025-01-03 07:43:00,1,False,0.0952985673561762,7.292251989934061
EQ-002,2025-01-03 07:44:00,1,False,0.09913913098479038,7.155335224656088
EQ-002,2025-01-03 07:46:00,1,False,0.04984335194144318,8.171551302139653
EQ-002,2025-01-03 07:55:00,1,False,0.04178159298624501,7.179415071739644
EQ-002,2025-01-03 07:59:00,-1,True,-0.04410554820341284,7.415186822535275
EQ-002,2025-01-03 08:06:00,1,False,0.03481572821843126,7.426005060688635
EQ-002,2025-01-03 08:08:00,1,False,0.07906159588855188,7.179928713481168
EQ-002,2025-01-03 08:13:00,1,False,0.024759336294475076,7.11327112252847
EQ-002,2025-01-03 08:15:00,1,False,0.0689192157332264,7.125784483040965
EQ-002,2025-01-03 08:16:00,1,False,0.06966733712723461,7.221040907586254
EQ-002,2025-01-03 08:17:00,1,False,0.07745845152031522,7.349957449353002
EQ-002,2025-01-03 08:19:00,1,False,0.06990295835624549,7.204300846416397
EQ-002,2025-01-03 08:31:00,1,False,0.05849539748626825,7.344073550066438
EQ-002,2025-01-03 08:34:00,1,False,0.08129082485442884,7.14442313350745
EQ-002,2025-01-03 08:36:00,1,False,0.0983511484757702,7.28007499229929
EQ-002,2025-01-03 08:44:00,1,False,0.10485808914462796,7.2735131564142845
EQ-002,2025-01-03 08:45:00,1,False,0.06871100539537955,7.1001460214038765
EQ-002,2025-01-03 08:46:00,1,False,0.04720706641543515,7.265833845513101
EQ-002,2025-01-03 08:47:00,1,False,0.06577931464686032,7.2341749662485135
EQ-002,2025-01-03 08:48:00,1,False,0.034012228977732095,7.277222354710376
EQ-002,2025-01-03 08:49:00,1,False,0.10550005493836206,7.256256635983308
EQ-002,2025-01-03 08:54:00,1,False,0.08499485287788866,7.141060901773147
EQ-002,2025-01-03 08:55:00,1,False,0.07847579662382109,7.328613932457149
EQ-002,2025-01-03 08:56:00,1,False,0.08273055957295516,7.3173227215149055
EQ-002,2025-01-03 09:00:00,1,False,0.08235692351139168,7.090935839505952
EQ-002,2025-01-03 09:02:00,1,False,0.026800368974397304,8.443993337228466
EQ-002,2025-01-03 09:03:00,1,False,0.0027794768121619517,7.353346979362019
EQ-002,2025-01-03 09:04:00,1,False,0.0245227648538216,7.293851513986707
EQ-002,2025-01-03 09:06:00,1,False,0.038384083589513396,7.230665739986748
EQ-002,2025-01-03 09:13:00,1,False,0.08499031589238587,7.083993764795561
EQ-002,2025-01-03 09:15:00,-1,True,-0.005795728814172674,7.315744130246771
EQ-002,2025-01-03 09:17:00,1,False,0.06882562127434577,7.210735537970736
EQ-002,2025-01-03 09:22:00,1,False,0.05452505069483171,7.3323175425749305
EQ-002,2025-01-03 09:27:00,1,False,0.08150897682349811,7.44385625791561
EQ-002,2025-01-03 09:28:00,1,False,0.07719785808832624,7.276245881080281
EQ-002,2025-01-03 09:29:00,1,False,0.02181940386005987,7.196305056121374
EQ-002,2025-01-03 09:30:00,1,False,0.07901553400160527,7.254552831634687
EQ-002,2025-01-03 09:32:00,1,False,0.0816448761547297,7.296498437480572
EQ-002,2025-01-03 09:33:00,1,False,0.07385678119746192,7.319841134613475
EQ-002,2025-01-03 09:39:00,1,False,0.08104654324793292,7.231056667796037
EQ-002,2025-01-03 09:40:00,1,False,0.019865232193017834,7.437681093713019
EQ-002,2025-01-03 09:44:00,1,False,0.0998311994539503,7.405307397000228
EQ-002,2025-01-03 09:46:00,1,False,0.09316504444214896,7.329420023677297
EQ-002,2025-01-03 09:48:00,1,False,0.08522334921409958,7.31785543328058
EQ-002,2025-01-03 09:56:00,1,False,0.0702612527279084,7.294995769222947
EQ-002,2025-01-03 09:57:00,1,False,0.06330882473078453,7.173884821185369
EQ-002,2025-01-03 09:58:00,1,False,0.048717544665692225,7.324639234922536
EQ-002,2025-01-03 10:04:00,1,False,0.0674424922312562,7.511436533671714
EQ-002,2025-01-03 10:06:00,1,False,0.07758867546736337,7.270475130899765
EQ-002,2025-01-03 10:08:00,1,False,0.07592007896890723,7.377111185963464
EQ-002,2025-01-03 10:11:00,1,False,0.063908321215222,7.375430463178581
EQ-002,2025-01-03 10:12:00,1,False,0.079788442340057,7.610025775959616
EQ-002,2025-01-03 10:15:00,1,False,0.07582047839882644,7.540946514588582
EQ-002,2025-01-03 10:17:00,1,False,0.06172638381344564,7.561973966122651
EQ-002,2025-01-03 10:19:00,1,False,0.0480341502577758,7.576633633447629
EQ-002,2025-01-03 10:21:00,1,False,0.02632091292088451,7.462581102900223
EQ-002,2025-01-03 10:29:00,1,False,0.08939740709652233,7.391961323431513
EQ-002,2025-01-03 10:31:00,1,False,0.08364363759726667,7.519518624865637
EQ-002,2025-01-03 10:50:00,1,False,0.0768253606261588,7.523481375240535
EQ-002,2025-01-03 10:58:00,1,False,0.053557950353745165,7.59967273006399
EQ-002,2025-01-03 11:01:00,1,False,0.07903212808070292,7.4871512407576235
EQ-002,2025-01-03 11:05:00,1,False,0.051472364884100674,7.776350950700871
EQ-002,2025-01-03 11:06:00,1,False,0.08167821869747033,7.568062102191621
EQ-002,2025-01-03 11:09:00,1,False,0.06270542522752492,7.573921464922503
EQ-002,2025-01-03 11:10:00,1,False,0.05597074787852968,7.757132295895357
EQ-002,2025-01-03 11:11:00,1,False,0.054772291219415625,7.723822625911662
EQ-002,2025-01-03 11:14:00,1,False,0.07130820891441964,7.704720896281276
EQ-002,2025-01-03 11:15:00,1,False,0.0715590091090601,7.777976837465162
EQ-002,2025-01-03 11:17:00,1,False,0.06852169681005166,7.649662068169266
EQ-002,2025-01-03 11:19:00,1,False,0.06597719273896613,7.6768552380062935
EQ-002,2025-01-03 11:22:00,1,False,0.09722308028374549,7.689707507442243
EQ-002,2025-01-03 11:26:00,1,False,0.08439403843575916,7.699542983733266
EQ-002,2025-01-03 11:36:00,1,False,0.06680791925868096,7.648009062690599
EQ-002,2025-01-03 11:46:00,1,False,0.0782170319624339,7.753250876314996
EQ-002,2025-01-03 11:48:00,1,False,0.05427040440488651,7.6878423334591615
EQ-002,2025-01-03 11:53:00,1,False,0.056031404229809956,7.803141025298782
EQ-002,2025-01-03 11:56:00,1,False,0.04343733421495888,7.747257863266444
EQ-002,2025-01-03 11:57:00,1,False,0.05405829963442832,7.832674371886552
EQ-002,2025-01-03 11:59:00,1,False,0.07697036243191147,7.739222786082838
EQ-002,2025-01-03 12:00:00,1,False,0.06448207284953539,7.749125407908452
EQ-002,2025-01-03 12:01:00,1,False,0.07189837726068837,7.725057183417574
EQ-002,2025-01-03 12:03:00,1,False,0.0790675317480884,7.6873930087818305
EQ-002,2025-01-03 12:08:00,1,False,0.0821708701058041,7.755565373289773
EQ-002,2025-01-03 12:10:00,1,False,0.0804340135597359,7.622666885824827
EQ-002,2025-01-03 12:12:00,1,False,0.10200890638094695,7.748477786726404
EQ-002,2025-01-03 12:15:00,1,False,0.07153996626760001,7.860315435093902
EQ-002,2025-01-03 12:17:00,1,False,0.07709126960285273,7.808015441956496
EQ-002,2025-01-03 12:18:00,1,False,0.08670002694426032,7.736047971737548
EQ-002,2025-01-03 12:23:00,1,False,0.07454046057865871,7.740702800634092
EQ-002,2025-01-03 12:30:00,1,False,0.07644916532076446,7.774503006416666
EQ-002,2025-01-03 12:31:00,1,False,0.07924205281154106,7.665576342874722
EQ-002,2025-01-03 12:35:00,1,False,0.05665265081395987,7.916155031193687
EQ-002,2025-01-03 12:36:00,1,False,0.05467729338840199,7.910724210347472
EQ-002,2025-01-03 12:37:00,1,False,0.06549080203897273,7.781181843159545
EQ-002,2025-01-03 12:39:00,1,False,0.036802189797754736,7.761862758319011
EQ-002,2025-01-03 12:43:00,1,False,0.07114830747340695,7.772523384445193
EQ-002,2025-01-03 12:45:00,1,False,0.08143857718607861,7.6522546563445495
EQ-002,2025-01-03 12:46:00,1,False,0.07778517359416293,7.89226865987736
EQ-002,2025-01-03 12:47:00,1,False,0.07782426306991297,7.799601889124387
EQ-002,2025-01-03 12:52:00,1,False,0.06626795548881048,7.76185811733157
EQ-002,2025-01-03 12:53:00,1,False,0.04744095043572094,7.869098033177809
EQ-002,2025-01-03 12:55:00,1,False,0.05924928003378804,7.8634928934431105
EQ-002,2025-01-03 12:56:00,1,False,0.053693469428722496,7.839720187975314
EQ-002,2025-01-03 12:58:00,1,False,0.05774070347368204,7.803128939267
EQ-002,2025-01-03 12:59:00,1,False,0.07249696420852969,7.930185220978947
EQ-002,2025-01-03 13:00:00,1,False,0.06397472775793728,7.815882550559941
EQ-002,2025-01-03 13:01:00,1,False,0.05666211987187225,7.786395048332667
EQ-002,2025-01-03 13:04:00,1,False,0.046956566955626,7.84582180109659
EQ-002,2025-01-03 13:05:00,1,False,0.08091963363346844,7.825855696364157
EQ-002,2025-01-03 13:06:00,1,False,0.07866224311795061,7.841062264111448
EQ-002,2025-01-03 13:08:00,1,False,0.059777067711323406,7.643358989556152
EQ-002,2025-01-03 13:12:00,1,False,0.06608927895271399,7.769522468855396
EQ-002,2025-01-03 13:14:00,1,False,0.07305355406276876,7.63420229950045
EQ-002,2025-01-03 13:15:00,1,False,0.08217662726052721,7.894019355954359
EQ-002,2025-01-03 13:16:00,1,False,0.06360929804920956,7.819285979008238
EQ-002,2025-01-03 13:18:00,1,False,0.061193325075680594,7.742444878898317
EQ-002,2025-01-03 13:23:00,1,False,0.0670471183751507,7.671983173696633
EQ-002,2025-01-03 13:30:00,1,False,0.09765589045720052,7.793239546644049
EQ-002,2025-01-03 13:31:00,1,False,0.07578739762409364,7.843671494652797
EQ-002,2025-01-03 13:34:00,1,False,0.07921209920445599,7.730215037688933
EQ-002,2025-01-03 13:35:00,1,False,0.07834750289019887,7.823614265884551
EQ-002,2025-01-03 13:37:00,1,False,0.04871754136945783,7.73013250057893
EQ-002,2025-01-03 13:45:00,1,False,0.08324820535875743,7.65645087165398
EQ-002,2025-01-03 13:48:00,1,False,0.08719193280178977,7.854666809788726
EQ-002,2025-01-03 13:50:00,1,False,0.09163210880231232,7.616161279015014
EQ-002,2025-01-03 13:56:00,1,False,0.10351812714700642,7.703838427219223
EQ-002,2025-01-03 14:00:00,1,False,0.09405742228319258,7.623286162735403
EQ-002,2025-01-03 14:01:00,1,False,0.07938129571649089,7.700926560514984
EQ-002,2025-01-03 14:07:00,1,False,0.08338516493469827,7.607016518969759
EQ-002,2025-01-03 14:08:00,1,False,0.0501570273086171,8.78931625624543
EQ-002,2025-01-03 14:09:00,1,False,0.02412302300567254,7.703608368657899
EQ-002,2025-01-03 14:12:00,1,False,0.038072419408979596,7.611978615947959
EQ-002,2025-01-03 14:16:00,1,False,0.04541442430935716,7.682022186949566
EQ-002,2025-01-03 14:17:00,1,False,0.10540121926848345,7.7546058790857355
EQ-002,2025-01-03 14:23:00,1,False,0.014414906610227485,7.827322731784194
EQ-002,2025-01-03 14:26:00,1,False,0.08875137360594987,7.657919638701737
EQ-002,2025-01-03 14:30:00,1,False,0.09966045903538945,7.62918827188272
EQ-002,2025-01-03 14:36:00,1,False,0.09883618983717463,7.527297692455386
EQ-002,2025-01-03 14:37:00,1,False,0.0984723106551198,7.657733971879252
EQ-002,2025-01-03 14:39:00,1,False,0.03289543504882064,7.693697390714308
EQ-002,2025-01-03 14:41:00,1,False,0.10690601404894995,7.443872497573294
EQ-002,2025-01-03 14:42:00,1,False,0.11088195598828876,7.5959557836436185
EQ-002,2025-01-03 14:43:00,1,False,0.10570828788050074,7.510664710738527
EQ-002,2025-01-03 14:44:00,1,False,0.09828507717712431,7.486281247597178
EQ-002,2025-01-03 14:45:00,1,False,0.03214842978338256,7.4742953535365215
EQ-002,2025-01-03 14:49:00,1,False,0.1021564597573183,7.449201399219216
EQ-002,2025-01-03 14:50:00,1,False,0.11639554012707015,7.42633568728415
EQ-002,2025-01-03 14:52:00,1,False,0.1160086325366611,7.46129624076128
EQ-002,2025-01-03 14:54:00,1,False,0.09623168727588444,7.383901158897279
EQ-002,2025-01-03 14:56:00,1,False,0.09800877809607539,7.505837689733986
EQ-002,2025-01-03 14:59:00,1,False,0.11189622173288472,7.4193627673746025
EQ-002,2025-01-03 15:05:00,1,False,0.11801914076445852,7.405942765910046
EQ-002,2025-01-03 15:13:00,1,False,0.12226223595122637,7.49612196683659
EQ-002,2025-01-03 15:21:00,1,False,0.08624892931546557,7.300677042206259
EQ-002,2025-01-03 15:28:00,1,False,0.11293751286343612,7.443482712873743
EQ-002,2025-01-03 15:29:00,1,False,0.11117853309523351,7.558883269362069
EQ-002,2025-01-03 15:31:00,1,False,0.10973891261591118,7.369231471423851
EQ-002,2025-01-03 15:33:00,1,False,0.12317926793490952,7.431299832568508
EQ-002,2025-01-03 15:34:00,1,False,0.11008380368355297,7.346413095642481
EQ-002,2025-01-03 15:36:00,1,False,0.059108676498124124,7.275825303958252
EQ-002,2025-01-03 15:38:00,1,False,0.10737587537857796,7.4136420528103155
EQ-002,2025-01-03 15:42:00,1,False,0.0902580871759503,7.1705759883371964
EQ-002,2025-01-03 15:44:00,1,False,0.11242664448957629,7.453412280018801
EQ-002,2025-01-03 15:46:00,1,False,0.07846472188336423,7.236650844558774
EQ-002,2025-01-03 15:47:00,1,False,0.06564030106260371,7.282525403961062
EQ-002,2025-01-03 15:53:00,1,False,0.10997769051118789,7.3446796452835
EQ-002,2025-01-03 15:57:00,1,False,0.09094834001118546,7.183509435618505
EQ-002,2025-01-03 16:01:00,1,False,0.11503224763547626,7.309763579301864
EQ-002,2025-01-03 16:02:00,1,False,0.09963411373707431,7.248020878603194
EQ-002,2025-01-03 16:05:00,1,False,0.09293831630485938,7.280802719889809
EQ-002,2025-01-03 16:07:00,1,False,0.09517692902484565,7.218195032681266
EQ-002,2025-01-03 16:13:00,1,False,0.09128388663673515,7.296537627566755
EQ-002,2025-01-03 16:14:00,1,False,0.10504015703318414,7.249284466849942
EQ-002,2025-01-03 16:16:00,1,False,0.09080713609395302,7.13071258180793
EQ-002,2025-01-03 16:19:00,1,False,0.09037783675927813,7.216459342429037
EQ-002,2025-01-03 16:20:00,1,False,0.07656149432178605,7.141822753384945
EQ-002,2025-01-03 16:21:00,1,False,0.07031496847581392,7.305706450186892
EQ-002,2025-01-03 16:23:00,1,False,0.08800372619166347,7.293077190405295
EQ-002,2025-01-03 16:24:00,1,False,0.08490685762581557,7.197701403397133
EQ-002,2025-01-03 16:26:00,1,False,0.08671687728000188,7.12713857048338
EQ-002,2025-01-03 16:33:00,1,False,0.0748174577447735,7.349504719166505
EQ-002,2025-01-03 16:34:00,1,False,0.08388247078752653,7.337972563255656
EQ-002,2025-01-03 16:35:00,1,False,0.07650978115235013,7.204365298320222
EQ-002,2025-01-03 16:42:00,1,False,0.07948511387564156,7.207857569108621
EQ-002,2025-01-03 16:43:00,1,False,0.07671937375580229,7.295454449814449
EQ-002,2025-01-03 16:45:00,1,False,0.0764133250977646,7.2605981673111195
EQ-002,2025-01-03 16:50:00,1,False,0.08794004688803081,7.1846252857936745
EQ-002,2025-01-03 16:52:00,1,False,0.06939289075812538,7.083547460887632
EQ-002,2025-01-03 16:54:00,1,False,0.06854510461983288,7.302167222417648
EQ-002,2025-01-03 16:56:00,1,False,0.05456419364415066,7.173354735417941
EQ-002,2025-01-03 17:00:00,1,False,0.0609539174800815,7.1165009747896955
EQ-002,2025-01-03 17:02:00,1,False,0.07299260586772999,7.239286157651792
EQ-002,2025-01-03 17:13:00,1,False,0.07353642486077389,7.214695603358319
EQ-002,2025-01-03 17:19:00,1,False,0.06519069535090405,7.249439645136692
EQ-002,2025-01-03 17:21:00,1,False,0.08986610152885766,7.254522656932187
EQ-002,2025-01-03 17:22:00,1,False,0.07803143748647096,7.264040523268665
EQ-002,2025-01-03 17:23:00,1,False,0.08421094977018223,7.329369831698398
EQ-002,2025-01-03 17:24:00,1,False,0.07367611629349874,7.177322535427835
EQ-002,2025-01-03 17:25:00,1,False,0.06706430078846742,7.266643195429427
EQ-002,2025-01-03 17:26:00,1,False,0.009569168355891389,9.05857512633543
EQ-002,2025-01-03 17:28:00,-1,True,-0.03550475069478154,7.217399448143231
EQ-002,2025-01-03 17:36:00,-1,True,-0.018148141520977767,7.219008128214089
EQ-002,2025-01-03 17:37:00,-1,True,-0.001673909156641118,7.243548851938331
EQ-002,2025-01-03 17:39:00,1,False,0.04640799490044978,7.1222590582277086
EQ-002,2025-01-03 17:40:00,-1,True,-0.04006371405187814,7.321199900644161
EQ-002,2025-01-03 17:47:00,1,False,0.05855125448392812,7.184968559705997
EQ-002,2025-01-03 17:50:00,1,False,0.05710069873613921,7.334178094336174
EQ-002,2025-01-03 17:53:00,1,False,0.07363661939118138,7.194395123085111
EQ-002,2025-01-03 17:54:00,1,False,0.06857464872084074,7.361507191018188
EQ-002,2025-01-03 17:56:00,-1,True,-0.025382664140060185,7.236961690642173
EQ-002,2025-01-03 18:02:00,1,False,0.07117158375463911,7.1900856128508055
EQ-002,2025-01-03 18:03:00,1,False,0.08641437602397506,7.2489905571722275
EQ-002,2025-01-03 18:08:00,1,False,0.06978743130741571,7.268458583739385
EQ-002,2025-01-03 18:09:00,1,False,0.04167871402089912,7.315381690375667
EQ-002,2025-01-03 18:10:00,-1,True,-0.009035879445822625,7.391961097606218
EQ-002,2025-01-03 18:16:00,1,False,0.07646286613684711,7.34271748613605
EQ-002,2025-01-03 18:18:00,1,False,0.07976436805190029,7.290170599907689
EQ-002,2025-01-03 18:20:00,1,False,0.05923533821196608,7.3623718988458275
EQ-002,2025-01-03 18:25:00,1,False,0.0722367959748042,7.616800353911268
EQ-002,2025-01-03 18:28:00,1,False,0.04818166136265489,7.298398136031932
EQ-002,2025-01-03 18:29:00,1,False,0.07042512474810647,7.448514215299591
EQ-002,2025-01-03 18:34:00,1,False,0.08442615825455896,7.432576255028587
EQ-002,2025-01-03 18:35:00,1,False,0.10165210655429446,7.3786684936434925
EQ-002,2025-01-03 18:39:00,1,False,0.04911365935580725,7.4036719695799835
EQ-002,2025-01-03 18:43:00,1,False,0.09713431796668509,7.411783551653302
EQ-002,2025-01-03 18:47:00,1,False,0.0947732418385212,7.413021313025345
EQ-002,2025-01-03 18:50:00,1,False,0.09660269466744636,7.400486905517148
EQ-002,2025-01-03 18:53:00,1,False,0.09763175414380171,7.417451102748518
EQ-002,2025-01-03 19:02:00,1,False,0.08219842078454781,7.515345630561028
EQ-002,2025-01-03 19:04:00,1,False,0.005686304128188713,7.515378139113292
EQ-002,2025-01-03 19:07:00,1,False,0.07130511779624976,7.548146025407727
EQ-002,2025-01-03 19:09:00,1,False,0.09839263775627,7.646190336461265
EQ-002,2025-01-03 19:10:00,1,False,0.08881601486881191,7.6195826343689355
EQ-002,2025-01-03 19:11:00,1,False,0.06096052069517427,7.712302817803041
EQ-002,2025-01-03 19:14:00,1,False,0.08381851691730308,7.561890849087401
EQ-002,2025-01-03 19:17:00,1,False,0.09692989614107683,7.557674195236208
EQ-002,2025-01-03 19:19:00,1,False,0.111327319509339,7.5467660443998
EQ-002,2025-01-03 19:21:00,1,False,0.07273468371561087,7.665285243062941
EQ-002,2025-01-03 19:24:00,1,False,0.03878440936380789,8.689394097305984
EQ-002,2025-01-03 19:26:00,1,False,0.02785497987821378,7.640611597600191
EQ-002,2025-01-03 19:28:00,1,False,0.018587249157722363,7.555336811416537
EQ-002,2025-01-03 19:29:00,1,False,0.025455388028503778,7.7066660926733785
EQ-002,2025-01-03 19:31:00,1,False,0.11028757366179415,7.6822543628727695
EQ-002,2025-01-03 19:35:00,1,False,0.009966854472506004,7.727950149258533
EQ-002,2025-01-03 19:37:00,1,False,0.10013074213757561,7.6199226221239975
EQ-002,2025-01-03 19:39:00,1,False,0.10161123281678008,7.516850741397762
EQ-002,2025-01-03 19:42:00,1,False,0.0997484037095342,7.675757870238709
EQ-002,2025-01-03 19:43:00,1,False,0.10847257993106635,7.610660058024582
EQ-002,2025-01-03 19:45:00,1,False,0.018599981410331312,7.562645437732328
EQ-002,2025-01-03 19:47:00,1,False,0.10132153491093848,7.647132930268864
EQ-002,2025-01-03 19:57:00,1,False,0.1027003474417772,7.63700660170074
EQ-002,2025-01-03 20:04:00,1,False,0.10099176494518741,7.765915601415178
EQ-002,2025-01-03 20:05:00,1,False,0.11002094051357725,7.635498553011153
EQ-002,2025-01-03 20:12:00,1,False,0.036584164904600536,7.689739740102775
EQ-002,2025-01-03 20:13:00,1,False,0.09768977881548119,7.606745811636075
EQ-002,2025-01-03 20:15:00,1,False,0.09227880544051786,7.864379256537211
EQ-002,2025-01-03 20:16:00,1,False,0.08179912083399271,7.730178137628039
EQ-002,2025-01-03 20:19:00,1,False,0.09681556645793288,7.77438729531487
EQ-002,2025-01-03 20:25:00,1,False,0.0962891414198569,7.8870909160904095
EQ-002,2025-01-03 20:28:00,1,False,0.1052432763671845,7.799462201714566
EQ-002,2025-01-03 20:31:00,1,False,0.09366760772217864,7.837948986930557
EQ-002,2025-01-03 20:35:00,1,False,0.0871051247656282,7.578206069191309
EQ-002,2025-01-03 20:45:00,1,False,0.07937864162471686,7.712273052368692
EQ-002,2025-01-03 20:48:00,1,False,0.09614490085147898,7.837850179052114
EQ-002,2025-01-03 20:49:00,1,False,0.09764365101998884,7.826359359294831
EQ-002,2025-01-03 20:53:00,1,False,0.07719045533342256,7.917489707809534
EQ-002,2025-01-03 20:59:00,1,False,0.07989950185238054,7.720121613756578
EQ-002,2025-01-03 21:03:00,1,False,0.06633098490723727,7.84976083366956
EQ-002,2025-01-03 21:06:00,1,False,0.03691273046783028,7.746985662591852
EQ-002,2025-01-03 21:09:00,1,False,0.10932931549986225,7.78755508855431
EQ-002,2025-01-03 21:11:00,1,False,0.07507395167216252,7.945634526917275
EQ-002,2025-01-03 21:20:00,1,False,0.08579135962447226,7.8690328331941855
EQ-002,2025-01-03 21:21:00,1,False,0.07712697352058723,7.899517224968157
EQ-002,2025-01-03 21:22:00,1,False,0.06506931348608802,7.859012323825926
EQ-002,2025-01-03 21:26:00,1,False,0.06504934143664964,7.822087545366925
EQ-002,2025-01-03 21:28:00,1,False,0.05077367629540552,7.649086903945564
EQ-002,2025-01-03 21:30:00,1,False,0.08658928622566697,7.802142190276714
EQ-002,2025-01-03 21:32:00,1,False,0.07608842377118591,7.905391175564619
EQ-002,2025-01-03 21:33:00,1,False,0.08714824529808096,7.815596924518243
EQ-002,2025-01-03 21:34:00,1,False,0.08125279703460153,7.7631881869958725
EQ-002,2025-01-03 21:35:00,1,False,0.05549045059670216,7.929356343597765
EQ-002,2025-01-03 21:38:00,1,False,0.09134597630543712,7.730811692528764
EQ-002,2025-01-03 21:39:00,1,False,0.08172707265969353,7.722798672397605
EQ-002,2025-01-03 21:40:00,1,False,0.09148172614991601,7.66564697520403
EQ-002,2025-01-03 21:41:00,1,False,0.1057652558031501,7.77124335230487
EQ-002,2025-01-03 21:45:00,1,False,0.08240478408162077,7.642346720840691
EQ-002,2025-01-03 21:50:00,1,False,0.11167913523224865,7.740686931073818
EQ-002,2025-01-03 21:51:00,1,False,0.09437172038910618,7.678759004301062
EQ-002,2025-01-03 21:54:00,1,False,0.10887936903472567,7.8114608242663515
EQ-002,2025-01-03 21:55:00,1,False,0.10379123092231762,7.705031664698728
EQ-002,2025-01-03 21:56:00,1,False,0.08722827172431097,7.7498716069830165
EQ-002,2025-01-03 22:02:00,1,False,0.10146668211468363,7.778785292676498
EQ-002,2025-01-03 22:09:00,1,False,0.09767930908712108,7.6300332822825405
EQ-002,2025-01-03 22:12:00,1,False,0.10133758825570188,7.739389015815972
EQ-002,2025-01-03 22:16:00,1,False,0.07910066735223148,7.671469004593364
EQ-002,2025-01-03 22:17:00,1,False,0.05048746264137027,7.845404696693744
EQ-002,2025-01-03 22:18:00,1,False,0.09020148938209349,7.750921626408538
EQ-002,2025-01-03 22:21:00,1,False,0.09861300920707983,7.7177141693209474
EQ-002,2025-01-03 22:23:00,1,False,0.09212766929052241,7.748348981246031
EQ-002,2025-01-03 22:26:00,1,False,0.08941345967137343,7.671689541211424
EQ-002,2025-01-03 22:27:00,1,False,0.08011162505261271,7.476443231204727
EQ-002,2025-01-03 22:28:00,1,False,0.0775248044266369,7.626496665970563
EQ-002,2025-01-03 22:32:00,1,False,0.0870566820572245,7.714136445221089
EQ-002,2025-01-03 22:40:00,1,False,0.08512536958607181,7.541631226904022
EQ-002,2025-01-03 22:44:00,1,False,0.08795332425995434,7.497619293463157
EQ-002,2025-01-03 22:49:00,1,False,0.07102049239539321,7.733181523198173
EQ-002,2025-01-03 22:50:00,1,False,0.08504522334497916,7.604675253212143
EQ-002,2025-01-03 22:51:00,1,False,0.06774787376775088,7.581427436563936
EQ-002,2025-01-03 22:53:00,1,False,0.07599478471251508,7.574653682174675
EQ-002,2025-01-03 22:54:00,1,False,0.10451130201584635,7.539276409133404
EQ-002,2025-01-03 22:58:00,1,False,0.061818074541026835,7.526778062682454
EQ-002,2025-01-03 23:04:00,1,False,0.12018898306496667,7.573271031962857
EQ-002,2025-01-03 23:06:00,1,False,0.10578773352611626,7.475124688261225
EQ-002,2025-01-03 23:09:00,1,False,0.08985336810604061,7.38209618215333
EQ-002,2025-01-03 23:11:00,1,False,0.11052385844431795,7.551966613512406
EQ-002,2025-01-03 23:20:00,1,False,0.09227638493278162,7.542164056240885
EQ-002,2025-01-03 23:23:00,1,False,0.07383804269380384,7.569568358040539
EQ-002,2025-01-03 23:32:00,1,False,0.08720637679037035,7.614824782921151
EQ-002,2025-01-03 23:36:00,1,False,0.0744437072398424,7.700394294676735
EQ-002,2025-01-03 23:41:00,1,False,0.09184326109626584,7.580222533269263
EQ-002,2025-01-03 23:49:00,1,False,0.08661470234417568,7.41283743831735
EQ-002,2025-01-03 23:50:00,1,False,0.08212355145550188,7.457003712400212
EQ-002,2025-01-03 23:52:00,1,False,0.08324636269718749,7.600855621301961
EQ-002,2025-01-03 23:57:00,1,False,0.08350291575169871,7.432421721070444
EQ-002,2025-01-04 00:00:00,1,False,0.11712257067312754,7.3350480014639485
EQ-002,2025-01-04 00:01:00,1,False,0.09218569438965973,7.40225380960198
EQ-002,2025-01-04 00:02:00,1,False,0.07535901349356178,7.40701922914805
EQ-002,2025-01-04 00:05:00,1,False,0.08525859670003061,7.2405086086693835
EQ-002,2025-01-04 00:07:00,1,False,0.09184429412445577,7.342170734402289
EQ-002,2025-01-04 00:15:00,1,False,0.05801163530419351,7.354962376583902
EQ-002,2025-01-04 00:19:00,1,False,0.08365447321227876,7.218669506758736
EQ-002,2025-01-04 00:21:00,1,False,0.08842386951012493,7.592261392292329
EQ-002,2025-01-04 00:22:00,1,False,0.05012633077989209,7.36501280374807
EQ-002,2025-01-04 00:24:00,1,False,0.08726355042852502,7.17531795765012
EQ-002,2025-01-04 00:25:00,1,False,0.08885384317705614,7.317399594277976
EQ-002,2025-01-04 00:29:00,1,False,0.07148314272568279,7.244174966014854
EQ-002,2025-01-04 00:30:00,1,False,0.0985031836853495,7.323009827417134
EQ-002,2025-01-04 00:31:00,1,False,0.09505927104009937,7.31628767561801
EQ-002,2025-01-04 00:32:00,1,False,0.050160882455683176,7.205328832174987
EQ-002,2025-01-04 00:33:00,1,False,0.07872071413644977,7.274386499230874
EQ-002,2025-01-04 00:34:00,1,False,0.07368541825458752,7.356821089279205
EQ-002,2025-01-04 00:42:00,1,False,0.09524466191105407,7.224375882845549
EQ-002,2025-01-04 00:44:00,1,False,0.09092549182827248,7.239016416569648
EQ-002,2025-01-04 00:49:00,1,False,0.06111037307086287,7.19477776555423
EQ-002,2025-01-04 00:50:00,1,False,0.04609303572019585,7.209932358189348
EQ-002,2025-01-04 00:55:00,1,False,0.07319489925706718,7.263805679677198
EQ-002,2025-01-04 01:02:00,1,False,0.059451344893109104,7.051079555728149
EQ-002,2025-01-04 01:03:00,1,False,0.07005993480088274,7.335564475067672
EQ-002,2025-01-04 01:04:00,1,False,0.0651041422440915,7.244055417150877
EQ-002,2025-01-04 01:08:00,1,False,0.05123135634956277,7.190755619950278
EQ-002,2025-01-04 01:09:00,1,False,0.08367929250269984,7.2836731138475095
EQ-002,2025-01-04 01:14:00,1,False,0.07631060692187919,7.11923255412278
EQ-002,2025-01-04 01:15:00,1,False,0.029456478572249534,8.094235570213536
EQ-002,2025-01-04 01:19:00,1,False,0.02199332351814315,7.342906656103402
EQ-002,2025-01-04 01:20:00,1,False,0.009649173035631176,7.310537348878986
EQ-002,2025-01-04 01:22:00,1,False,0.028411088099872583,7.162423942455743
EQ-002,2025-01-04 01:31:00,1,False,0.067097108105934,7.309286832646103
EQ-002,2025-01-04 01:32:00,1,False,0.04968162410221022,7.449463697564987
EQ-002,2025-01-04 01:34:00,1,False,0.06722486132763678,7.174768959037707
EQ-002,2025-01-04 01:35:00,1,False,0.0722605884073827,7.365761180175298
EQ-002,2025-01-04 01:36:00,1,False,0.06510007921578898,7.07762226788801
EQ-002,2025-01-04 01:43:00,1,False,0.04206080527741285,7.337340361392727
EQ-002,2025-01-04 01:47:00,1,False,0.05810957020084806,7.514352591678323
EQ-002,2025-01-04 01:54:00,1,False,0.06851462609949943,7.29740064671898
EQ-002,2025-01-04 01:56:00,1,False,0.10309758936679014,7.247642727589359
EQ-002,2025-01-04 01:58:00,1,False,0.08100348526000051,7.263067899485526
EQ-002,2025-01-04 02:01:00,1,False,0.0900536189794946,7.303368006170174
EQ-002,2025-01-04 02:03:00,-1,True,-0.002626264123090527,8.485765090474974
EQ-002,2025-01-04 02:05:00,1,False,0.016495835882982868,7.226039289089897
EQ-002,2025-01-04 02:08:00,1,False,0.03871257401329847,7.335705244948521
EQ-002,2025-01-04 02:12:00,1,False,0.01164171193905339,7.264571439507657
EQ-002,2025-01-04 02:14:00,1,False,0.09751100139595809,7.370102106512473
EQ-002,2025-01-04 02:16:00,1,False,0.032696634550537285,7.482734046504964
EQ-002,2025-01-04 02:19:00,1,False,0.08171485257298838,7.194714982808666
EQ-002,2025-01-04 02:21:00,1,False,0.08070503325745682,7.284238676927579
EQ-002,2025-01-04 02:22:00,1,False,0.07760284933221606,7.276176035704832
EQ-002,2025-01-04 02:23:00,1,False,0.06754486750312527,7.336868500461055
EQ-002,2025-01-04 02:24:00,1,False,0.04797289976036351,7.332945330373141
EQ-002,2025-01-04 02:30:00,1,False,0.07262634712939564,7.233576510049882
EQ-002,2025-01-04 02:32:00,1,False,0.09483390917977674,7.334053240713814
EQ-002,2025-01-04 02:37:00,1,False,0.093001380643288,7.415414787977568
EQ-002,2025-01-04 02:39:00,1,False,0.08682782430745456,7.50261252587639
EQ-002,2025-01-04 02:40:00,1,False,0.0019062030398069307,7.448184031630656
EQ-002,2025-01-04 02:44:00,1,False,0.0913588860386238,7.307927078427033
EQ-002,2025-01-04 02:45:00,1,False,0.11128695000244943,7.387234250265443
EQ-002,2025-01-04 02:46:00,1,False,0.10219584959362632,7.398560613155634
EQ-002,2025-01-04 02:48:00,1,False,0.1167792116105626,7.418252377568747
EQ-002,2025-01-04 02:49:00,1,False,0.11265309964541742,7.436044948302967
EQ-002,2025-01-04 02:55:00,1,False,0.07736340458126506,7.477169391858495
EQ-002,2025-01-04 02:57:00,1,False,0.10849163507592324,7.520604537470136
EQ-002,2025-01-04 02:59:00,1,False,0.0927919091708273,7.460760461523819
EQ-002,2025-01-04 03:01:00,1,False,0.11815152096858894,7.512217331962696
EQ-002,2025-01-04 03:05:00,1,False,0.11664020259775598,7.595918628892365
EQ-002,2025-01-04 03:07:00,1,False,0.10808685843910093,7.347586510742342
EQ-002,2025-01-04 03:11:00,1,False,0.10412391001127769,7.54705537624157
EQ-002,2025-01-04 03:16:00,1,False,0.11481713296379376,7.569373691417682
EQ-002,2025-01-04 03:19:00,1,False,0.09060451018073423,7.472227280433641
EQ-002,2025-01-04 03:22:00,1,False,0.0423335532750837,7.512369529299881
EQ-002,2025-01-04 03:25:00,1,False,0.10644268318646877,7.548390206899174
EQ-002,2025-01-04 03:28:00,1,False,0.10903036757504819,7.520829414609539
EQ-002,2025-01-04 03:29:00,1,False,0.10484139031228212,7.470410133545581
EQ-002,2025-01-04 03:35:00,1,False,0.11153520350755275,7.61963453957854
EQ-002,2025-01-04 03:40:00,1,False,0.1202184149678126,7.468951912688722
EQ-002,2025-01-04 03:41:00,1,False,0.08934744266132272,7.669426273020579
EQ-002,2025-01-04 03:43:00,1,False,0.10012167691699347,7.487267370928774
EQ-002,2025-01-04 03:44:00,1,False,0.09230973753516791,7.516049117035977
EQ-002,2025-01-04 03:46:00,1,False,0.09583692466928834,7.7287689384833955
EQ-002,2025-01-04 03:48:00,1,False,0.11199010624326067,7.671615473814626
EQ-002,2025-01-04 03:53:00,1,False,0.09902111133599789,7.556351548083851
EQ-002,2025-01-04 03:59:00,1,False,0.10757073727943944,7.62928868609373
EQ-002,2025-01-04 04:00:00,1,False,0.11066443078866695,7.643063390506268
EQ-002,2025-01-04 04:01:00,1,False,0.109945595615967,7.656921536363767
EQ-002,2025-01-04 04:05:00,1,False,0.10431110815611566,7.6975079649139255
EQ-002,2025-01-04 04:12:00,1,False,0.10651680892339582,7.706529099417176
EQ-002,2025-01-04 04:24:00,1,False,0.0877819125721242,7.779557645822973
EQ-002,2025-01-04 04:25:00,1,False,0.07122063438958548,7.684847063608657
EQ-002,2025-01-04 04:28:00,1,False,0.11240690324674452,7.692380635747018
EQ-002,2025-01-04 04:34:00,1,False,0.09875679328891773,7.736302739850869
EQ-002,2025-01-04 04:45:00,1,False,0.100586234059447,7.681136270481341
EQ-002,2025-01-04 04:47:00,1,False,0.06004442137035676,7.94896369301112
EQ-002,2025-01-04 04:49:00,1,False,0.0808485321339179,7.792101993994667
EQ-002,2025-01-04 04:53:00,1,False,0.05702272492782051,7.972391928000338
EQ-002,2025-01-04 04:54:00,1,False,0.055955697879293775,7.818814723275381
EQ-002,2025-01-04 04:55:00,1,False,0.07047654877176412,7.883103595494884
EQ-002,2025-01-04 04:57:00,1,False,0.03531016735907866,7.5667426434883005
EQ-002,2025-01-04 04:58:00,1,False,0.07801809866825893,7.653349260886078
EQ-002,2025-01-04 05:00:00,1,False,0.06727121647762174,7.80487564105596
EQ-002,2025-01-04 05:04:00,1,False,0.10409225302110853,7.740463671112283
EQ-002,2025-01-04 05:05:00,1,False,0.08626126372415144,7.782260698404777
EQ-002,2025-01-04 05:09:00,1,False,0.05095609661085426,7.736839488262344
EQ-002,2025-01-04 05:17:00,1,False,0.08107420342764488,7.774471306476204
EQ-002,2025-01-04 05:18:00,1,False,0.05549026809270141,7.743883352989973
EQ-002,2025-01-04 05:25:00,1,False,0.09436230849103922,7.732098371241715
EQ-002,2025-01-04 05:30:00,1,False,0.08258982464727022,7.745546902719308
EQ-002,2025-01-04 05:37:00,1,False,0.06589248517678142,7.737164612765449
EQ-002,2025-01-04 05:38:00,1,False,0.08020489509235562,7.876396103291858
EQ-002,2025-01-04 05:39:00,1,False,0.0628196802532951,7.838141903757366
EQ-002,2025-01-04 05:41:00,1,False,0.0860886350155759,7.704085837044377
EQ-002,2025-01-04 05:43:00,1,False,0.05108523019928174,7.793106163250615
EQ-002,2025-01-04 05:49:00,1,False,0.10035084184470722,7.653719417715301
EQ-002,2025-01-04 05:55:00,1,False,0.08115399078191865,7.70030090671302
EQ-002,2025-01-04 05:56:00,1,False,0.07710233938065131,7.7763106057609965
EQ-002,2025-01-04 05:57:00,1,False,0.097299228060367,7.728291356779335
EQ-002,2025-01-04 05:58:00,1,False,0.0976297235206306,7.763555026556867
EQ-002,2025-01-04 06:04:00,1,False,0.09213938997543086,7.765560188130665
EQ-002,2025-01-04 06:22:00,1,False,0.09371314838151962,7.697653339300948
EQ-002,2025-01-04 06:26:00,1,False,0.082828734535846,7.759835090701404
EQ-002,2025-01-04 06:27:00,1,False,0.09968704762473318,7.736293651275751
EQ-002,2025-01-04 06:29:00,1,False,0.09487979258886908,7.665271862570144
EQ-002,2025-01-04 06:33:00,1,False,0.0783444502901044,7.777463499307617
EQ-002,2025-01-04 06:35:00,1,False,0.08638680334004739,7.795958442780464
EQ-002,2025-01-04 06:38:00,1,False,0.0776392095707138,7.744256750343403
EQ-002,2025-01-04 06:40:00,1,False,0.08574763134159497,7.78438735427015
EQ-002,2025-01-04 06:45:00,1,False,0.10473340611479792,7.647118450867833
EQ-002,2025-01-04 06:49:00,1,False,0.0868576590618188,7.573197205307255
EQ-002,2025-01-04 06:55:00,1,False,0.10366686950159798,7.589132554618697
EQ-002,2025-01-04 06:57:00,1,False,0.10726523890735118,7.6189101349531
EQ-002,2025-01-04 06:58:00,1,False,0.09270106071608142,7.511324269879643
EQ-002,2025-01-04 06:59:00,1,False,0.0915544421581847,7.63428226526639
EQ-002,2025-01-04 07:01:00,1,False,0.09567299899462917,7.614889865399784
EQ-002,2025-01-04 07:02:00,1,False,0.10918418402867114,7.6767473429305255
EQ-002,2025-01-04 07:09:00,1,False,0.09174876790233993,7.74462825639928
EQ-002,2025-01-04 07:15:00,1,False,0.09179619215197043,7.559746091524702
EQ-002,2025-01-04 07:16:00,1,False,0.09671006263103432,7.552946326375343
EQ-002,2025-01-04 07:18:00,1,False,0.1093333931106556,7.6222958843137665
EQ-002,2025-01-04 07:24:00,1,False,0.09248662231309956,7.5653266994795425
EQ-002,2025-01-04 07:26:00,1,False,0.10013460250309686,7.4929564755343065
EQ-002,2025-01-04 07:36:00,1,False,0.11962013077329503,7.579039367994967
EQ-002,2025-01-04 07:41:00,1,False,0.11971702771289627,7.53427984274411
EQ-002,2025-01-04 07:42:00,1,False,0.12117618082379011,7.64112445754025
EQ-002,2025-01-04 07:45:00,1,False,0.107118915573302,7.376327029442125
EQ-002,2025-01-04 07:46:00,1,False,0.10322184884144903,7.3331570024170665
EQ-002,2025-01-04 07:49:00,1,False,0.097348271427458,7.41975123926424
EQ-002,2025-01-04 07:54:00,1,False,0.10207529106039859,7.415882480888438
EQ-002,2025-01-04 07:56:00,1,False,0.09344962681341834,7.593905361290194
EQ-002,2025-01-04 07:58:00,1,False,0.09060367505857675,7.4507416828357
EQ-002,2025-01-04 07:59:00,1,False,0.09377836873976814,7.368610570165934
EQ-002,2025-01-04 08:00:00,1,False,0.1051923482765687,7.387817698257764
EQ-002,2025-01-04 08:01:00,1,False,0.10741972604543948,7.408998667124129
EQ-002,2025-01-04 08:06:00,1,False,0.09802348998664795,7.487222421230485
EQ-002,2025-01-04 08:08:00,1,False,0.11334595350055349,7.367165160769662
EQ-002,2025-01-04 08:12:00,1,False,0.0973060604584603,7.453337491721064
EQ-002,2025-01-04 08:13:00,1,False,0.1041638922085395,7.421619562450339
EQ-002,2025-01-04 08:18:00,1,False,0.12386332601208616,7.404226388705552
EQ-002,2025-01-04 08:20:00,1,False,0.11509639322841525,7.4374840740983155
EQ-002,2025-01-04 08:24:00,1,False,0.10917631467550276,7.290978881751236
EQ-002,2025-01-04 08:25:00,1,False,0.09289054237706507,7.416203294560171
EQ-002,2025-01-04 08:27:00,1,False,0.10711230613427097,7.295506548556797
EQ-002,2025-01-04 08:29:00,1,False,0.10128725297268215,7.250192852699796
EQ-002,2025-01-04 08:30:00,1,False,0.08470942628913847,7.256429916208759
EQ-002,2025-01-04 08:32:00,1,False,0.09456274433286649,7.341795790943929
EQ-002,2025-01-04 08:35:00,1,False,0.10194625079224251,7.261340522904071
EQ-002,2025-01-04 08:57:00,1,False,0.09360045403734013,7.192011872155222
EQ-002,2025-01-04 09:05:00,1,False,0.08029987138023625,7.249565852303217
EQ-002,2025-01-04 09:06:00,1,False,0.07402192179742428,7.225551451398689
EQ-002,2025-01-04 09:13:00,1,False,0.11080169339635343,7.324437063262419
EQ-002,2025-01-04 09:15:00,1,False,0.07686093793721915,7.071964587653484
EQ-002,2025-01-04 09:16:00,1,False,0.07236067310215794,7.200747273620684
EQ-002,2025-01-04 09:17:00,1,False,0.06325484081680333,7.2917870205077655
EQ-002,2025-01-04 09:20:00,1,False,0.07103109241331762,7.270504565064971
EQ-002,2025-01-04 09:22:00,1,False,0.09527501182020337,7.169364482493274
EQ-002,2025-01-04 09:27:00,1,False,0.06658934506589181,7.277333719807718
EQ-002,2025-01-04 09:28:00,1,False,0.06856035550469869,7.293853838509906
EQ-002,2025-01-04 09:29:00,1,False,0.0614844964796295,7.163819953847618
EQ-002,2025-01-04 09:31:00,1,False,0.05255272681684725,7.3076917346034955
EQ-002,2025-01-04 09:34:00,1,False,0.0800251791155851,7.175190879366593
EQ-002,2025-01-04 09:35:00,1,False,0.06279967522008206,7.026630399177026
EQ-002,2025-01-04 09:37:00,1,False,0.07715081511588229,7.309594568646312
EQ-002,2025-01-04 09:39:00,1,False,0.07565835619931316,7.19479429982418
EQ-002,2025-01-04 09:40:00,1,False,0.0813408516647639,7.134907156462414
EQ-002,2025-01-04 09:41:00,1,False,0.05750055699623896,7.067680961408169
EQ-002,2025-01-04 09:42:00,1,False,0.04439050424985014,7.375595335907386
EQ-002,2025-01-04 09:45:00,1,False,0.07715847680892718,7.165196648003557
EQ-002,2025-01-04 09:49:00,1,False,0.06344374406028247,7.271163630999325
EQ-002,2025-01-04 09:51:00,1,False,0.09421342799867305,7.181983922463089
EQ-002,2025-01-04 09:53:00,1,False,0.0649154038978661,7.166040169813783
EQ-002,2025-01-04 09:59:00,1,False,0.06777371738135857,7.271088214538557
EQ-002,2025-01-04 10:02:00,1,False,0.07433740358783486,7.256450329531847
EQ-002,2025-01-04 10:06:00,1,False,0.08528524747180516,7.226291098505422
EQ-002,2025-01-04 10:07:00,1,False,0.0789983221363757,7.355272407076278
EQ-002,2025-01-04 10:14:00,1,False,0.0619325622096471,7.125362624679715
EQ-002,2025-01-04 10:15:00,1,False,0.07672300450160285,7.312571062238343
EQ-002,2025-01-04 10:17:00,1,False,0.07883691819099492,7.336634240431832
EQ-002,2025-01-04 10:19:00,1,False,0.0577446916199702,7.20669554405481
EQ-002,2025-01-04 10:21:00,1,False,0.059006161721234296,7.0824253009941565
EQ-002,2025-01-04 10:26:00,1,False,0.047610060152885714,7.219337722444058
EQ-002,2025-01-04 10:27:00,1,False,0.05295682097223314,7.255475497214357
EQ-002,2025-01-04 10:29:00,1,False,0.04471646302826132,7.231445799469216
EQ-002,2025-01-04 10:34:00,1,False,0.09737674638121452,7.42104698102472
EQ-002,2025-01-04 10:37:00,1,False,0.08553656609944776,7.270855096602319
EQ-002,2025-01-04 10:40:00,1,False,0.05054267099627063,7.37320836002341
EQ-002,2025-01-04 10:41:00,1,False,0.0836863363085219,7.222188289969603
EQ-002,2025-01-04 10:47:00,1,False,0.08913686702489221,7.1612170034380975
EQ-002,2025-01-04 10:51:00,1,False,0.04566005107081095,7.159549660640085
EQ-002,2025-01-04 10:56:00,1,False,0.06686279309556847,7.326192568555342
EQ-002,2025-01-04 10:59:00,1,False,0.06633657426847489,7.385791184946737
EQ-002,2025-01-04 11:03:00,1,False,0.06635786055791298,7.308118713620181
EQ-002,2025-01-04 11:10:00,1,False,0.1124269399802334,7.339394352988245
EQ-002,2025-01-04 11:11:00,1,False,0.08549007402285264,7.331490753048185
EQ-002,2025-01-04 11:13:00,1,False,0.0961388432029121,7.342837247262506
EQ-002,2025-01-04 11:14:00,1,False,0.06954497488999467,7.390908390310984
EQ-002,2025-01-04 11:19:00,1,False,0.09001887838091222,7.341097416948294
EQ-003,2025-01-01 01:19:00,1,False,0.09654192133019868,7.685932580321472
EQ-003,2025-01-01 01:20:00,1,False,0.08773352924635014,7.72270824854149
EQ-003,2025-01-01 01:23:00,1,False,0.09541461099574361,7.826991189987174
EQ-003,2025-01-01 01:25:00,1,False,0.10457452600819378,7.788938369698644
EQ-003,2025-01-01 01:28:00,1,False,0.0861848627606312,7.830909567444236
EQ-003,2025-01-01 01:29:00,1,False,0.0689195199998614,7.781433628336855
EQ-003,2025-01-01 01:31:00,1,False,0.08951193380884259,7.786086996170179
EQ-003,2025-01-01 01:32:00,1,False,0.09322288563636116,7.792174113016132
EQ-003,2025-01-01 01:34:00,1,False,0.10080389571823922,7.808029164542331
EQ-003,2025-01-01 01:37:00,1,False,0.07042636080976528,7.5512979173377035
EQ-003,2025-01-01 01:40:00,1,False,0.003730379430059938,7.653051001212101
EQ-003,2025-01-01 01:42:00,1,False,0.07913505047117786,7.713839662507269
EQ-003,2025-01-01 01:44:00,1,False,0.06405613782490022,7.66812920392247
EQ-003,2025-01-01 01:45:00,1,False,0.09293649365936962,7.7426331488914935
EQ-003,2025-01-01 01:46:00,1,False,0.061260110723176164,7.825370260171096
EQ-003,2025-01-01 01:49:00,1,False,0.07690140204602097,7.936427828185301
EQ-003,2025-01-01 01:51:00,1,False,0.061181707367241545,7.779169151881271
EQ-003,2025-01-01 02:01:00,1,False,0.06405521517334417,7.784107815089191
EQ-003,2025-01-01 02:04:00,1,False,0.06466137954588008,7.803321850370298
EQ-003,2025-01-01 02:07:00,1,False,0.0693242602061353,7.67571986533983
EQ-003,2025-01-01 02:14:00,1,False,0.07299364511339651,7.765450242495579
EQ-003,2025-01-01 02:20:00,1,False,0.046877913381555336,7.713227286607215
EQ-003,2025-01-01 02:24:00,1,False,0.08924099169766331,7.747035423315908
EQ-003,2025-01-01 02:25:00,1,False,0.06269666736067164,7.8329711406016225
EQ-003,2025-01-01 02:28:00,1,False,0.07241728409523235,7.737811860888366
EQ-003,2025-01-01 02:30:00,1,False,0.06748716908997077,7.76051576582486
EQ-003,2025-01-01 02:32:00,1,False,0.07623679298161368,7.7537521257741275
EQ-003,2025-01-01 02:39:00,1,False,0.09209879650980946,7.801691166837083
EQ-003,2025-01-01 02:40:00,1,False,0.0734008355251336,7.782682044232837
EQ-003,2025-01-01 02:45:00,1,False,0.07948041934553862,7.726773630256806
EQ-003,2025-01-01 02:52:00,1,False,0.0860868202509712,7.737055680181232
EQ-003,2025-01-01 02:53:00,1,False,0.0671111174329162,7.696009239230042
EQ-003,2025-01-01 02:54:00,1,False,0.08452923390778266,7.771071521575979
EQ-003,2025-01-01 02:56:00,1,False,0.06711454222240942,7.837655482819963
EQ-003,2025-01-01 02:58:00,1,False,0.049508558944583225,7.86219643511086
EQ-003,2025-01-01 03:00:00,1,False,0.052868169147459065,7.793803359453189
EQ-003,2025-01-01 03:03:00,1,False,0.07168141257175609,7.674415634132755
EQ-003,2025-01-01 03:10:00,1,False,0.04361835085839022,7.641174716586794
EQ-003,2025-01-01 03:14:00,1,False,0.05594522637619864,7.673091282412112
EQ-003,2025-01-01 03:19:00,1,False,0.04714171045084503,7.665386895515345
EQ-003,2025-01-01 03:21:00,1,False,0.07295348808908692,7.675032567326479
EQ-003,2025-01-01 03:23:00,1,False,0.08547514229164621,7.64589568258991
EQ-003,2025-01-01 03:26:00,1,False,0.10104955390119486,7.615109560000601
EQ-003,2025-01-01 03:27:00,1,False,0.07446727303174605,7.706385197419376
EQ-003,2025-01-01 03:29:00,1,False,0.09222560708528532,7.612253523820199
EQ-003,2025-01-01 03:31:00,1,False,0.0790012954717485,7.568312045623329
EQ-003,2025-01-01 03:32:00,1,False,0.08897681397168966,7.5332147610873195
EQ-003,2025-01-01 03:34:00,1,False,0.07467993489119829,7.741182333226892
EQ-003,2025-01-01 03:39:00,1,False,0.0651990845189695,7.775168523540441
EQ-003,2025-01-01 03:42:00,1,False,0.06977337445943937,7.792859558274666
EQ-003,2025-01-01 03:44:00,1,False,0.05839918826547735,7.574840974620064
EQ-003,2025-01-01 03:46:00,1,False,0.10680888147426981,7.587342379354042
EQ-003,2025-01-01 03:51:00,1,False,0.08388372076334538,7.468858828649763
EQ-003,2025-01-01 03:53:00,1,False,0.05882603320674168,7.545492066633213
EQ-003,2025-01-01 03:55:00,1,False,0.09868567628482516,7.492812874902418
EQ-003,2025-01-01 04:06:00,1,False,0.0904167110705143,7.417475021420451
EQ-003,2025-01-01 04:08:00,1,False,0.10754034586373956,7.423857376524986
EQ-003,2025-01-01 04:16:00,1,False,0.09078797862206162,7.48461871379207
EQ-003,2025-01-01 04:20:00,1,False,0.09186370543561717,7.612779773360691
EQ-003,2025-01-01 04:23:00,1,False,0.08154866914783243,7.432600176746672
EQ-003,2025-01-01 04:24:00,1,False,0.07037388328465133,7.314498337220409
EQ-003,2025-01-01 04:33:00,1,False,0.10145610958518753,7.385124249962389
EQ-003,2025-01-01 04:37:00,1,False,0.09692521813626986,7.452897574900772
EQ-003,2025-01-01 04:42:00,1,False,0.06493840339922491,7.421206303247474
EQ-003,2025-01-01 04:45:00,1,False,0.07946058699630504,7.254499516530274
EQ-003,2025-01-01 04:50:00,1,False,0.0985647313718444,7.475606686559986
EQ-003,2025-01-01 04:52:00,1,False,0.08755628079268019,7.450939636762676
EQ-003,2025-01-01 04:56:00,1,False,0.11555787018815356,7.472867193357052
EQ-003,2025-01-01 05:01:00,1,False,0.11561088341969156,7.401979011230568
EQ-003,2025-01-01 05:03:00,1,False,0.09479212131350984,7.180063818143522
EQ-003,2025-01-01 05:11:00,1,False,0.09096105969526203,7.2759806052811005
EQ-003,2025-01-01 05:16:00,1,False,0.08863873675622436,7.230855180897922
EQ-003,2025-01-01 05:17:00,1,False,0.08226062163159964,7.2925636432120555
EQ-003,2025-01-01 05:18:00,1,False,0.10637352275165013,7.245947321308873
EQ-003,2025-01-01 05:19:00,1,False,0.10474312739054348,7.289021301383156
EQ-003,2025-01-01 05:23:00,1,False,0.08916140130312639,7.099691271011088
EQ-003,2025-01-01 05:24:00,1,False,0.09384998764248809,7.336180366430285
EQ-003,2025-01-01 05:33:00,1,False,0.10899388424939105,7.370026622764829
EQ-003,2025-01-01 05:35:00,1,False,0.08985479461142304,7.242026863460378
EQ-003,2025-01-01 05:36:00,1,False,0.10597137203767626,7.416247455840521
EQ-003,2025-01-01 05:39:00,1,False,0.09752901745860965,7.182762023151574
EQ-003,2025-01-01 05:44:00,1,False,0.08866108552316637,7.201441950262173
EQ-003,2025-01-01 05:46:00,1,False,0.09966964136083317,7.293664670104035
EQ-003,2025-01-01 05:47:00,1,False,0.09242595900917833,7.215107652409412
EQ-003,2025-01-01 05:54:00,1,False,0.10819244364768926,7.341872899200864
EQ-003,2025-01-01 05:55:00,1,False,0.0975352020337702,7.281479139939319
EQ-003,2025-01-01 05:57:00,1,False,0.10126370078914676,7.222398029344203
EQ-003,2025-01-01 05:59:00,1,False,0.1104858124108773,7.135757953535815
EQ-003,2025-01-01 06:00:00,1,False,0.07305520003684429,7.155249637440198
EQ-003,2025-01-01 06:01:00,1,False,0.08472764212260303,7.358455810609416
EQ-003,2025-01-01 06:03:00,1,False,0.07567812584803296,7.151337171381881
EQ-003,2025-01-01 06:09:00,1,False,0.07814539026754147,7.24944633578051
EQ-003,2025-01-01 06:14:00,1,False,0.08597478820354498,7.112880970552203
EQ-003,2025-01-01 06:16:00,1,False,0.0720436339514175,7.250959759355944
EQ-003,2025-01-01 06:17:00,1,False,0.08749603791827681,7.1756713889052
EQ-003,2025-01-01 06:21:00,1,False,0.0685340832636751,7.209018544474074
EQ-003,2025-01-01 06:22:00,1,False,0.10212632446170561,7.367247471618764
EQ-003,2025-01-01 06:27:00,1,False,0.06155059391116363,7.240746284441661
EQ-003,2025-01-01 06:28:00,1,False,0.10653052357695947,7.164715077575495
EQ-003,2025-01-01 06:30:00,1,False,0.07507300668920303,7.2138075665445385
EQ-003,2025-01-01 06:34:00,1,False,0.08135057705594301,7.125989889779377
EQ-003,2025-01-01 06:35:00,1,False,0.046875929621779056,7.254577136472819
EQ-003,2025-01-01 06:40:00,1,False,0.0778746262533433,7.21795754199381
EQ-003,2025-01-01 06:41:00,1,False,0.08529420437488533,7.294896941821523
EQ-003,2025-01-01 06:43:00,1,False,0.09773443387086722,7.310687981702667
EQ-003,2025-01-01 06:48:00,1,False,0.08853316551627938,7.300612345097427
EQ-003,2025-01-01 06:55:00,1,False,0.09992300116797564,7.221990553062234
EQ-003,2025-01-01 06:56:00,1,False,0.07717498851932642,7.156156520273969
EQ-003,2025-01-01 07:00:00,1,False,0.08351424525597295,7.380376241453871
EQ-003,2025-01-01 07:01:00,1,False,0.06766502110144773,7.2678274731223995
EQ-003,2025-01-01 07:02:00,1,False,0.06452549423722492,7.260026001956943
EQ-003,2025-01-01 07:06:00,1,False,0.09063879607570469,7.403589187407033
EQ-003,2025-01-01 07:07:00,1,False,0.09331128414353862,7.3131068717477765
EQ-003,2025-01-01 07:09:00,1,False,0.061919032282745146,7.21528799180708
EQ-003,2025-01-01 07:11:00,1,False,0.10639928834415491,7.393824696206084
EQ-003,2025-01-01 07:12:00,1,False,0.09373145807391114,7.422245138524314
EQ-003,2025-01-01 07:17:00,1,False,0.08823087133604174,7.300487333793959
EQ-003,2025-01-01 07:20:00,1,False,0.08398807069471032,7.287988071823153
EQ-003,2025-01-01 07:27:00,1,False,0.074533506324374,7.310480763498474
EQ-003,2025-01-01 07:30:00,1,False,0.09025141617755938,7.352174656284584
EQ-003,2025-01-01 07:31:00,1,False,0.09809690828260081,7.301842100707205
EQ-003,2025-01-01 07:38:00,1,False,0.09372539238585592,7.479182335969108
EQ-003,2025-01-01 07:40:00,1,False,0.06583377523036632,7.397740228516488
EQ-003,2025-01-01 07:42:00,1,False,0.05520994821150521,7.301132750027823
EQ-003,2025-01-01 07:45:00,1,False,0.0839376780592948,7.355077328645008
EQ-003,2025-01-01 07:49:00,1,False,0.1028047881251461,7.186696278903165
EQ-003,2025-01-01 07:50:00,1,False,0.09515144215178117,7.304774249044032
EQ-003,2025-01-01 07:51:00,1,False,0.0906928102744769,7.4677261231236765
EQ-003,2025-01-01 07:55:00,1,False,0.0591654971850441,7.124410520897649
EQ-003,2025-01-01 07:56:00,1,False,0.07731368339117273,7.325102630938497
EQ-003,2025-01-01 08:01:00,1,False,0.05507741717775022,7.244533372229651
EQ-003,2025-01-01 08:03:00,1,False,0.0734060949658793,7.44806047171498
EQ-003,2025-01-01 08:08:00,1,False,0.0805085035033728,7.295598548098658
EQ-003,2025-01-01 08:10:00,1,False,0.04931430159145794,7.462187692169777
EQ-003,2025-01-01 08:11:00,1,False,0.11319531002730016,7.5001557696029515
EQ-003,2025-01-01 08:12:00,1,False,0.046416322339766,7.501358425906717
EQ-003,2025-01-01 08:18:00,1,False,0.025430799542957738,9.07483009528595
EQ-003,2025-01-01 08:22:00,-1,True,-0.02262222043950768,7.511532207691197
EQ-003,2025-01-01 08:23:00,-1,True,-0.005078939519587711,7.588359856917594
EQ-003,2025-01-01 08:30:00,1,False,0.025970750704145118,7.653650494626503
EQ-003,2025-01-01 08:31:00,1,False,0.0921018726678538,7.5412036068958335
EQ-003,2025-01-01 08:32:00,1,False,0.003613439811119501,7.583577750735201
EQ-003,2025-01-01 08:33:00,1,False,0.09807666313785235,7.6038768764827775
EQ-003,2025-01-01 08:34:00,1,False,0.059877841516470576,7.516541205063121
EQ-003,2025-01-01 08:36:00,1,False,0.11241292728852148,7.65930662460186
EQ-003,2025-01-01 08:43:00,1,False,0.09776448051285247,7.46723218588537
EQ-003,2025-01-01 08:46:00,1,False,0.018377571685480154,7.649076543128726
EQ-003,2025-01-01 08:48:00,1,False,0.08963329755571636,7.580137558558738
EQ-003,2025-01-01 08:49:00,1,False,0.09673818433326803,7.670095707420639
EQ-003,2025-01-01 09:00:00,1,False,0.09627302607590493,7.59319244759779
EQ-003,2025-01-01 09:04:00,1,False,0.09292828560651079,7.65769718015362
EQ-003,2025-01-01 09:09:00,-1,True,-0.007268807333877247,7.803154417604139
EQ-003,2025-01-01 09:10:00,1,False,0.07662399361089578,7.64305849300305
EQ-003,2025-01-01 09:12:00,1,False,0.07667200922536277,7.7092259724362915
EQ-003,2025-01-01 09:14:00,1,False,0.09009304012477437,7.770089632010612
EQ-003,2025-01-01 09:16:00,1,False,0.06869456769576904,7.8205229014112385
EQ-003,2025-01-01 09:17:00,1,False,0.08049308079299489,7.683476146763999
EQ-003,2025-01-01 09:18:00,1,False,0.08614420874519946,7.7550155556069
EQ-003,2025-01-01 09:19:00,1,False,0.05795983047536457,7.809993975340478
EQ-003,2025-01-01 09:24:00,1,False,0.09185961060127967,7.776884546524835
EQ-003,2025-01-01 09:30:00,1,False,0.06671062944704637,7.762693834167043
EQ-003,2025-01-01 09:36:00,1,False,0.10363050823682973,7.700632587220979
EQ-003,2025-01-01 09:38:00,1,False,0.05751251098487975,7.755521490393232
EQ-003,2025-01-01 09:41:00,1,False,0.07614421756852696,7.848243395405143
EQ-003,2025-01-01 09:45:00,1,False,0.09636115837582249,7.752317281633229
EQ-003,2025-01-01 09:46:00,1,False,0.07967464290778714,7.841863730039929
EQ-003,2025-01-01 09:48:00,1,False,0.024139652361479247,7.818881687366208
EQ-003,2025-01-01 09:49:00,1,False,0.0702521532970734,7.944908361129463
EQ-003,2025-01-01 09:50:00,1,False,0.0573028700716498,7.6580319947646665
EQ-003,2025-01-01 09:51:00,1,False,0.08513149503422784,7.703578758173352
EQ-003,2025-01-01 09:53:00,1,False,0.046357582074817716,7.943325082782627
EQ-003,2025-01-01 09:55:00,1,False,0.07018771605027296,7.906381290913678
EQ-003,2025-01-01 09:57:00,1,False,0.05412267376471647,7.752222348178524
EQ-003,2025-01-01 10:01:00,1,False,0.049382080731572575,7.782270084966867
EQ-003,2025-01-01 10:02:00,1,False,0.08402594815383463,7.806021464684722
EQ-003,2025-01-01 10:04:00,1,False,0.08831831759554998,7.658928345338673
EQ-003,2025-01-01 10:08:00,1,False,0.08621186333905573,7.740812988314696
EQ-003,2025-01-01 10:09:00,1,False,0.057880400332752435,7.75692850433951
EQ-003,2025-01-01 10:10:00,1,False,0.10163660901213123,7.809061248707655
EQ-003,2025-01-01 10:12:00,1,False,0.09520317274785017,7.794361997375831
EQ-003,2025-01-01 10:14:00,1,False,0.07863119523114098,7.719517947209043
EQ-003,2025-01-01 10:30:00,1,False,0.09285005350862052,7.716358187613937
EQ-003,2025-01-01 10:35:00,1,False,0.0901872966674459,7.830235933016272
EQ-003,2025-01-01 10:38:00,1,False,0.10305979840486068,7.667494209550054
EQ-003,2025-01-01 10:39:00,1,False,0.10797068481872002,7.658786630509404
EQ-003,2025-01-01 10:40:00,1,False,0.07807698908191485,7.6974156618383685
EQ-003,2025-01-01 10:41:00,1,False,0.08107427101077602,7.832347367383963
EQ-003,2025-01-01 10:42:00,1,False,0.09600392947032038,7.664165102765173
EQ-003,2025-01-01 10:44:00,1,False,0.06392988645677655,7.824105427115581
EQ-003,2025-01-01 10:48:00,1,False,0.07857269467859274,7.879077592938176
EQ-003,2025-01-01 10:49:00,1,False,0.0815096744456214,7.843916192723584
EQ-003,2025-01-01 10:53:00,1,False,0.048793999853250614,7.80053191409418
EQ-003,2025-01-01 10:56:00,1,False,0.07151948236792055,7.7655860843242035
EQ-003,2025-01-01 11:01:00,1,False,0.06433144192019724,7.710172358649378
EQ-003,2025-01-01 11:05:00,1,False,0.07863187440935193,7.830970435229906
EQ-003,2025-01-01 11:07:00,1,False,0.0807775704006955,7.635584203989741
EQ-003,2025-01-01 11:08:00,1,False,0.08079892889315948,7.800844670552409
EQ-003,2025-01-01 11:10:00,1,False,0.03185171972019596,7.846721943851452
EQ-003,2025-01-01 11:15:00,1,False,0.08001011748625597,7.843358642901987
EQ-003,2025-01-01 11:19:00,1,False,0.06918284298384497,7.7759071146284615
EQ-003,2025-01-01 11:20:00,1,False,0.05037183612419377,7.7706521697752615
EQ-003,2025-01-01 11:22:00,1,False,0.04628290436416216,7.650956655413409
EQ-003,2025-01-01 11:23:00,1,False,0.08253450596689382,7.75667997120341
EQ-003,2025-01-01 11:25:00,1,False,0.09182574022666412,7.7885808012779
EQ-003,2025-01-01 11:29:00,1,False,0.06739396615716486,7.710026306690244
EQ-003,2025-01-01 11:30:00,1,False,0.09699202249494976,7.615536479592254
EQ-003,2025-01-01 11:31:00,1,False,0.07681927659767279,7.744400070347241
EQ-003,2025-01-01 11:32:00,1,False,0.09321186355260525,7.711048643922003
EQ-003,2025-01-01 11:33:00,1,False,0.08349923120516811,7.759063332092019
EQ-003,2025-01-01 11:36:00,1,False,0.08404438842110146,7.773327738903962
EQ-003,2025-01-01 11:50:00,1,False,0.0889059467756172,7.76324918334892
EQ-003,2025-01-01 11:52:00,1,False,0.0863016580473342,7.703786843174656
EQ-003,2025-01-01 11:53:00,1,False,0.06951653567248745,7.780438192550893
EQ-003,2025-01-01 11:54:00,1,False,0.09464589009791469,7.639496152257777
EQ-003,2025-01-01 11:55:00,1,False,0.07947541489720894,7.743153077619995
EQ-003,2025-01-01 12:01:00,1,False,0.10159609149855114,7.675419590012076
EQ-003,2025-01-01 12:02:00,1,False,0.09925619825293475,7.619297367385986
EQ-003,2025-01-01 12:04:00,1,False,0.08880519900396239,7.727483655675704
EQ-003,2025-01-01 12:06:00,1,False,0.08261462119707302,7.566922529476734
EQ-003,2025-01-01 12:10:00,1,False,0.08760284217285597,7.620578419662262
EQ-003,2025-01-01 12:12:00,1,False,0.019651766140890148,8.99134097780582
EQ-003,2025-01-01 12:13:00,1,False,6.146860106215346e-05,7.59387164952067
EQ-003,2025-01-01 12:15:00,1,False,0.012806316822491559,7.568377835172681
EQ-003,2025-01-01 12:16:00,1,False,0.019575618861691957,7.560128857991776
EQ-003,2025-01-01 12:18:00,1,False,0.10325855991200134,7.553433836378589
EQ-003,2025-01-01 12:19:00,1,False,0.003525799382189332,7.54522263881259
EQ-003,2025-01-01 12:20:00,1,False,0.07775134351271301,7.524888391173587
EQ-003,2025-01-01 12:21:00,1,False,0.09082861977266454,7.602128333772568
EQ-003,2025-01-01 12:24:00,1,False,0.09073823992510754,7.430131067331093
EQ-003,2025-01-01 12:30:00,1,False,0.07470154860522432,7.399556304408605
EQ-003,2025-01-01 12:33:00,1,False,0.026923273943748216,7.418138126494472
EQ-003,2025-01-01 12:36:00,1,False,0.08497010938448102,7.430609987760436
EQ-003,2025-01-01 12:39:00,1,False,0.08776126295932396,7.5596251246496715
EQ-003,2025-01-01 12:42:00,1,False,0.09875586967926325,7.302595558939973
EQ-003,2025-01-01 12:43:00,1,False,0.08019108715867251,7.37614838619853
EQ-003,2025-01-01 12:45:00,1,False,0.007988221007983576,7.436896961775553
EQ-003,2025-01-01 12:51:00,1,False,0.029328992432305245,8.83350896833432
EQ-003,2025-01-01 12:53:00,-1,True,-0.0004779307581433967,7.436639806261266
EQ-003,2025-01-01 12:54:00,1,False,0.00644689422919642,7.279055438913407
EQ-003,2025-01-01 12:55:00,1,False,0.006986747497005119,7.4911307706215355
EQ-003,2025-01-01 12:59:00,1,False,0.08807527070946586,7.344074637480668
EQ-003,2025-01-01 13:00:00,1,False,0.006567980023593822,7.306446362167012
EQ-003,2025-01-01 13:07:00,1,False,0.055651471526716956,7.415973201971756
EQ-003,2025-01-01 13:12:00,1,False,0.09439539964174293,7.453790099653597
EQ-003,2025-01-01 13:13:00,1,False,0.08641888697111888,7.268301653868132
EQ-003,2025-01-01 13:16:00,1,False,0.08188322518415542,7.268330794596981
EQ-003,2025-01-01 13:23:00,1,False,0.009425374492861072,7.387483068825867
EQ-003,2025-01-01 13:24:00,1,False,0.09139367645672253,7.3862071165702945
EQ-003,2025-01-01 13:25:00,1,False,0.10841010867327422,7.229615739336237
EQ-003,2025-01-01 13:29:00,1,False,0.05143030492602918,7.238391286917665
EQ-003,2025-01-01 13:31:00,1,False,0.009133122219440626,7.217394275230894
EQ-003,2025-01-01 13:32:00,-1,True,-0.0014843990079310698,7.3790644806703485
EQ-003,2025-01-01 13:34:00,1,False,0.0816732494716943,7.232567759997344
EQ-003,2025-01-01 13:35:00,1,False,0.07865736368497922,7.240375303707258
EQ-003,2025-01-01 13:39:00,1,False,0.05001417140826153,7.17992662626788
EQ-003,2025-01-01 13:46:00,1,False,0.0731060246841097,7.25227683568755
EQ-003,2025-01-01 13:47:00,1,False,0.08185488482170639,7.486153241988204
EQ-003,2025-01-01 13:48:00,1,False,0.09623939229672007,7.353625222830175
EQ-003,2025-01-01 13:54:00,1,False,0.0702883588843729,7.214929747777968
EQ-003,2025-01-01 13:55:00,1,False,0.06784027273151377,7.1451592775194435
EQ-003,2025-01-01 13:56:00,1,False,0.06465299548613712,7.167578358528131
EQ-003,2025-01-01 13:59:00,1,False,0.06241846727878986,7.2967322887824
EQ-003,2025-01-01 14:02:00,1,False,0.07539225130828081,7.2720766872675915
EQ-003,2025-01-01 14:08:00,1,False,0.0626662200236548,7.365402401040734
EQ-003,2025-01-01 14:10:00,1,False,0.07143423289359746,7.176361902996516
EQ-003,2025-01-01 14:11:00,1,False,0.07295268540754901,7.047252475941047
EQ-003,2025-01-01 14:12:00,1,False,0.0210886047201832,7.351359377261571
EQ-003,2025-01-01 14:15:00,1,False,0.05903955420354767,7.146489938817451
EQ-003,2025-01-01 14:18:00,1,False,0.03836345403186714,7.148660206108413
EQ-003,2025-01-01 14:19:00,1,False,0.06079367482576409,7.213836194410974
EQ-003,2025-01-01 14:20:00,1,False,0.051452505432108886,7.228889278785664
EQ-003,2025-01-01 14:21:00,1,False,0.058339662195318054,7.208656859926637
EQ-003,2025-01-01 14:23:00,1,False,0.08912597131210853,7.2696833202960605
EQ-003,2025-01-01 14:24:00,1,False,0.09773292923385568,7.237295821213959
EQ-003,2025-01-01 14:25:00,1,False,0.07047798151430545,7.214589704880839
EQ-003,2025-01-01 14:26:00,1,False,0.058253990745256834,7.1117278518117475
EQ-003,2025-01-01 14:27:00,1,False,0.08512104785202906,7.179565417568831
EQ-003,2025-01-01 14:34:00,1,False,0.08260902282322974,7.202778047011333
EQ-003,2025-01-01 14:37:00,1,False,0.07129134142060828,7.276107098009687
EQ-003,2025-01-01 14:41:00,1,False,0.06545344012126286,7.173509507530621
EQ-003,2025-01-01 14:44:00,1,False,0.07202030446740992,7.2390687118532915
EQ-003,2025-01-01 14:45:00,1,False,0.08507734157117691,7.289963825590161
EQ-003,2025-01-01 14:51:00,1,False,0.05941966858592407,7.0656694292757445
EQ-003,2025-01-01 14:53:00,1,False,0.0648512129469555,7.14872658802131
EQ-003,2025-01-01 14:54:00,1,False,0.06278969941774415,7.156611119438
EQ-003,2025-01-01 15:03:00,1,False,0.04136143211233517,7.015234543937193
EQ-003,2025-01-01 15:05:00,1,False,0.06429982086049241,7.159015553511218
EQ-003,2025-01-01 15:10:00,1,False,0.042108874146688346,7.1850350102443725
EQ-003,2025-01-01 15:13:00,1,False,0.06912312027109496,7.184925116916429
EQ-003,2025-01-01 15:17:00,1,False,0.07287976556419257,7.2100788790742865
EQ-003,2025-01-01 15:20:00,1,False,0.06342985635771892,7.276531170561502
EQ-003,2025-01-01 15:25:00,1,False,0.10558321007032301,7.364971986922717
EQ-003,2025-01-01 15:31:00,1,False,0.07630095394133779,7.316632603794847
EQ-003,2025-01-01 15:35:00,1,False,0.07987914645780092,7.088047998374594
EQ-003,2025-01-01 15:40:00,1,False,0.05965084324912667,7.351654694468953
EQ-003,2025-01-01 15:42:00,1,False,0.061482462955454675,7.34494147986492
EQ-003,2025-01-01 15:46:00,1,False,0.055938151397529945,7.259521264180672
EQ-003,2025-01-01 15:48:00,1,False,0.07895896673895525,7.326073371469895
EQ-003,2025-01-01 15:54:00,1,False,0.06191745316328062,7.166238903716736
EQ-003,2025-01-01 15:58:00,1,False,0.09819022661162541,7.273376399800378
EQ-003,2025-01-01 16:02:00,1,False,0.08896608347880774,7.455402229978179
EQ-003,2025-01-01 16:04:00,1,False,0.1022231492687311,7.409658770961133
EQ-003,2025-01-01 16:08:00,1,False,0.11784433312616033,7.33509116115919
EQ-003,2025-01-01 16:21:00,1,False,0.053139759909968165,7.331615945876393
EQ-003,2025-01-01 16:29:00,1,False,0.09068303145415585,7.245766888287553
EQ-003,2025-01-01 16:38:00,1,False,0.0896489046815041,7.572613128368739
EQ-003,2025-01-01 16:40:00,1,False,0.09302635583993113,7.468975607554833
EQ-003,2025-01-01 16:41:00,1,False,0.08786008267226064,7.45374168668514
EQ-003,2025-01-01 16:43:00,1,False,0.09534863465700544,7.525306359934872
EQ-003,2025-01-01 16:45:00,1,False,0.09788967369679874,7.422575267283464
EQ-003,2025-01-01 16:46:00,1,False,0.07659522711779182,7.5704805924020535
EQ-003,2025-01-01 16:48:00,1,False,0.09043833586116518,7.366765019109277
EQ-003,2025-01-01 16:51:00,1,False,0.08134770524417578,7.532786038858915
EQ-003,2025-01-01 16:55:00,1,False,0.09479968431527724,7.96283189373044
EQ-003,2025-01-01 17:02:00,1,False,0.06502651136301446,7.484998618735433
EQ-003,2025-01-01 17:03:00,1,False,0.08518593743960617,7.462609974181607
EQ-003,2025-01-01 17:04:00,1,False,0.10311329467301827,7.522362373935489
EQ-003,2025-01-01 17:12:00,1,False,0.07288596962119487,7.495933153091251
EQ-003,2025-01-01 17:15:00,1,False,0.10293325925006869,7.610887067184239
EQ-003,2025-01-01 17:16:00,1,False,0.10385857462474385,7.641936603896778
EQ-003,2025-01-01 17:19:00,1,False,0.09303939327970046,7.66561195521862
EQ-003,2025-01-01 17:20:00,1,False,0.10808517415705549,7.610188952143429
EQ-003,2025-01-01 17:21:00,1,False,0.08883073339624259,7.698630829422621
EQ-003,2025-01-01 17:24:00,1,False,0.08868403385652335,7.696441310815134
EQ-003,2025-01-01 17:28:00,1,False,0.08547855842212687,7.6502113561244665
EQ-003,2025-01-01 17:33:00,1,False,0.0949716622814975,7.750942455162052
EQ-003,2025-01-01 17:35:00,1,False,0.0971007820452583,7.723980023014622
EQ-003,2025-01-01 17:37:00,1,False,0.09857895317280446,7.717455599734122
EQ-003,2025-01-01 17:40:00,1,False,0.09204416855260628,7.639464412870984
EQ-003,2025-01-01 17:41:00,1,False,0.10134148686070016,7.662754201186933
EQ-003,2025-01-01 17:43:00,1,False,0.09584337007895499,7.77634897649984
EQ-003,2025-01-01 17:44:00,1,False,0.10001328247793567,7.668537235818957
EQ-003,2025-01-01 17:46:00,1,False,0.10384965829285553,7.668568421735946
EQ-003,2025-01-01 17:50:00,1,False,0.09545563375714605,7.742445748691503
EQ-003,2025-01-01 17:52:00,1,False,0.09237405672064375,7.759163301708692
EQ-003,2025-01-01 17:56:00,1,False,0.09737323385862573,7.733558805259907
EQ-003,2025-01-01 17:59:00,1,False,0.10289980604946286,7.538503055617534
EQ-003,2025-01-01 18:00:00,1,False,0.10917022709613516,7.701815314457994
EQ-003,2025-01-01 18:01:00,1,False,0.09132783313872062,7.854981871852498
EQ-003,2025-01-01 18:02:00,1,False,0.08119519240566275,7.786005387667999
EQ-003,2025-01-01 18:05:00,1,False,0.08038263265803763,7.824813117057612
EQ-003,2025-01-01 18:06:00,1,False,0.06004673639390129,7.751270724378989
EQ-003,2025-01-01 18:07:00,1,False,0.08278663316527363,7.961151743181858
EQ-003,2025-01-01 18:12:00,1,False,0.07209133482066832,7.734969778397047
EQ-003,2025-01-01 18:16:00,1,False,0.08736073089989183,7.656215448851754
EQ-003,2025-01-01 18:17:00,1,False,0.06938143712537087,7.86194074850007
EQ-003,2025-01-01 18:22:00,1,False,0.10453351521615922,7.701522039332434
EQ-003,2025-01-01 18:27:00,1,False,0.08782421041940469,7.703871359149229
EQ-003,2025-01-01 18:28:00,1,False,0.07125546642325276,7.927093232745129
EQ-003,2025-01-01 18:36:00,1,False,0.08125597776596805,7.792091703171286
EQ-003,2025-01-01 18:38:00,1,False,0.07155984173568863,7.772611184165389
EQ-003,2025-01-01 18:44:00,1,False,0.07906466316350197,7.791776604216642
EQ-003,2025-01-01 18:45:00,1,False,0.08191716562726864,7.762887288832534
EQ-003,2025-01-01 18:46:00,1,False,0.07646415737565226,7.647205102065618
EQ-003,2025-01-01 18:51:00,1,False,0.09214345526758666,7.834262379463558
EQ-003,2025-01-01 18:52:00,1,False,0.08847541009739474,7.7209911171862124
EQ-003,2025-01-01 18:53:00,1,False,0.08723948671762732,7.703224848628603
EQ-003,2025-01-01 18:56:00,1,False,0.052180948405030736,7.710686732131441
EQ-003,2025-01-01 18:58:00,1,False,0.06650088909796364,7.664692711343338
EQ-003,2025-01-01 19:00:00,1,False,0.08047504782013953,7.711298349096852
EQ-003,2025-01-01 19:02:00,1,False,0.09624258115033618,7.689540161225392
EQ-003,2025-01-01 19:03:00,1,False,0.11403109593254701,7.74417286201205
EQ-003,2025-01-01 19:07:00,1,False,0.08588988207397524,7.915234623106204
EQ-003,2025-01-01 19:08:00,1,False,0.07363582728641177,7.783835859075996
EQ-003,2025-01-01 19:09:00,1,False,0.08558653047861586,7.781296083644915
EQ-003,2025-01-01 19:13:00,1,False,0.07946784912481847,7.897828911237802
EQ-003,2025-01-01 19:17:00,1,False,0.0788102122939977,7.877279725049769
EQ-003,2025-01-01 19:22:00,1,False,0.049133843560232926,7.911740243258532
EQ-003,2025-01-01 19:28:00,1,False,0.04864494944583586,7.804921467406898
EQ-003,2025-01-01 19:29:00,1,False,0.06985813893961684,7.820916807293646
EQ-003,2025-01-01 19:41:00,1,False,0.06058834384798645,7.729605735251962
EQ-003,2025-01-01 19:42:00,1,False,0.08122616009968642,7.764698774584547
EQ-003,2025-01-01 19:53:00,1,False,0.043070183517441074,7.710373798865379
EQ-003,2025-01-01 19:56:00,1,False,0.09398813686506341,7.682076768727702
EQ-003,2025-01-01 19:57:00,1,False,0.07977216532418652,7.714782674169083
EQ-003,2025-01-01 19:58:00,1,False,0.05487149430721994,7.7117096410879125
EQ-003,2025-01-01 20:00:00,1,False,0.059311387690169026,7.703170215647328
EQ-003,2025-01-01 20:02:00,1,False,0.07112924615038801,7.591458910429382
EQ-003,2025-01-01 20:03:00,1,False,0.08471895178343586,7.699888465565797
EQ-003,2025-01-01 20:05:00,1,False,0.06776280134972379,7.689030122038589
EQ-003,2025-01-01 20:07:00,1,False,0.07736153818819158,7.7992543781823915
EQ-003,2025-01-01 20:09:00,1,False,0.08759933712589635,7.682176510834035
EQ-003,2025-01-01 20:11:00,1,False,0.08616496763624376,7.594652023506736
EQ-003,2025-01-01 20:13:00,1,False,0.09237763046871028,7.555110847082597
EQ-003,2025-01-01 20:17:00,1,False,0.06369354816908668,7.662031646559047
EQ-003,2025-01-01 20:18:00,1,False,0.08738368489442372,7.714926967383771
EQ-003,2025-01-01 20:22:00,1,False,0.0917180227383349,7.763808451010451
EQ-003,2025-01-01 20:25:00,1,False,0.09325399092908526,7.704678021804989
EQ-003,2025-01-01 20:27:00,1,False,0.07588414202713112,7.704610077147322
EQ-003,2025-01-01 20:30:00,1,False,0.08858101988556344,7.644200252968742
EQ-003,2025-01-01 20:31:00,1,False,0.08516118713455312,7.582505069447116
EQ-003,2025-01-01 20:32:00,1,False,0.0932304010838979,7.6991051999646665
EQ-003,2025-01-01 20:33:00,1,False,0.06360102882311847,7.572985406004664
EQ-003,2025-01-01 20:41:00,1,False,0.08566055870751982,7.696315559972017
EQ-003,2025-01-01 20:42:00,1,False,0.10543974139200923,7.637159955510889
EQ-003,2025-01-01 20:44:00,1,False,0.08361428914748392,7.6004815206760945
EQ-003,2025-01-01 20:45:00,1,False,0.10007864139611344,7.573128422289068
EQ-003,2025-01-01 20:46:00,1,False,0.05850372532057435,7.432376711502729
EQ-003,2025-01-01 20:49:00,1,False,0.09615409116429202,7.436534695665033
EQ-003,2025-01-01 20:53:00,1,False,0.08601508789926882,7.45712766113775
EQ-003,2025-01-01 20:59:00,1,False,0.07286857901282395,7.658968454301592
EQ-003,2025-01-01 21:01:00,1,False,0.08730486675956156,7.515127906417575
EQ-003,2025-01-01 21:03:00,1,False,0.10134562366047234,7.5872426043860965
EQ-003,2025-01-01 21:08:00,1,False,0.07189915832731358,7.473898425592617
EQ-003,2025-01-01 21:12:00,1,False,0.08261052731231777,7.535355274832227
EQ-003,2025-01-01 21:13:00,1,False,0.06936071190141746,7.4485966086298365
EQ-003,2025-01-01 21:14:00,1,False,0.09654656989137911,7.406423068139578
EQ-003,2025-01-01 21:15:00,1,False,0.08546643711534663,7.465024999879254
EQ-003,2025-01-01 21:17:00,1,False,0.10074189782375548,7.4167044468811625
EQ-003,2025-01-01 21:19:00,1,False,0.09294532889900203,7.347665173270111
EQ-003,2025-01-01 21:20:00,1,False,0.0731618450729114,7.553819582072411
EQ-003,2025-01-01 21:21:00,1,False,0.09724624525263065,7.431129850551496
EQ-003,2025-01-01 21:23:00,1,False,0.1042941508682168,7.466113084003626
EQ-003,2025-01-01 21:26:00,1,False,0.08284862821676076,7.283672086128337
EQ-003,2025-01-01 21:31:00,1,False,0.07470222339658561,7.2838076984949645
EQ-003,2025-01-01 21:34:00,1,False,0.05169216486777478,7.384402269338855
EQ-003,2025-01-01 21:37:00,1,False,0.0769764759915012,7.381095478549315
EQ-003,2025-01-01 21:40:00,1,False,0.06636449786413601,7.488896205868905
EQ-003,2025-01-01 21:42:00,1,False,0.0799244006959941,7.355316684958648
EQ-003,2025-01-01 21:43:00,1,False,0.1028012266213797,7.431680488111386
EQ-003,2025-01-01 21:45:00,1,False,0.08531076844391577,7.410133437772252
EQ-003,2025-01-01 21:49:00,1,False,0.07593480630959776,7.059342448050931
EQ-003,2025-01-01 21:52:00,1,False,0.08187162341852056,7.405610778718863
EQ-003,2025-01-01 21:53:00,1,False,0.048181567092938915,7.37691196536569
EQ-003,2025-01-01 21:54:00,1,False,0.05035062524635103,7.340501418498804
EQ-003,2025-01-01 21:56:00,1,False,0.0959944655962543,7.310529937992061
EQ-003,2025-01-01 22:03:00,1,False,0.09707358893412599,7.271205943779646
EQ-003,2025-01-01 22:04:00,1,False,0.0981124366038365,7.376389862655449
EQ-003,2025-01-01 22:06:00,1,False,0.11028446452871843,7.466397019821654
EQ-003,2025-01-01 22:08:00,1,False,0.09857059406496532,7.274196356105361
EQ-003,2025-01-01 22:11:00,1,False,0.10035562328581543,7.354849196758266
EQ-003,2025-01-01 22:13:00,1,False,0.04421340399090318,7.423783342093872
EQ-003,2025-01-01 22:15:00,1,False,0.07684344735667431,7.24378556160556
EQ-003,2025-01-01 22:18:00,1,False,0.11050870214469732,7.263503358498158
EQ-003,2025-01-01 22:25:00,1,False,0.09097887097630264,7.280951022991629
EQ-003,2025-01-01 22:26:00,1,False,0.09547328051388904,7.332741635364344
EQ-003,2025-01-01 22:27:00,1,False,0.09428608296025326,7.326878948594813
EQ-003,2025-01-01 22:28:00,1,False,0.08540770056299041,7.277979972317564
EQ-003,2025-01-01 22:33:00,1,False,0.07967483230184053,7.098275996491003
EQ-003,2025-01-01 22:48:00,1,False,0.09190375324480876,7.392733630411592
EQ-003,2025-01-01 22:50:00,1,False,0.06980735784424946,7.1713660064276175
EQ-003,2025-01-01 22:54:00,1,False,0.07023477471907819,7.3386359743047604
EQ-003,2025-01-01 22:55:00,1,False,0.09923159350812327,7.423869897378214
EQ-003,2025-01-01 22:56:00,1,False,0.06200388161706161,7.182107745790498
EQ-003,2025-01-01 22:57:00,1,False,0.1004971532779092,7.364589226708647
EQ-003,2025-01-01 23:00:00,1,False,0.07225115145165789,7.188642859248545
EQ-003,2025-01-01 23:03:00,1,False,0.08971970706074689,7.214653907320256
EQ-003,2025-01-01 23:08:00,1,False,0.1029873344645022,7.421308111625925
EQ-003,2025-01-01 23:09:00,1,False,0.0839548359774614,7.184343118056676
EQ-003,2025-01-01 23:12:00,1,False,0.09969276608944566,7.255842058202469
EQ-003,2025-01-01 23:13:00,1,False,0.07243669640361228,7.199265151208762
EQ-003,2025-01-01 23:20:00,1,False,0.07408332760216918,7.311681538799993
EQ-003,2025-01-01 23:27:00,1,False,0.08974096018478639,7.271064201740486
EQ-003,2025-01-01 23:33:00,1,False,0.07045540868813205,7.317486579647216
EQ-003,2025-01-01 23:35:00,1,False,0.10082170367936455,7.287028371319785
EQ-003,2025-01-01 23:38:00,1,False,0.07455319812103822,7.26682382065248
EQ-003,2025-01-01 23:40:00,1,False,0.10775227319379371,7.350270027080879
EQ-003,2025-01-01 23:41:00,1,False,0.10267815760141452,7.106434164474348
EQ-003,2025-01-01 23:43:00,1,False,0.09317642073153232,7.2152081319533075
EQ-003,2025-01-01 23:45:00,1,False,0.079294935433321,7.302474100396989
EQ-003,2025-01-01 23:46:00,1,False,0.08271681593157448,7.221148966692087
EQ-003,2025-01-01 23:47:00,1,False,0.11549250894200241,7.307651571789024
EQ-003,2025-01-01 23:49:00,1,False,0.08745170028363558,7.22149483318803
EQ-003,2025-01-01 23:59:00,1,False,0.0867937112680599,7.378462305159782
EQ-003,2025-01-02 00:00:00,1,False,0.09952827037439327,7.3156330360115085
EQ-003,2025-01-02 00:02:00,1,False,0.10046287847705943,7.3830801310091685
EQ-003,2025-01-02 00:06:00,1,False,0.11460951290179083,7.378694937303772
EQ-003,2025-01-02 00:07:00,1,False,0.09834759486227296,7.255764916840235
EQ-003,2025-01-02 00:08:00,1,False,0.09349623727077994,7.450403322626453
EQ-003,2025-01-02 00:16:00,1,False,0.10309486384568434,7.376896550099514
EQ-003,2025-01-02 00:20:00,1,False,0.1031895500564361,7.365235906205503
EQ-003,2025-01-02 00:24:00,1,False,0.0983811965985053,7.421910915018498
EQ-003,2025-01-02 00:28:00,1,False,0.09842821630231546,7.264801484263554
EQ-003,2025-01-02 00:30:00,1,False,0.09469726560768765,7.318781600541845
EQ-003,2025-01-02 00:31:00,1,False,0.10312476225133488,7.499003025728061
EQ-003,2025-01-02 00:34:00,1,False,0.10562268414105475,7.289335414790169
EQ-003,2025-01-02 00:45:00,1,False,0.09187355473451153,7.425597483503692
EQ-003,2025-01-02 00:57:00,1,False,0.10092541095339885,7.36909403763757
EQ-003,2025-01-02 00:59:00,1,False,0.1177055324064219,7.4134036552749265
EQ-003,2025-01-02 01:06:00,1,False,0.10753939946355462,7.521285185820204
EQ-003,2025-01-02 01:08:00,1,False,0.10912501057273938,7.515000778834551
EQ-003,2025-01-02 01:09:00,1,False,0.09543261861292485,7.498017156569375
EQ-003,2025-01-02 01:12:00,1,False,0.10550619633474884,7.479959804656036
EQ-003,2025-01-02 01:15:00,1,False,0.11812207255578461,7.553217310401904
EQ-003,2025-01-02 01:20:00,1,False,0.11330556542539688,7.4850891105885875
EQ-003,2025-01-02 01:21:00,1,False,0.1048956747849325,7.487563122969699
EQ-003,2025-01-02 01:29:00,1,False,0.12014518390127821,7.459023846202745
EQ-003,2025-01-02 01:32:00,1,False,0.07020068036636978,7.52871997937696
EQ-003,2025-01-02 01:34:00,1,False,0.09721993295424053,7.516213449057209
EQ-003,2025-01-02 01:38:00,1,False,0.1014825210558406,7.800743623636069
EQ-003,2025-01-02 01:46:00,1,False,0.08635358186677994,7.607899137997509
EQ-003,2025-01-02 01:47:00,1,False,0.08276624869113086,7.619650463472667
EQ-003,2025-01-02 01:51:00,1,False,0.05489394321296359,7.638045660299644
EQ-003,2025-01-02 01:56:00,1,False,0.08333822375873784,7.855078938839109
EQ-003,2025-01-02 01:57:00,1,False,0.04651623855912379,7.755295610070104
EQ-003,2025-01-02 01:58:00,1,False,0.09348410604928914,7.684364113039452
EQ-003,2025-01-02 01:59:00,1,False,0.05508622612014091,8.513887679604016
EQ-003,2025-01-02 02:03:00,1,False,0.013786301867277362,7.673123953335131
EQ-003,2025-01-02 02:06:00,1,False,0.03239560075776321,7.615698698668684
EQ-003,2025-01-02 02:08:00,1,False,0.02615623246331561,7.734814902568527
EQ-003,2025-01-02 02:09:00,1,False,0.08734220830761452,7.736981873436585
EQ-003,2025-01-02 02:12:00,1,False,0.02394110661737231,7.686213504593838
EQ-003,2025-01-02 02:13:00,1,False,0.09814700757219752,7.69325050248868
EQ-003,2025-01-02 02:17:00,1,False,0.08620825280074823,7.717852793340799
EQ-003,2025-01-02 02:26:00,1,False,0.08749970285691389,7.645917183556042
EQ-003,2025-01-02 02:28:00,1,False,0.0754128485343481,7.7848234024198435
EQ-003,2025-01-02 02:30:00,1,False,0.022838276295942317,7.6441046042181915
EQ-003,2025-01-02 02:34:00,1,False,0.094079246852102,7.717059929559663
EQ-003,2025-01-02 02:37:00,1,False,0.0892594218045541,7.714731153486457
EQ-003,2025-01-02 02:38:00,1,False,0.09561379605346582,7.682782073822926
EQ-003,2025-01-02 02:39:00,1,False,0.09085173035279565,7.760918829558965
EQ-003,2025-01-02 02:41:00,1,False,0.041521594643723514,7.760205725317736
EQ-003,2025-01-02 02:42:00,1,False,0.10390162925868829,7.609779824840311
EQ-003,2025-01-02 02:45:00,1,False,0.09257573977447503,7.744884106483971
EQ-003,2025-01-02 02:50:00,1,False,0.06617669195893278,7.867246995427982
EQ-003,2025-01-02 02:52:00,1,False,0.06661535961505827,7.757591897207593
EQ-003,2025-01-02 02:53:00,1,False,0.06510221899547008,7.832947316570196
EQ-003,2025-01-02 02:56:00,1,False,0.059136505322097466,7.881042321552022
EQ-003,2025-01-02 02:59:00,1,False,0.06103240241076796,7.8812012205011674
EQ-003,2025-01-02 03:02:00,1,False,0.049283624010969196,7.644413005852531
EQ-003,2025-01-02 03:05:00,1,False,0.03913156947950991,7.816852790065826
EQ-003,2025-01-02 03:11:00,1,False,0.07874995551172131,7.659501420509491
EQ-003,2025-01-02 03:13:00,1,False,0.0805719504102893,7.619994751211884
EQ-003,2025-01-02 03:20:00,1,False,0.07268428249408293,7.759784171280961
EQ-003,2025-01-02 03:28:00,1,False,0.07009549924737096,7.743386982468423
EQ-003,2025-01-02 03:29:00,1,False,0.08760105178021926,7.70738078600091
EQ-003,2025-01-02 03:36:00,1,False,0.04956241659261723,7.706102870549022
EQ-003,2025-01-02 03:37:00,1,False,0.08950579088761096,7.772023714591063
EQ-003,2025-01-02 03:38:00,1,False,0.07195021125289419,7.688767986980745
EQ-003,2025-01-02 03:46:00,1,False,0.06618665632507098,7.839223255678046
EQ-003,2025-01-02 03:47:00,1,False,0.0905300955723447,7.705108951321052
EQ-003,2025-01-02 03:49:00,1,False,0.08521413120746696,7.7727159886795025
EQ-003,2025-01-02 03:50:00,1,False,0.060626711216529294,7.79324216561309
EQ-003,2025-01-02 03:53:00,1,False,0.09044446679810425,7.757654072011336
EQ-003,2025-01-02 03:54:00,1,False,0.08757534075467649,7.660059106583459
EQ-003,2025-01-02 03:55:00,1,False,0.07818722448704368,7.787662589265149
EQ-003,2025-01-02 03:58:00,1,False,0.08669947671980932,7.765585517017926
EQ-003,2025-01-02 04:00:00,1,False,0.07723342702415054,7.668093176721727
EQ-003,2025-01-02 04:03:00,1,False,0.09062188500477353,7.7109775282781605
EQ-003,2025-01-02 04:08:00,1,False,0.10209732090261125,7.740997938408085
EQ-003,2025-01-02 04:10:00,1,False,0.08499905320419643,7.617513821173857
EQ-003,2025-01-02 04:11:00,1,False,0.09761438637057746,7.769521736555162
EQ-003,2025-01-02 04:15:00,1,False,0.09367236266407519,7.729889556128718
EQ-003,2025-01-02 04:19:00,1,False,0.10926495986094942,7.671984941365541
EQ-003,2025-01-02 04:22:00,1,False,0.06599854596171373,7.535214300621633
EQ-003,2025-01-02 04:24:00,1,False,0.08522242448178707,7.671639152916356
EQ-003,2025-01-02 04:25:00,1,False,0.06547193396089529,7.449009867582198
EQ-003,2025-01-02 04:26:00,1,False,0.03986024042411651,7.514131445701976
EQ-003,2025-01-02 04:27:00,1,False,0.08125878591966745,7.501539724732492
EQ-003,2025-01-02 04:32:00,1,False,0.083382736734753,7.6192858852711165
EQ-003,2025-01-02 04:33:00,1,False,0.095020278451248,7.630832926192592
EQ-003,2025-01-02 04:35:00,1,False,0.08834095775383233,7.679465423812664
EQ-003,2025-01-02 04:41:00,1,False,0.10902148250372884,7.627375115948927
EQ-003,2025-01-02 04:43:00,1,False,0.05296512979140189,7.530339751433088
EQ-003,2025-01-02 04:45:00,1,False,0.08669937815566153,7.641186990386853
EQ-003,2025-01-02 04:46:00,1,False,0.09139556603850241,7.5399784268557175
EQ-003,2025-01-02 04:50:00,1,False,0.08174735130006733,7.543297738806927
EQ-003,2025-01-02 04:51:00,1,False,0.08714642201043493,7.602867477851328
EQ-003,2025-01-02 04:52:00,1,False,0.10581159859524991,7.614378818570893
EQ-003,2025-01-02 04:53:00,1,False,0.0901513538502483,7.639377105423049
EQ-003,2025-01-02 04:54:00,1,False,0.08079385285742913,7.496276961352195
EQ-003,2025-01-02 04:55:00,1,False,0.09918731904017053,7.516583587790629
EQ-003,2025-01-02 05:01:00,1,False,0.08310191614721729,7.477555008276766
EQ-003,2025-01-02 05:05:00,1,False,0.09474174933962076,7.63702702668038
EQ-003,2025-01-02 05:06:00,1,False,0.10049525952572236,7.614877780431184
EQ-003,2025-01-02 05:08:00,1,False,0.09958580898508901,7.592409299393496
EQ-003,2025-01-02 05:09:00,1,False,0.08141606933640794,7.602877336357264
EQ-003,2025-01-02 05:10:00,1,False,0.09699764471167616,7.5399392809640995
EQ-003,2025-01-02 05:11:00,1,False,0.10519844434929665,7.5759466579135735
EQ-003,2025-01-02 05:25:00,1,False,0.09496942098543648,7.439976124865914
EQ-003,2025-01-02 05:34:00,1,False,0.0932786532710364,7.364728517807545
EQ-003,2025-01-02 05:39:00,1,False,0.08004039414985786,7.608798835966609
EQ-003,2025-01-02 05:43:00,1,False,0.07972980299532118,7.37008939609599
EQ-003,2025-01-02 05:44:00,1,False,0.0853313219604751,7.3609964834472486
EQ-003,2025-01-02 05:49:00,1,False,0.07986700319171175,7.457549189135656
EQ-003,2025-01-02 05:51:00,1,False,0.08736241562356828,7.314700241942542
EQ-003,2025-01-02 05:56:00,1,False,0.09408870207458997,7.416677435537183
EQ-003,2025-01-02 06:09:00,1,False,0.07559383060611963,7.206647507244132
EQ-003,2025-01-02 06:12:00,1,False,0.08368135038965308,7.454410280586344
EQ-003,2025-01-02 06:14:00,1,False,0.08444522612482286,7.333337869988139
EQ-003,2025-01-02 06:21:00,1,False,0.0658058030437561,7.163411020588374
EQ-003,2025-01-02 06:23:00,1,False,0.07509233733474674,7.345506377776525
EQ-003,2025-01-02 06:24:00,1,False,0.07709241154910362,7.328976731075693
EQ-003,2025-01-02 06:25:00,1,False,0.06518099622740309,7.277060452034671
EQ-003,2025-01-02 06:27:00,1,False,0.06384357204367203,7.108528270415157
EQ-003,2025-01-02 06:29:00,1,False,0.07217853969373611,7.303574133728429
EQ-003,2025-01-02 06:31:00,1,False,0.07628029213177295,7.25328504669483
EQ-003,2025-01-02 06:36:00,1,False,0.060209491385047165,7.1758001259034465
EQ-003,2025-01-02 06:42:00,1,False,0.07382029396847406,7.1752423427978576
EQ-003,2025-01-02 06:43:00,1,False,0.060458092145558806,7.206577441268811
EQ-003,2025-01-02 06:44:00,1,False,0.06597591262196684,7.25782443225209
EQ-003,2025-01-02 06:55:00,1,False,0.09413606501181498,7.356595461075424
EQ-003,2025-01-02 06:59:00,1,False,0.08751468796174505,7.149080423252071
EQ-003,2025-01-02 07:00:00,1,False,0.07286073508745167,7.321045964607228
EQ-003,2025-01-02 07:02:00,1,False,0.06856909832323205,7.346979785080089
EQ-003,2025-01-02 07:04:00,1,False,0.08008197718946447,7.225614610235956
EQ-003,2025-01-02 07:07:00,1,False,0.08086482004671769,7.220883621890549
EQ-003,2025-01-02 07:09:00,1,False,0.05221099073481211,7.336769372890469
EQ-003,2025-01-02 07:13:00,1,False,0.09544451514422142,7.439274979083937
EQ-003,2025-01-02 07:17:00,1,False,0.08927910968171071,7.19812463646503
EQ-003,2025-01-02 07:18:00,1,False,0.07118125653013774,7.308397367098194
EQ-003,2025-01-02 07:23:00,1,False,0.08272837623138557,7.220607667610034
EQ-003,2025-01-02 07:32:00,1,False,0.06429159540296264,7.226033262048039
EQ-003,2025-01-02 07:33:00,1,False,0.08319487417626475,7.386274033662263
EQ-003,2025-01-02 07:35:00,1,False,0.08710059674502724,7.196408231068911
EQ-003,2025-01-02 07:37:00,1,False,0.10173464637025631,7.253922882047032
EQ-003,2025-01-02 07:38:00,1,False,0.0723142279181413,7.222039769790826
EQ-003,2025-01-02 07:42:00,1,False,0.09266992478090957,7.295146218866993
EQ-003,2025-01-02 07:49:00,1,False,0.08854714107108369,7.332478426818398
EQ-003,2025-01-02 07:51:00,1,False,0.09741222951274126,7.328404922344237
EQ-003,2025-01-02 07:53:00,1,False,0.11209560575599725,7.424961465510644
EQ-003,2025-01-02 08:02:00,1,False,0.10863905399196988,7.282863480142687
EQ-003,2025-01-02 08:09:00,1,False,0.1048768761437936,7.4444937020835225
EQ-003,2025-01-02 08:12:00,1,False,0.08731777280570024,7.49984056077142
EQ-003,2025-01-02 08:13:00,1,False,0.0694771135685317,7.184253029297893
EQ-003,2025-01-02 08:18:00,1,False,0.048316902200601364,7.311310996921892
EQ-003,2025-01-02 08:22:00,1,False,0.057539187975618133,7.169236629216281
EQ-003,2025-01-02 08:27:00,1,False,0.06776723783352856,7.3305646175607295
EQ-003,2025-01-02 08:30:00,1,False,0.06421332396779211,7.264636407200325
EQ-003,2025-01-02 08:34:00,1,False,0.08627273051795359,7.404480983691405
EQ-003,2025-01-02 08:40:00,1,False,0.09638931265257838,7.354277323318559
EQ-003,2025-01-02 08:41:00,1,False,0.09174991845408959,7.362932682193838
EQ-003,2025-01-02 08:43:00,1,False,0.08195873027532613,7.409978191796787
EQ-003,2025-01-02 08:44:00,1,False,0.1085448926364097,7.470079613815626
EQ-003,2025-01-02 08:45:00,1,False,0.08711787672435634,7.4814238855580575
EQ-003,2025-01-02 08:48:00,1,False,0.08559766226259297,7.319318641859262
EQ-003,2025-01-02 08:50:00,1,False,0.09271301408530574,7.386577651198443
EQ-003,2025-01-02 08:51:00,1,False,0.11265576104050418,7.320233488067548
EQ-003,2025-01-02 08:52:00,1,False,0.08243892708991102,7.318933265111934
EQ-003,2025-01-02 08:56:00,1,False,0.09113727308941982,7.432799374909464
EQ-003,2025-01-02 08:59:00,1,False,0.10638922669204687,7.186148140206319
EQ-003,2025-01-02 09:03:00,1,False,0.09383459982894943,7.414885470755582
EQ-003,2025-01-02 09:05:00,1,False,0.08746737190892134,7.388761244413562
EQ-003,2025-01-02 09:06:00,1,False,0.09165237286639694,7.518709959564503
EQ-003,2025-01-02 09:09:00,1,False,0.11452742018555206,7.458338451576964
EQ-003,2025-01-02 09:14:00,1,False,0.09242488874721438,7.363753117815321
EQ-003,2025-01-02 09:17:00,1,False,0.08013761980393724,7.566051375599143
EQ-003,2025-01-02 09:20:00,1,False,0.10047977054189716,7.4153827072968195
EQ-003,2025-01-02 09:24:00,1,False,0.10909697432689186,7.488596227376611
EQ-003,2025-01-02 09:28:00,1,False,0.11862611965150788,7.513296245755217
EQ-003,2025-01-02 09:33:00,1,False,0.0928818551424353,7.5115174875685815
EQ-003,2025-01-02 09:37:00,1,False,0.09396704814405538,7.622766802342609
EQ-003,2025-01-02 09:38:00,1,False,0.09891800013524521,7.436448635581593
EQ-003,2025-01-02 09:47:00,1,False,0.11552170453881783,7.556750057551327
EQ-003,2025-01-02 09:53:00,1,False,0.08522873957120797,7.684801100837304
EQ-003,2025-01-02 09:54:00,1,False,0.08013080804747164,7.653888336708641
EQ-003,2025-01-02 09:55:00,1,False,0.10284538727739928,7.6546563844121
EQ-003,2025-01-02 09:58:00,1,False,0.10042449817246346,7.699187426855118
EQ-003,2025-01-02 10:01:00,1,False,0.06891697501811811,7.690519747434756
EQ-003,2025-01-02 10:02:00,1,False,0.09139751601670598,7.643177855254285
EQ-003,2025-01-02 10:03:00,1,False,0.08829417397657924,7.738112881786393
EQ-003,2025-01-02 10:05:00,1,False,0.08757639417589591,7.680186870783091
EQ-003,2025-01-02 10:08:00,1,False,0.05854067562630183,7.786240886559556
EQ-003,2025-01-02 10:13:00,1,False,0.05920163495667291,7.799255137266479
EQ-003,2025-01-02 10:14:00,1,False,0.06648447479330155,7.808886761412444
EQ-003,2025-01-02 10:16:00,1,False,0.05000594186935814,7.8176228914989725
EQ-003,2025-01-02 10:17:00,1,False,0.07208242557037142,7.804221261378466
EQ-003,2025-01-02 10:20:00,1,False,0.09296371265520931,7.6660432532399865
EQ-003,2025-01-02 10:23:00,1,False,0.07948933198491354,7.853269520836298
EQ-003,2025-01-02 10:26:00,1,False,0.10387854966662191,7.664301746321621
EQ-003,2025-01-02 10:27:00,1,False,0.07660167418347902,7.779746259673791
EQ-003,2025-01-02 10:34:00,1,False,0.0658420118511196,7.610313792470245
EQ-003,2025-01-02 10:40:00,1,False,0.04737201569813193,7.780209267500888
EQ-003,2025-01-02 10:43:00,1,False,0.05043844580963275,7.781002716438068
EQ-003,2025-01-02 10:46:00,1,False,0.05166049116352295,7.83441050955146
EQ-003,2025-01-02 10:50:00,1,False,0.03423546302542213,7.793388236033016
EQ-003,2025-01-02 10:52:00,1,False,0.03653640374032974,7.782307263972602
EQ-003,2025-01-02 10:55:00,1,False,0.03122196438273267,7.796133536241603
EQ-003,2025-01-02 10:56:00,1,False,0.03695850946417706,7.7976535767473925
EQ-003,2025-01-02 10:57:00,1,False,0.05878022990741377,7.876242155373539
EQ-003,2025-01-02 10:58:00,1,False,0.06810024542758447,7.800170429874977
EQ-003,2025-01-02 11:00:00,1,False,0.017057155950300162,7.792681830188803
EQ-003,2025-01-02 11:01:00,1,False,0.04672910910590583,7.782768934230024
EQ-003,2025-01-02 11:04:00,1,False,0.07891378972842888,7.806287122640595
EQ-003,2025-01-02 11:06:00,1,False,0.084959163490681,7.774645975704592
EQ-003,2025-01-02 11:11:00,1,False,0.04657222207320505,7.746447371321819
EQ-003,2025-01-02 11:12:00,1,False,0.03614807469716952,7.812716980865522
EQ-003,2025-01-02 11:13:00,1,False,0.03494133319181353,7.789614560873994
EQ-003,2025-01-02 11:14:00,1,False,0.07836810787824139,7.832373161660863
EQ-003,2025-01-02 11:16:00,1,False,0.053654001807237284,7.789900953631091
EQ-003,2025-01-02 11:19:00,1,False,0.06506169655565575,7.801342737271721
EQ-003,2025-01-02 11:20:00,1,False,0.009929963011082843,7.706436270194379
EQ-003,2025-01-02 11:21:00,1,False,0.0371626841743109,7.755675823812513
EQ-003,2025-01-02 11:24:00,1,False,0.024920638753006596,7.758787976154455
EQ-003,2025-01-02 11:30:00,1,False,0.04254807726569393,7.8173650931738585
EQ-003,2025-01-02 11:31:00,1,False,0.01906868223083702,7.821247736901641
EQ-003,2025-01-02 11:35:00,1,False,0.05370753893798841,7.768466743653122
EQ-003,2025-01-02 11:40:00,1,False,0.06893650090881415,7.754179594683269
EQ-003,2025-01-02 11:41:00,1,False,0.07445363742568872,7.7883989243100675
EQ-003,2025-01-02 11:42:00,1,False,0.06692714157350682,7.79105493742625
EQ-003,2025-01-02 11:47:00,1,False,0.05756767599990725,7.74769236030675
EQ-003,2025-01-02 11:48:00,1,False,0.036468215633855605,7.722577714154869
EQ-003,2025-01-02 11:49:00,1,False,0.07218666372972216,7.716668500427277
EQ-003,2025-01-02 11:52:00,1,False,0.0664757101343681,7.751845785317669
EQ-003,2025-01-02 11:54:00,1,False,0.07533397905877692,7.795320538177611
EQ-003,2025-01-02 11:58:00,1,False,0.0738372212903679,7.73478198164101
EQ-003,2025-01-02 12:00:00,1,False,0.045652433847131746,7.742446063521591
EQ-003,2025-01-02 12:03:00,1,False,0.07037773102642297,7.7695531329611525
EQ-003,2025-01-02 12:04:00,1,False,0.05488226056689105,7.772338615383404
EQ-003,2025-01-02 12:05:00,1,False,0.09118746115076787,7.7469923770682065
EQ-003,2025-01-02 12:07:00,1,False,0.08653583679553933,7.786865653312657
EQ-003,2025-01-02 12:08:00,1,False,0.0625761560594722,7.709994693874835
EQ-003,2025-01-02 12:09:00,1,False,0.08000389145287123,7.752804089407578
EQ-003,2025-01-02 12:11:00,1,False,0.07254863494821223,7.779612327612498
EQ-003,2025-01-02 12:12:00,1,False,0.06741546950860822,7.756563455935294
EQ-003,2025-01-02 12:13:00,1,False,0.06282344086556096,7.719812648051873
EQ-003,2025-01-02 12:15:00,1,False,0.06766517127337418,7.731144951006059
EQ-003,2025-01-02 12:20:00,1,False,0.07761860155717998,7.750292613339143
EQ-003,2025-01-02 12:35:00,1,False,0.09082694859851032,7.765147740925454
EQ-003,2025-01-02 12:37:00,1,False,0.08508466565843142,7.755111639853241
EQ-003,2025-01-02 12:45:00,1,False,0.06081547073960153,7.71363297323301
EQ-003,2025-01-02 12:47:00,1,False,0.06562211976360949,7.732709659595193
EQ-003,2025-01-02 12:50:00,1,False,0.08032391416862289,7.868406378340227
EQ-003,2025-01-02 12:51:00,1,False,0.05271862709273867,7.7171080885164045
EQ-003,2025-01-02 12:57:00,1,False,0.08979787864343575,7.69464911870018
EQ-003,2025-01-02 13:00:00,1,False,0.08986933926379898,7.640607208733132
EQ-003,2025-01-02 13:06:00,1,False,0.09111763452064703,7.5669134519515975
EQ-003,2025-01-02 13:07:00,1,False,0.08915179289240738,7.666227707524579
EQ-003,2025-01-02 13:09:00,1,False,0.08249436417610928,7.713541469625258
EQ-003,2025-01-02 13:12:00,1,False,0.08804371842611719,7.623694265652689
EQ-003,2025-01-02 13:15:00,1,False,0.09891383505779006,7.573624891108544
EQ-003,2025-01-02 13:19:00,1,False,0.10287898750590124,7.550322512742148
EQ-003,2025-01-02 13:24:00,1,False,0.09767265906462791,7.693811331699849
EQ-003,2025-01-02 13:25:00,1,False,0.09171231940267138,7.528034688723831
EQ-003,2025-01-02 13:35:00,1,False,0.08927842369532846,7.594882748678835
EQ-003,2025-01-02 13:36:00,1,False,0.10076160955607383,7.5547420556322145
EQ-003,2025-01-02 13:39:00,1,False,0.10171320698643838,7.637570808099226
EQ-003,2025-01-02 13:41:00,1,False,0.08806217533024974,7.576869980743385
EQ-003,2025-01-02 13:46:00,1,False,0.09371548682612002,7.500482601612719
EQ-003,2025-01-02 13:47:00,1,False,0.092255239919934,7.491076990268815
EQ-003,2025-01-02 13:49:00,1,False,0.11045970615044726,7.462842415028944
EQ-003,2025-01-02 13:59:00,1,False,0.0889533868034626,7.399531871791173
EQ-003,2025-01-02 14:00:00,1,False,0.10942299528515953,7.4128414850227475
EQ-003,2025-01-02 14:03:00,1,False,0.09641249364463267,7.423010454714342
EQ-003,2025-01-02 14:04:00,1,False,0.1014124834325612,7.5114658472082745
EQ-003,2025-01-02 14:05:00,1,False,0.1058769238314467,7.513025573817121
EQ-003,2025-01-02 14:06:00,1,False,0.09173189410759347,7.5280372311272705
EQ-003,2025-01-02 14:07:00,1,False,0.08775078337614117,7.455623653801322
EQ-003,2025-01-02 14:08:00,1,False,0.10521884992308445,7.536590409458042
EQ-003,2025-01-02 14:13:00,1,False,0.07515112373402011,7.611630346549216
EQ-003,2025-01-02 14:14:00,1,False,0.09532742443284253,7.672257986910074
EQ-003,2025-01-02 14:15:00,1,False,0.09616483884225241,7.5032576204604355
EQ-003,2025-01-02 14:19:00,1,False,0.08726121960688504,7.38588181081769
EQ-003,2025-01-02 14:23:00,1,False,0.07920985935151181,7.458024110272869
EQ-003,2025-01-02 14:24:00,1,False,0.10115149950314184,7.262251444039253
EQ-003,2025-01-02 14:38:00,1,False,0.0926570909616648,7.417240661408596
EQ-003,2025-01-02 14:39:00,1,False,0.1045688396907628,7.319723031522016
EQ-003,2025-01-02 14:44:00,1,False,0.0920599562881596,7.306728057458005
EQ-003,2025-01-02 14:45:00,1,False,0.09413788538244527,7.2601451150514045
EQ-003,2025-01-02 14:51:00,1,False,0.09249808198819903,7.2617786409926115
EQ-003,2025-01-02 14:53:00,1,False,0.09900138490524585,7.296551535592943
EQ-003,2025-01-02 14:57:00,1,False,0.07906270615907779,7.272400621328571
EQ-003,2025-01-02 15:03:00,1,False,0.08517680600108629,7.2867685023187825
EQ-003,2025-01-02 15:07:00,1,False,0.07640531838951153,7.236178865032879
EQ-003,2025-01-02 15:11:00,1,False,0.07303793329001612,7.262322049455394
EQ-003,2025-01-02 15:12:00,1,False,0.07050847696200413,7.214895248614454
EQ-003,2025-01-02 15:21:00,1,False,0.0780044334818697,7.244589665171816
EQ-003,2025-01-02 15:22:00,1,False,0.08893644594063499,7.299774689423843
EQ-003,2025-01-02 15:24:00,1,False,0.07474073842459455,7.188722562386265
EQ-003,2025-01-02 15:31:00,1,False,0.07565833784113257,7.269684228557744
EQ-003,2025-01-02 15:34:00,1,False,0.07575422269017895,7.24301038798857
EQ-003,2025-01-02 15:35:00,1,False,0.06691765568482705,7.238006982623535
EQ-003,2025-01-02 15:36:00,1,False,0.06319554791328608,7.239343906300109
EQ-003,2025-01-02 15:38:00,1,False,0.02581227941974895,7.229552839427755
EQ-003,2025-01-02 15:42:00,1,False,0.060540505971799,7.279851448818494
EQ-003,2025-01-02 15:45:00,1,False,0.05434556362916332,7.183530452075319
EQ-003,2025-01-02 15:46:00,1,False,0.06322700277832344,7.167424341339887
EQ-003,2025-01-02 15:47:00,1,False,0.06029159419805097,7.253264724105213
EQ-003,2025-01-02 15:48:00,1,False,0.07565236657952579,7.221530672054327
EQ-003,2025-01-02 15:49:00,1,False,0.07616949750898583,7.260480156197551
EQ-003,2025-01-02 15:56:00,1,False,0.058372508380169885,7.199098637260831
EQ-003,2025-01-02 15:59:00,1,False,0.05573024509709967,7.2795940484461505
EQ-003,2025-01-02 16:02:00,1,False,0.05334720999484194,7.21736234298064
EQ-003,2025-01-02 16:05:00,1,False,0.052730771198942206,7.264363121094226
EQ-003,2025-01-02 16:07:00,1,False,0.08348028045291811,7.327409000784001
EQ-003,2025-01-02 16:12:00,1,False,0.0717521419280322,7.307780087968206
EQ-003,2025-01-02 16:21:00,1,False,0.05391212557103492,7.258838367816686
EQ-003,2025-01-02 16:23:00,1,False,0.0644509989894057,7.241738077882129
EQ-003,2025-01-02 16:28:00,1,False,0.07854536452938854,7.326689538304128
EQ-003,2025-01-02 16:37:00,1,False,0.10384555339944096,7.311255465597412
EQ-003,2025-01-02 16:38:00,1,False,0.05662301490945998,7.236772667164624
EQ-003,2025-01-02 16:45:00,1,False,0.07832560692465218,7.508312352164483
EQ-003,2025-01-02 16:46:00,1,False,0.0637830733223248,7.475619605283965
EQ-003,2025-01-02 16:48:00,1,False,0.06947608223657009,7.2572989207841205
EQ-003,2025-01-02 16:50:00,1,False,0.07821397445876888,7.3099634759574315
EQ-003,2025-01-02 16:51:00,1,False,0.03570420924534351,7.250759702810517
EQ-003,2025-01-02 16:54:00,1,False,0.08719993013559657,7.234564626607036
EQ-003,2025-01-02 16:56:00,1,False,0.08164623431404144,7.276024595127515
EQ-003,2025-01-02 16:57:00,1,False,0.07102553524008681,7.27541472327171
EQ-003,2025-01-02 17:07:00,1,False,0.09870527447930649,7.40448396871812
EQ-003,2025-01-02 17:10:00,1,False,0.05867147225955466,7.308523973920118
EQ-003,2025-01-02 17:21:00,1,False,0.08656300214548318,7.349497312412506
EQ-003,2025-01-02 17:32:00,1,False,0.08882843742150742,7.416138116007058
EQ-003,2025-01-02 17:36:00,1,False,0.08946727077569055,7.333129181979261
EQ-003,2025-01-02 17:37:00,1,False,0.11464712381952868,7.383238450571722
EQ-003,2025-01-02 17:39:00,1,False,0.07706322676031285,7.338629117214057
EQ-003,2025-01-02 17:40:00,1,False,0.09121890021574486,7.340596221612884
EQ-003,2025-01-02 17:42:00,1,False,0.08667431583653817,7.290141600997697
EQ-003,2025-01-02 17:51:00,1,False,0.08819267544250387,7.287593738346443
EQ-003,2025-01-02 17:52:00,1,False,0.10046545225256792,7.4241833985925885
EQ-003,2025-01-02 17:53:00,1,False,0.09865176418497801,7.383553709553483
EQ-003,2025-01-02 17:55:00,1,False,0.10185763772833434,7.400937840046306
EQ-003,2025-01-02 17:56:00,1,False,0.08395321591948868,7.451028205047457
EQ-003,2025-01-02 17:59:00,1,False,0.09647575823710969,7.515228122191794
EQ-003,2025-01-02 18:07:00,1,False,0.11217198470276929,7.47601995795643
EQ-003,2025-01-02 18:10:00,1,False,0.09907569543304418,7.559470185146761
EQ-003,2025-01-02 18:11:00,1,False,0.1004085588794918,7.496259825987142
EQ-003,2025-01-02 18:12:00,1,False,0.1059004249643451,7.523703237522056
EQ-003,2025-01-02 18:14:00,1,False,0.0824569182849842,7.546121921407193
EQ-003,2025-01-02 18:15:00,1,False,0.10472868622294101,7.519250635542253
EQ-003,2025-01-02 18:21:00,1,False,0.07529546895953376,7.641227337730158
EQ-003,2025-01-02 18:22:00,1,False,0.10414134464643954,7.634740500316756
EQ-003,2025-01-02 18:24:00,1,False,0.09863773310513829,7.641697764858312
EQ-003,2025-01-02 18:26:00,1,False,0.08957754756165592,7.759477403788614
EQ-003,2025-01-02 18:34:00,1,False,0.09368906686557527,7.692523722552536
EQ-003,2025-01-02 18:36:00,1,False,0.0766100209522409,7.71915593973973
EQ-003,2025-01-02 18:37:00,1,False,0.08630884937572264,7.7023241161391
EQ-003,2025-01-02 18:42:00,1,False,0.08675226464376168,7.7212691624048695
EQ-003,2025-01-02 18:46:00,1,False,0.07715466135382876,7.678397243489237
EQ-003,2025-01-02 18:49:00,1,False,0.09107225629266008,7.7271513822868885
EQ-003,2025-01-02 18:50:00,1,False,0.08700101055184145,8.295141145052975
EQ-003,2025-01-02 18:51:00,1,False,0.09083227583644671,7.789109805091316
EQ-003,2025-01-02 18:52:00,1,False,0.06674092546709104,7.770724731629717
EQ-003,2025-01-02 18:54:00,1,False,0.07438152763737904,7.800903751409983
EQ-003,2025-01-02 18:58:00,1,False,0.08930828062934082,7.695300575121906
EQ-003,2025-01-02 19:08:00,1,False,0.04968267687719663,7.8582190103060165
EQ-003,2025-01-02 19:17:00,1,False,0.08001006709197866,7.841220346610926
EQ-003,2025-01-02 19:18:00,1,False,0.07405951718387138,7.752434373662078
EQ-003,2025-01-02 19:20:00,1,False,0.09241615833409023,7.779431868929247
EQ-003,2025-01-02 19:22:00,1,False,0.08025723526978856,7.738505936984834
EQ-003,2025-01-02 19:24:00,1,False,0.08744822291372928,7.799526687215462
EQ-003,2025-01-02 19:25:00,1,False,0.10345069824265402,7.810279611383547
EQ-003,2025-01-02 19:29:00,1,False,0.08143785971107137,7.740512148672382
EQ-003,2025-01-02 19:30:00,1,False,0.051344731322993276,7.780751225444085
EQ-003,2025-01-02 19:31:00,1,False,0.06567543558180988,7.920255656227635
EQ-003,2025-01-02 19:35:00,1,False,0.058730214323236885,7.82071398698685
EQ-003,2025-01-02 19:36:00,1,False,0.08362093259118447,7.801419817749654
EQ-003,2025-01-02 19:39:00,1,False,0.047919901040579194,7.774202153804906
EQ-003,2025-01-02 19:40:00,1,False,0.05480643045921996,7.728230419116882
EQ-003,2025-01-02 19:43:00,1,False,0.05132593014182846,7.823045285217054
EQ-003,2025-01-02 19:44:00,1,False,0.04786711302268554,7.787913255062445
EQ-003,2025-01-02 19:46:00,1,False,0.051302766421650936,7.792338411730799
EQ-003,2025-01-02 19:50:00,1,False,0.06090717597650541,7.794670533711517
EQ-003,2025-01-02 19:51:00,1,False,0.06441686735184582,7.784738014866449
EQ-003,2025-01-02 19:52:00,1,False,0.0633751784881636,7.800702522996757
EQ-003,2025-01-02 19:57:00,1,False,0.06869049747842054,7.740199947143461
EQ-003,2025-01-02 19:59:00,1,False,0.05480207216526051,7.7082236484715505
EQ-003,2025-01-02 20:07:00,1,False,0.0020677321212526634,7.765748361642178
EQ-003,2025-01-02 20:08:00,-1,True,-0.02156888048747596,7.783640836983595
EQ-003,2025-01-02 20:10:00,-1,True,-0.022073496665974357,7.776774340892311
EQ-003,2025-01-02 20:11:00,1,False,0.022296747063282385,7.785799342267279
EQ-003,2025-01-02 20:12:00,1,False,0.07755789849861411,7.736824150488445
EQ-003,2025-01-02 20:14:00,-1,True,-0.04153021922531641,7.772838243437057
EQ-003,2025-01-02 20:18:00,1,False,0.0716498417856491,7.778055079409115
EQ-003,2025-01-02 20:21:00,1,False,0.042013272878481944,7.769113887358768
EQ-003,2025-01-02 20:27:00,1,False,0.06859145295995028,7.789172461393827
EQ-003,2025-01-02 20:29:00,1,False,0.05392039670141996,7.755644632508182
EQ-003,2025-01-02 20:30:00,-1,True,-0.00846080135045768,7.77212094525799
EQ-003,2025-01-02 20:31:00,1,False,0.0648658954635814,7.739526343168514
EQ-003,2025-01-02 20:32:00,1,False,0.0695693632971987,7.752754353967268
EQ-003,2025-01-02 20:34:00,1,False,0.057437278739484454,7.802702579096273
EQ-003,2025-01-02 20:36:00,1,False,0.07643207934976609,7.785993501354358
EQ-003,2025-01-02 20:37:00,-1,True,-0.007644522476204285,7.747300384071284
EQ-003,2025-01-02 20:43:00,1,False,0.052713325913535225,7.742828243972358
EQ-003,2025-01-02 20:49:00,1,False,0.060829098787556046,7.761441319255065
EQ-003,2025-01-02 20:50:00,1,False,0.0403248363588225,7.795648208806781
EQ-003,2025-01-02 20:52:00,1,False,0.04875594577202297,7.758662626617917
EQ-003,2025-01-02 20:54:00,1,False,0.04682722309228832,7.840574932775205
EQ-003,2025-01-02 21:00:00,1,False,0.061769317849969196,7.768115321148722
EQ-003,2025-01-02 21:01:00,1,False,0.07146194725671401,7.739392652827287
EQ-003,2025-01-02 21:03:00,1,False,0.07344602100920494,7.725233576343974
EQ-003,2025-01-02 21:06:00,1,False,0.09735337718951942,7.726181629064672
EQ-003,2025-01-02 21:08:00,1,False,0.08696530419489962,7.698548795499066
EQ-003,2025-01-02 21:09:00,1,False,0.0805917594195596,7.697924572780693
EQ-003,2025-01-02 21:12:00,1,False,0.0871511698143338,7.743894480733184
EQ-003,2025-01-02 21:17:00,1,False,0.07324572775417698,7.739988974771085
EQ-003,2025-01-02 21:21:00,1,False,0.07588715195893442,7.8644403476999925
EQ-003,2025-01-02 21:24:00,1,False,0.003624455230094248,7.6329645901915475
EQ-003,2025-01-02 21:30:00,1,False,0.0919994382075211,7.676940197904003
EQ-003,2025-01-02 21:32:00,1,False,0.08382541585724285,7.5477734073337635
EQ-003,2025-01-02 21:43:00,1,False,0.08524349205211612,7.565546801549757
EQ-003,2025-01-02 21:47:00,1,False,0.10787613513734051,7.494031808161567
EQ-003,2025-01-02 21:49:00,1,False,0.09867915220079398,7.986988637139461
EQ-003,2025-01-02 21:54:00,1,False,0.09592344295231603,7.798251678284063
EQ-003,2025-01-02 21:55:00,1,False,0.09505976092274787,7.573352524632708
EQ-003,2025-01-02 21:56:00,1,False,0.10713185007820564,7.593472988550481
EQ-003,2025-01-02 22:07:00,1,False,0.09827627512243614,7.529435897120029
EQ-003,2025-01-02 22:09:00,1,False,0.08885595915013178,7.549048494069747
EQ-003,2025-01-02 22:13:00,1,False,0.08195038287245537,7.650066220816103
EQ-003,2025-01-02 22:17:00,1,False,0.08487651855992873,7.882293087358834
EQ-003,2025-01-02 22:21:00,1,False,0.09540204089371129,7.510504389911632
EQ-003,2025-01-02 22:22:00,1,False,0.09820796096209317,7.5228592694062435
EQ-003,2025-01-02 22:23:00,1,False,0.09271168737060592,7.464076649421083
EQ-003,2025-01-02 22:24:00,1,False,0.11128935463134182,7.982211739296922
EQ-003,2025-01-02 22:29:00,1,False,0.09754070340217114,7.423549408017915
EQ-003,2025-01-02 22:30:00,1,False,0.08403354201551927,7.429359712805445
EQ-003,2025-01-02 22:32:00,1,False,0.09096141652580908,7.489716521742301
EQ-003,2025-01-02 22:35:00,1,False,0.10744027488697078,7.485799622262954
EQ-003,2025-01-02 22:36:00,1,False,0.10930094967149662,7.5199555873893384
EQ-003,2025-01-02 22:38:00,1,False,0.10784743776005445,7.36006656698859
EQ-003,2025-01-02 22:40:00,1,False,0.10940567539812479,7.484182204146403
EQ-003,2025-01-02 22:42:00,1,False,0.1001775582156122,7.413768852377436
EQ-003,2025-01-02 22:45:00,1,False,0.11738353576503113,7.46736129388955
EQ-003,2025-01-02 22:48:00,1,False,0.10223195844864941,7.417829196542763
EQ-003,2025-01-02 22:53:00,1,False,0.11865185287082969,7.372557000841887
EQ-003,2025-01-02 22:56:00,1,False,0.10034982445308455,7.479343800194295
EQ-003,2025-01-02 22:57:00,1,False,0.1133444681003738,7.231820492097816
EQ-003,2025-01-02 22:59:00,1,False,0.11332885533229609,7.325053816319281
EQ-003,2025-01-02 23:01:00,1,False,0.09569249014470632,7.21128302266694
EQ-003,2025-01-02 23:03:00,1,False,0.1003677905267768,7.329874065827774
EQ-003,2025-01-02 23:05:00,1,False,0.1099915864742973,7.274537579973822
EQ-003,2025-01-02 23:07:00,1,False,0.09459952431635837,7.27532034397258
EQ-003,2025-01-02 23:10:00,1,False,0.09357297540792703,7.3171099101692585
EQ-003,2025-01-02 23:11:00,1,False,0.08429366453027642,7.40503783345905
EQ-003,2025-01-02 23:16:00,1,False,0.0842338995301341,7.238208407719959
EQ-003,2025-01-02 23:17:00,1,False,0.09447242041585113,7.195473991525033
EQ-003,2025-01-02 23:19:00,1,False,0.10929142719580592,7.227987614518834
EQ-003,2025-01-02 23:21:00,1,False,0.016753810031643557,7.3031019468009255
EQ-003,2025-01-02 23:22:00,1,False,0.006821230195799721,7.27165077855782
EQ-003,2025-01-02 23:26:00,1,False,0.01400206111676805,7.26720083664845
EQ-003,2025-01-02 23:34:00,1,False,0.0034558688404133786,7.281732095887943
EQ-003,2025-01-02 23:37:00,1,False,0.0794492562198324,7.240514424573336
EQ-003,2025-01-02 23:38:00,1,False,0.00852355539041516,7.273577035294117
EQ-003,2025-01-02 23:41:00,1,False,0.08902670798687329,7.3316962136640464
EQ-003,2025-01-02 23:42:00,1,False,0.10931105619233711,7.357533210407824
EQ-003,2025-01-02 23:48:00,1,False,0.09710564628057283,7.255861313807106
EQ-003,2025-01-02 23:51:00,1,False,0.0951351153848185,7.185213341457501
EQ-003,2025-01-02 23:52:00,-1,True,-0.011959350889899523,7.235271719052906
EQ-003,2025-01-02 23:57:00,1,False,0.06785124923422231,7.17747803780906
EQ-003,2025-01-02 23:58:00,1,False,0.09114490173046197,7.256182801150092
EQ-003,2025-01-02 23:59:00,1,False,0.08982780210517716,7.2178115897517445
EQ-003,2025-01-03 00:06:00,1,False,0.10839327748850963,7.28970983493914
EQ-003,2025-01-03 00:13:00,1,False,0.011106580593956195,7.377849040926352
EQ-003,2025-01-03 00:18:00,1,False,0.06226470014264118,7.227264878974739
EQ-003,2025-01-03 00:21:00,1,False,0.08441262145806111,7.221368321505655
EQ-003,2025-01-03 00:22:00,1,False,0.05264558878686043,7.258656116300622
EQ-003,2025-01-03 00:25:00,1,False,0.08689108020283381,7.2001451573878015
EQ-003,2025-01-03 00:27:00,1,False,0.0737050707037985,7.314755978661606
EQ-003,2025-01-03 00:37:00,1,False,0.054881684891789684,7.183510134080209
EQ-003,2025-01-03 00:38:00,1,False,0.07601779168529188,7.319191629592025
EQ-003,2025-01-03 00:41:00,1,False,0.09282288003197081,7.292191078227131
EQ-003,2025-01-03 00:51:00,1,False,0.09384108417740167,7.286560906774843
EQ-003,2025-01-03 00:54:00,1,False,0.07193168738966793,7.263786122300968
EQ-003,2025-01-03 00:56:00,1,False,0.08053304718841581,7.270230044307416
EQ-003,2025-01-03 00:57:00,1,False,0.07522180435677694,7.229279280463277
EQ-003,2025-01-03 00:58:00,1,False,0.07803385164908838,7.27408414352723
EQ-003,2025-01-03 01:00:00,1,False,0.06886782835146077,7.437522347693113
EQ-003,2025-01-03 01:01:00,-1,True,-0.0030218671311879053,7.302129377286563
EQ-003,2025-01-03 01:02:00,1,False,0.07854332105570588,7.371480331890455
EQ-003,2025-01-03 01:04:00,1,False,0.07372179473307328,7.432455657831458
EQ-003,2025-01-03 01:12:00,1,False,0.09440600947944688,7.37072202696464
EQ-003,2025-01-03 01:15:00,1,False,0.091621406817111,7.3014160215579444
EQ-003,2025-01-03 01:20:00,1,False,0.04571160593059925,7.313216577140077
EQ-003,2025-01-03 01:22:00,1,False,0.07663034988244033,7.3011686997756025
EQ-003,2025-01-03 01:24:00,1,False,0.07754229401827356,7.276749789326537
EQ-003,2025-01-03 01:28:00,1,False,0.08878084227892474,7.4802268713426505
EQ-003,2025-01-03 01:33:00,1,False,0.07066660118558499,7.294579632434029
EQ-003,2025-01-03 01:37:00,1,False,0.06425184687205926,7.383252913428183
EQ-003,2025-01-03 01:40:00,1,False,0.08114247148315251,7.445751113400502
EQ-003,2025-01-03 01:42:00,1,False,0.08138578579864042,7.394958459336835
EQ-003,2025-01-03 01:43:00,1,False,0.08570383542604165,7.3517576783979255
EQ-003,2025-01-03 01:44:00,1,False,0.07867152077707495,7.475273323282579
EQ-003,2025-01-03 01:46:00,1,False,0.055571112364907915,7.399363979686156
EQ-003,2025-01-03 01:47:00,1,False,0.04170524685273436,8.144024148298758
EQ-003,2025-01-03 01:48:00,1,False,0.10802755291548394,7.350963049814257
EQ-003,2025-01-03 01:53:00,1,False,0.10096885526525157,7.528292560096645
EQ-003,2025-01-03 01:54:00,1,False,0.07854482650984768,7.390344568781942
EQ-003,2025-01-03 02:00:00,1,False,0.08952154670099804,7.419954822465435
EQ-003,2025-01-03 02:01:00,1,False,0.062072773406223025,7.355139760549515
EQ-003,2025-01-03 02:02:00,1,False,0.07489350597484834,7.335897585454576
EQ-003,2025-01-03 02:03:00,1,False,0.06461061818461766,7.421953729791245
EQ-003,2025-01-03 02:04:00,1,False,0.07893362303583218,7.322416549453958
EQ-003,2025-01-03 02:09:00,1,False,0.08752839633222642,7.405851307097902
EQ-003,2025-01-03 02:13:00,1,False,0.07453270665414641,7.4601316115682845
EQ-003,2025-01-03 02:19:00,1,False,0.09931862688359339,7.391835462758579
EQ-003,2025-01-03 02:27:00,1,False,0.031573530447871534,7.39808012114107
EQ-003,2025-01-03 02:29:00,1,False,0.004983515085824397,7.451255971324777
EQ-003,2025-01-03 02:30:00,1,False,0.03688124065543441,7.485946131178399
EQ-003,2025-01-03 02:35:00,-1,True,-0.008040433484676535,7.469613223209308
EQ-003,2025-01-03 02:36:00,1,False,0.08602996113425071,7.479970877565822
EQ-003,2025-01-03 02:45:00,-1,True,-0.009969119954832628,7.702503509551162
EQ-003,2025-01-03 02:46:00,1,False,0.09417810284247896,7.687116253376499
EQ-003,2025-01-03 02:47:00,1,False,0.06870791494017953,7.596906228993443
EQ-003,2025-01-03 02:49:00,1,False,0.10474728609175066,7.6102297918675665
EQ-003,2025-01-03 02:50:00,1,False,0.09416034712454113,7.8384408745710985
EQ-003,2025-01-03 02:52:00,1,False,0.02656277741666241,7.630224262921189
EQ-003,2025-01-03 02:54:00,1,False,0.08991438699355453,7.696541714989788
EQ-003,2025-01-03 02:56:00,1,False,0.10017589856326525,7.634568652072354
EQ-003,2025-01-03 03:04:00,1,False,0.08962889172481364,7.728920078097084
EQ-003,2025-01-03 03:06:00,1,False,0.08226115879595186,7.779476392496679
EQ-003,2025-01-03 03:07:00,1,False,0.01457651372736235,7.7175326334792445
EQ-003,2025-01-03 03:13:00,1,False,0.07154458784155099,7.739946710935814
EQ-003,2025-01-03 03:15:00,1,False,0.09133491579688202,7.696546769171455
EQ-003,2025-01-03 03:17:00,1,False,0.10537818306081365,7.846698680387326
EQ-003,2025-01-03 03:21:00,1,False,0.10052775629358685,7.699542385388387
EQ-003,2025-01-03 03:32:00,1,False,0.11448466260224394,7.699847140020605
EQ-003,2025-01-03 03:34:00,1,False,0.10463995500282552,7.695632084865526
EQ-003,2025-01-03 03:35:00,1,False,0.10717111659008904,7.748193895959024
EQ-003,2025-01-03 03:44:00,1,False,0.12354511627680853,7.669655026822258
EQ-003,2025-01-03 03:46:00,1,False,0.10665815637252746,7.728648985722352
EQ-003,2025-01-03 03:48:00,1,False,0.0995811445776858,7.73822864526168
EQ-003,2025-01-03 03:51:00,1,False,0.09543141062655375,7.7777969526353115
EQ-003,2025-01-03 03:53:00,1,False,0.10043567901141587,7.803271547514157
EQ-003,2025-01-03 03:59:00,1,False,0.09015482278977299,7.7474741627832175
EQ-003,2025-01-03 04:01:00,1,False,0.11026382358920489,7.761207401321415
EQ-003,2025-01-03 04:05:00,1,False,0.036370018980544205,7.788549000493117
EQ-003,2025-01-03 04:06:00,1,False,0.09840669482247777,7.7297288657314835
EQ-003,2025-01-03 04:07:00,1,False,0.09500046740949109,7.785956939277913
EQ-003,2025-01-03 04:09:00,1,False,0.08352317975653673,7.735605699756527
EQ-003,2025-01-03 04:12:00,1,False,0.07470336698178226,7.804472372707113
EQ-003,2025-01-03 04:14:00,1,False,0.0731767073234727,7.972818773155423
EQ-003,2025-01-03 04:24:00,1,False,0.05978054894673873,7.770700793169304
EQ-003,2025-01-03 04:27:00,1,False,0.08837401273319945,7.796533945336954
EQ-003,2025-01-03 04:28:00,1,False,0.1048421624925529,7.72333299545277
EQ-003,2025-01-03 04:30:00,1,False,0.10177994523661377,7.780303031135843
EQ-003,2025-01-03 04:33:00,1,False,0.10968567998625572,7.796428579012612
EQ-003,2025-01-03 04:35:00,1,False,0.09028921707610582,7.745834717726625
EQ-003,2025-01-03 04:36:00,1,False,0.09822753565697623,7.763428020881605
EQ-003,2025-01-03 04:37:00,1,False,0.07698740468087345,7.774442618823606
EQ-003,2025-01-03 04:38:00,1,False,0.07878188073021342,7.830685862400321
EQ-003,2025-01-03 04:39:00,1,False,0.09761568886729477,7.750280060078588
EQ-003,2025-01-03 04:41:00,1,False,0.09641267909928014,7.689457508581657
EQ-003,2025-01-03 04:46:00,1,False,0.11603254825790521,7.757114368103231
EQ-003,2025-01-03 04:48:00,1,False,0.0783895270841159,7.72558173064845
EQ-003,2025-01-03 04:51:00,1,False,0.10059646842756603,7.734878910358061
EQ-003,2025-01-03 04:54:00,1,False,0.09927010223047777,7.717661357636941
EQ-003,2025-01-03 05:02:00,1,False,0.09021341477742928,7.698663062674658
EQ-003,2025-01-03 05:05:00,1,False,0.08297885860414878,7.818005427324553
EQ-003,2025-01-03 05:06:00,1,False,0.0824151026016946,7.795869501493389
EQ-003,2025-01-03 05:09:00,1,False,0.07971519666214905,7.760771729305111
EQ-003,2025-01-03 05:11:00,1,False,0.09311661465557253,7.676220642176955
EQ-003,2025-01-03 05:12:00,1,False,0.06823698682898699,7.739784498866583
EQ-003,2025-01-03 05:14:00,1,False,0.09681036855943032,7.804454887239598
EQ-003,2025-01-03 05:17:00,1,False,0.0662918743035108,7.734215064118623
EQ-003,2025-01-03 05:18:00,1,False,0.09061319111188604,7.737802440918684
EQ-003,2025-01-03 05:20:00,1,False,0.10760932745725915,7.70457031001678
EQ-003,2025-01-03 05:21:00,1,False,0.0840286848178105,7.814225042899012
EQ-003,2025-01-03 05:22:00,1,False,0.09459297406788764,7.75104823802461
EQ-003,2025-01-03 05:25:00,1,False,0.068635408256566,7.731490612067054
EQ-003,2025-01-03 05:26:00,1,False,0.07980621144057592,7.651709774546738
EQ-003,2025-01-03 05:27:00,1,False,0.09375508083149442,7.709996906307827
EQ-003,2025-01-03 05:30:00,1,False,0.09890467277921416,7.761905764875794
EQ-003,2025-01-03 05:33:00,1,False,0.10654777471550797,7.691364559071842
EQ-003,2025-01-03 05:38:00,1,False,0.08489967420243977,7.597640388262764
EQ-003,2025-01-03 05:40:00,1,False,0.09628084897337819,7.643177584470134
EQ-003,2025-01-03 05:42:00,1,False,0.11479252733006001,7.730091746281044
EQ-003,2025-01-03 05:43:00,1,False,0.09950884728670356,7.735679391134816
EQ-003,2025-01-03 05:45:00,1,False,0.08983059660209891,7.832785116248179
EQ-003,2025-01-03 05:48:00,1,False,0.07527451552672565,7.717904739610332
EQ-003,2025-01-03 05:49:00,1,False,0.09193205710172303,7.6045304281001025
EQ-003,2025-01-03 05:50:00,1,False,0.1072878655089115,7.6454803098073505
EQ-003,2025-01-03 05:52:00,1,False,0.10192278868514448,7.699520825391476
EQ-003,2025-01-03 05:57:00,1,False,0.09724052045387105,7.6073972205483145
EQ-003,2025-01-03 05:58:00,1,False,0.0991192298529896,7.659890281503659
EQ-003,2025-01-03 06:02:00,1,False,0.06045540925292575,7.689089750590399
EQ-003,2025-01-03 06:04:00,1,False,0.07399964807578668,7.576014516694771
EQ-003,2025-01-03 06:05:00,1,False,0.08478091602250487,7.474747570579257
EQ-003,2025-01-03 06:06:00,1,False,0.10156393302454725,7.466720436391719
EQ-003,2025-01-03 06:11:00,1,False,0.07790651973981977,7.522193590386355
EQ-003,2025-01-03 06:22:00,1,False,0.09725156904116139,7.536080958731912
EQ-003,2025-01-03 06:23:00,1,False,0.0992158033595073,7.589805369677285
EQ-003,2025-01-03 06:26:00,1,False,0.09134705280881911,7.565194631497269
EQ-003,2025-01-03 06:27:00,1,False,0.05393271367239688,7.525742831820989
EQ-003,2025-01-03 06:29:00,1,False,0.0801960354945847,7.541170686604262
EQ-003,2025-01-03 06:35:00,1,False,0.07264411353878558,7.736019172382313
EQ-003,2025-01-03 06:38:00,1,False,0.08892362853951802,7.548031283331186
EQ-003,2025-01-03 06:39:00,1,False,0.08833181824922531,7.491270776706354
EQ-003,2025-01-03 06:41:00,1,False,0.08599624414461599,7.718080647827586
EQ-003,2025-01-03 06:42:00,1,False,0.08677252236304234,7.383005245845193
EQ-003,2025-01-03 06:55:00,1,False,0.09199437355054552,7.3939157901495
EQ-003,2025-01-03 06:57:00,1,False,0.08763981266559523,7.311793803778902
EQ-003,2025-01-03 06:59:00,1,False,0.09679458449716954,7.48459443666211
EQ-003,2025-01-03 07:09:00,1,False,0.07760316994209482,7.578999205478669
EQ-003,2025-01-03 07:12:00,1,False,0.08131212779495783,7.4129372426138636
EQ-003,2025-01-03 07:15:00,1,False,0.09866551972781645,7.476706864875925
EQ-003,2025-01-03 07:22:00,1,False,0.10094957074325883,7.3759701441357155
EQ-003,2025-01-03 07:25:00,1,False,0.060849511220480546,7.309350117882929
EQ-003,2025-01-03 07:29:00,1,False,0.05325571245934574,7.412917938918562
EQ-003,2025-01-03 07:31:00,1,False,0.05065713709542796,7.402263872911415
EQ-003,2025-01-03 07:33:00,1,False,0.07841549630649158,7.23849213366417
EQ-003,2025-01-03 07:38:00,1,False,0.06030825430547043,7.227941163377451
EQ-003,2025-01-03 07:39:00,1,False,0.07369362351478354,7.255573721723206
EQ-003,2025-01-03 07:45:00,1,False,0.055233517317510805,7.2356434597821
EQ-003,2025-01-03 07:49:00,1,False,0.09920624484542079,7.39890158309297
EQ-003,2025-01-03 07:51:00,1,False,0.1000057810152386,7.322307761718053
EQ-003,2025-01-03 07:53:00,1,False,0.07538031720381855,7.203132530437229
EQ-003,2025-01-03 07:54:00,1,False,0.08874828861679596,7.277629733161794
EQ-003,2025-01-03 07:57:00,1,False,0.07619582895429827,7.174349324872529
EQ-003,2025-01-03 08:00:00,1,False,0.08842345853235578,7.242870861648928
EQ-003,2025-01-03 08:01:00,1,False,0.07846754302849973,7.215353092502987
EQ-003,2025-01-03 08:03:00,1,False,0.05067722186527007,7.228916230830253
EQ-003,2025-01-03 08:05:00,1,False,0.06608600501264783,7.195624187123904
EQ-003,2025-01-03 08:10:00,1,False,0.043186116263710383,7.278071479722083
EQ-003,2025-01-03 08:14:00,1,False,0.0828902830215657,7.205102711883507
EQ-003,2025-01-03 08:18:00,1,False,0.07298361897906441,7.232997054179235
EQ-003,2025-01-03 08:20:00,1,False,0.06580286842400934,7.178793881754674
EQ-003,2025-01-03 08:21:00,1,False,0.09476999596664237,7.322708426730405
EQ-003,2025-01-03 08:22:00,1,False,0.09635850303487536,7.262752312949711
EQ-003,2025-01-03 08:23:00,1,False,0.09597377807160384,7.19468139652344
EQ-003,2025-01-03 08:24:00,1,False,0.08856161481310859,7.271688722192889
EQ-003,2025-01-03 08:26:00,1,False,0.06959895099980501,7.207906575608377
EQ-003,2025-01-03 08:27:00,1,False,0.07479692060652676,7.154029618347787
EQ-003,2025-01-03 08:29:00,1,False,0.07121960303457092,7.308787835746284
EQ-003,2025-01-03 08:32:00,1,False,0.08777656556151442,7.189991775357056
EQ-003,2025-01-03 08:35:00,1,False,0.08815212591642357,7.287693934878543
EQ-003,2025-01-03 08:37:00,1,False,0.08358845901058609,7.262021042504643
EQ-003,2025-01-03 08:39:00,1,False,0.0841543565470298,7.363743157315992
EQ-003,2025-01-03 08:40:00,1,False,0.05348783479753366,7.494832645390175
EQ-003,2025-01-03 08:41:00,1,False,0.06319152649465137,7.396415289708901
EQ-003,2025-01-03 08:43:00,1,False,0.06435480002276256,7.26409155702297
EQ-003,2025-01-03 08:51:00,1,False,0.06008658453289062,7.332540792874087
EQ-003,2025-01-03 08:57:00,1,False,0.06250456708225244,7.214954580356319
EQ-003,2025-01-03 09:01:00,1,False,0.10504962063681128,7.254878071657743
EQ-003,2025-01-03 09:05:00,1,False,0.08299108402705851,7.575186900863473
EQ-003,2025-01-03 09:07:00,1,False,0.09429729846937918,7.351380412361277
EQ-003,2025-01-03 09:08:00,1,False,0.0821040533330088,7.259045870369553
EQ-003,2025-01-03 09:11:00,1,False,0.0773078194881866,7.269657934139655
EQ-003,2025-01-03 09:18:00,1,False,0.10321719863792234,7.257693009446553
EQ-003,2025-01-03 09:19:00,1,False,0.0810635868945851,7.263072867178583
EQ-003,2025-01-03 09:20:00,1,False,0.0871769577889503,7.334369648200789
EQ-003,2025-01-03 09:24:00,1,False,0.09016796170776109,7.275990553746263
EQ-003,2025-01-03 09:25:00,1,False,0.08885009261590543,7.299786024310139
EQ-003,2025-01-03 09:34:00,1,False,0.07701592238590421,7.507461840851902
EQ-003,2025-01-03 09:35:00,1,False,0.07481648040666139,7.22383890862724
EQ-003,2025-01-03 09:36:00,1,False,0.09079023843878242,7.3457192953598325
EQ-003,2025-01-03 09:38:00,1,False,0.0881140363499594,7.328069529394241
EQ-003,2025-01-03 09:41:00,1,False,0.10527477516008055,7.31129893012547
EQ-003,2025-01-03 09:42:00,1,False,0.1014465019218429,7.267182701837022
EQ-003,2025-01-03 09:45:00,1,False,0.09481700711642976,7.292482334573268
EQ-003,2025-01-03 09:49:00,1,False,0.07835449980746362,7.326215065010136
EQ-003,2025-01-03 09:51:00,1,False,0.011043824751881814,7.365126644797017
EQ-003,2025-01-03 09:52:00,1,False,0.01681310386349144,7.385598502146399
EQ-003,2025-01-03 09:53:00,1,False,0.006538343636561805,7.348190981212768
EQ-003,2025-01-03 09:59:00,1,False,0.021227872139195025,7.397844028949075
EQ-003,2025-01-03 10:00:00,1,False,0.07955972797039224,7.295678525492422
EQ-003,2025-01-03 10:02:00,1,False,0.04102304625367825,7.361108746638665
EQ-003,2025-01-03 10:07:00,1,False,0.09190450384795018,7.374053787389869
EQ-003,2025-01-03 10:09:00,1,False,0.08628431520368318,7.41533518840524
EQ-003,2025-01-03 10:13:00,1,False,0.061295179876073747,7.372039459191379
EQ-003,2025-01-03 10:14:00,1,False,0.08101596378202786,7.310437907086515
EQ-003,2025-01-03 10:25:00,1,False,0.027040904571909052,7.4853018747573605
EQ-003,2025-01-03 10:26:00,1,False,0.0795089452424243,7.511694089091318
EQ-003,2025-01-03 10:27:00,1,False,0.08160103747316827,7.498684756947726
EQ-003,2025-01-03 10:30:00,1,False,0.06358300224502061,7.427931257193053
EQ-003,2025-01-03 10:35:00,1,False,0.07618819010077094,7.426527574581247
EQ-003,2025-01-03 10:37:00,1,False,0.013609929540221,7.500305901352944
EQ-003,2025-01-03 10:38:00,1,False,0.08864685606939393,7.496681246483393
EQ-003,2025-01-03 10:39:00,1,False,0.08546934593030336,7.36154384299802
EQ-003,2025-01-03 10:40:00,1,False,0.08931793207510408,7.526455092047602
EQ-003,2025-01-03 10:42:00,1,False,0.09317365878720768,7.515010781333671
EQ-003,2025-01-03 10:53:00,1,False,0.07106853694254384,7.515694148886203
EQ-003,2025-01-03 10:59:00,1,False,0.08813552685605408,7.490747736942475
EQ-003,2025-01-03 11:00:00,1,False,0.07613934440863246,7.497362294431915
EQ-003,2025-01-03 11:03:00,1,False,0.06429194565276636,7.553538324583922
EQ-003,2025-01-03 11:07:00,1,False,0.05714270616929684,7.586497175739421
EQ-003,2025-01-03 11:12:00,1,False,0.0752488997019985,7.988474074958736
EQ-003,2025-01-03 11:13:00,1,False,0.050077959939998695,7.9747745842435505
EQ-003,2025-01-03 11:16:00,1,False,0.07664696799436438,7.540480592950953
EQ-003,2025-01-03 11:23:00,1,False,0.07503637031669169,7.664278198149015
EQ-003,2025-01-03 11:24:00,1,False,0.029350734927143074,7.571119561385366
EQ-003,2025-01-03 11:28:00,1,False,0.0247700999511265,7.5424082572043085
EQ-003,2025-01-03 11:30:00,1,False,0.06162419818527126,7.603564252190071
EQ-003,2025-01-03 11:31:00,1,False,0.07606310672817995,7.7089109837023395
EQ-003,2025-01-03 11:32:00,1,False,0.050306373612109045,7.703259850542103
EQ-003,2025-01-03 11:34:00,1,False,0.045559224283167,7.68189517617536
EQ-003,2025-01-03 11:35:00,1,False,0.06968767339014642,7.735149080512706
EQ-003,2025-01-03 11:37:00,1,False,0.054555991504192713,7.717351802990768
EQ-003,2025-01-03 11:38:00,1,False,0.051326036953783905,7.725479176788248
EQ-003,2025-01-03 11:40:00,1,False,0.04941726840073851,7.767751756848685
EQ-003,2025-01-03 11:41:00,1,False,0.04496449242513778,7.781013630961878
EQ-003,2025-01-03 11:44:00,1,False,0.03495512667148276,7.824089681435732
EQ-003,2025-01-03 11:47:00,1,False,0.019389241043179517,7.703747045778998
EQ-003,2025-01-03 11:49:00,1,False,0.02899646190406724,7.844052476344038
EQ-003,2025-01-03 11:52:00,1,False,0.048171633406904335,7.773369415891393
EQ-003,2025-01-03 12:04:00,1,False,0.04618809506020921,7.745006301140672
EQ-003,2025-01-03 12:07:00,1,False,0.08143710621162115,7.79098498330071
EQ-003,2025-01-03 12:09:00,1,False,0.06761389042723936,7.7343524635170136
EQ-003,2025-01-03 12:11:00,1,False,0.07229470006041921,7.767936958048896
EQ-003,2025-01-03 12:14:00,1,False,0.06858534772720082,7.778002199176719
EQ-003,2025-01-03 12:20:00,1,False,0.09444132413037531,7.777229310331444
EQ-003,2025-01-03 12:24:00,1,False,0.07810743707212692,7.727479978293823
EQ-003,2025-01-03 12:25:00,1,False,0.046372669031060576,7.93612251641486
EQ-003,2025-01-03 12:26:00,1,False,0.04045965605659618,7.794624518466049
EQ-003,2025-01-03 12:28:00,1,False,0.04292512266780951,7.814393050119802
EQ-003,2025-01-03 12:29:00,1,False,0.025469573268714185,7.784664694472598
EQ-003,2025-01-03 12:33:00,1,False,0.0366698927961055,7.810831699642793
EQ-003,2025-01-03 12:34:00,1,False,0.04331180235460075,7.741367627443516
EQ-003,2025-01-03 12:40:00,1,False,0.07519277115886097,7.817433233429438
EQ-003,2025-01-03 12:41:00,1,False,0.07267312503786527,7.795876144546105
EQ-003,2025-01-03 12:42:00,1,False,0.0507011669567658,7.81672091210025
EQ-003,2025-01-03 12:44:00,1,False,0.06375805616575647,7.815715413239675
EQ-003,2025-01-03 12:48:00,1,False,0.03330755324009488,7.79019038212642
EQ-003,2025-01-03 12:49:00,1,False,0.05126266652899081,7.790360294219689
EQ-003,2025-01-03 12:54:00,1,False,0.07285260009528444,7.7809900715031715
EQ-003,2025-01-03 12:57:00,1,False,0.08865645362486863,7.791223933961646
EQ-003,2025-01-03 13:02:00,1,False,0.07174099577107479,7.750895885666885
EQ-003,2025-01-03 13:03:00,1,False,0.05113501400475984,7.739789489352111
EQ-003,2025-01-03 13:17:00,1,False,0.04436463581616801,7.7978631568447225
EQ-003,2025-01-03 13:19:00,1,False,0.037184814087472706,7.722339008059211
EQ-003,2025-01-03 13:20:00,1,False,0.0683608272472157,7.781393549517461
EQ-003,2025-01-03 13:24:00,1,False,0.06900942876196353,7.856928282544523
EQ-003,2025-01-03 13:27:00,1,False,0.05535500324071174,7.726022577707211
EQ-003,2025-01-03 13:28:00,1,False,0.09417105801763931,7.63976437391744
EQ-003,2025-01-03 13:39:00,1,False,0.08872722787892401,7.8037265966192555
EQ-003,2025-01-03 13:43:00,1,False,0.10214554107533214,7.660223902457664
EQ-003,2025-01-03 13:44:00,1,False,0.08456223876404445,7.66528081343446
EQ-003,2025-01-03 13:47:00,1,False,0.07988776485337307,7.570802613622991
EQ-003,2025-01-03 13:49:00,1,False,0.10282274642426598,7.799609947659145
EQ-003,2025-01-03 13:51:00,1,False,0.10144771559689919,7.704517197168558
EQ-003,2025-01-03 13:52:00,1,False,0.09357545433736003,7.657665660634414
EQ-003,2025-01-03 13:54:00,1,False,0.08500678269069151,7.580939146344171
EQ-003,2025-01-03 13:58:00,1,False,0.08457323948666723,7.876448931666138
EQ-003,2025-01-03 14:02:00,1,False,0.08981717095269975,7.709183545173582
EQ-003,2025-01-03 14:03:00,1,False,0.10462636281508392,7.612713217747355
EQ-003,2025-01-03 14:05:00,1,False,0.09079636019068099,7.684339878264621
EQ-003,2025-01-03 14:10:00,1,False,0.11007388934010115,7.8120449718949745
EQ-003,2025-01-03 14:11:00,1,False,0.10434332603588087,7.7519084788900035
EQ-003,2025-01-03 14:13:00,1,False,0.09207594176990452,7.722306588642167
EQ-003,2025-01-03 14:18:00,1,False,0.10685167833190756,7.666287507515263
EQ-003,2025-01-03 14:19:00,1,False,0.09714447637165424,7.6875430083501355
EQ-003,2025-01-03 14:22:00,1,False,0.10203989404361768,7.683338149417044
EQ-003,2025-01-03 14:25:00,1,False,0.1094204715344052,7.65272262700414
EQ-003,2025-01-03 14:27:00,1,False,0.11723243531970795,7.782702383542537
EQ-003,2025-01-03 14:28:00,1,False,0.11157319804124466,7.693097494791089
EQ-003,2025-01-03 14:29:00,1,False,0.1028933374141926,7.688157386731361
EQ-003,2025-01-03 14:31:00,1,False,0.09556120213530428,7.58951368075042
EQ-003,2025-01-03 14:32:00,1,False,0.08832765727209924,7.5417283166878075
EQ-003,2025-01-03 14:46:00,1,False,0.12043803172131007,7.505169611905976
EQ-003,2025-01-03 14:47:00,1,False,0.10050778026404483,7.501595889928226
EQ-003,2025-01-03 14:48:00,1,False,0.11178416578196909,7.60071852456859
EQ-003,2025-01-03 14:57:00,1,False,0.07793347831892011,7.542775211175427
EQ-003,2025-01-03 14:58:00,1,False,0.1190633425717954,7.49325035710223
EQ-003,2025-01-03 15:03:00,1,False,0.09478128756553345,7.650002215364854
EQ-003,2025-01-03 15:04:00,1,False,0.10937936565976752,7.517091403347515
EQ-003,2025-01-03 15:08:00,1,False,0.1069265408059592,7.67443670317132
EQ-003,2025-01-03 15:14:00,1,False,0.10623900817049353,7.368556999712845
EQ-003,2025-01-03 15:16:00,1,False,0.10687755621912437,7.4872299635301705
EQ-003,2025-01-03 15:20:00,1,False,0.12233200136801814,7.501923176717803
EQ-003,2025-01-03 15:22:00,1,False,0.10409641807367637,7.4903759562552805
EQ-003,2025-01-03 15:25:00,1,False,0.10091241122609668,7.388929713279925
EQ-003,2025-01-03 15:32:00,1,False,0.10957280719462908,7.334817968029537
EQ-003,2025-01-03 15:37:00,1,False,0.06622890673535037,7.328830391105131
EQ-003,2025-01-03 15:39:00,1,False,0.03984563380295164,7.377381990291642
EQ-003,2025-01-03 15:45:00,1,False,0.047330442216845514,7.380580702020691
EQ-003,2025-01-03 15:48:00,1,False,0.058023295007475606,7.373092143990679
EQ-003,2025-01-03 15:50:00,1,False,0.1244159613965935,7.360758370865974
EQ-003,2025-01-03 15:52:00,1,False,0.02523999363739532,7.434611293615108
EQ-003,2025-01-03 15:55:00,1,False,0.09344682061427789,7.303903796710175
EQ-003,2025-01-03 15:58:00,1,False,0.07885915678551608,7.302086398972895
EQ-003,2025-01-03 15:59:00,1,False,0.08452749257407643,7.238533322846975
EQ-003,2025-01-03 16:00:00,1,False,0.10387226690397539,7.293433518502046
EQ-003,2025-01-03 16:04:00,1,False,0.027565875821882857,7.206169418099306
EQ-003,2025-01-03 16:06:00,1,False,0.10873207889178349,7.3086066601702715
EQ-003,2025-01-03 16:08:00,1,False,0.07966810428208682,7.2246899766945685
EQ-003,2025-01-03 16:10:00,1,False,0.08052686424320249,7.313447058883017
EQ-003,2025-01-03 16:15:00,1,False,0.10343976283763345,7.26212219549752
EQ-003,2025-01-03 16:25:00,-1,True,-0.0014782443257409517,7.235183566027491
EQ-003,2025-01-03 16:27:00,1,False,0.0831953025846871,7.265672782312651
EQ-003,2025-01-03 16:29:00,1,False,0.06168100507794899,7.244826209808905
EQ-003,2025-01-03 16:32:00,1,False,0.0685466418365091,7.230664151243413
EQ-003,2025-01-03 16:36:00,1,False,0.08997644697383578,7.258852693730915
EQ-003,2025-01-03 16:40:00,1,False,0.08318494189771725,7.263551632784205
EQ-003,2025-01-03 16:49:00,1,False,0.08367734821183148,7.298703763767967
EQ-003,2025-01-03 16:51:00,1,False,0.040700855685377124,7.267057002094842
EQ-003,2025-01-03 16:55:00,1,False,0.06748526174606961,7.204485884945409
EQ-003,2025-01-03 16:59:00,1,False,0.05873095260297634,7.196229133098873
EQ-003,2025-01-03 17:01:00,1,False,0.059732890175122844,7.245718132138616
EQ-003,2025-01-03 17:04:00,1,False,0.07040777971571682,7.2242381767656365
EQ-003,2025-01-03 17:05:00,1,False,0.04524475952705043,7.238618675518859
EQ-003,2025-01-03 17:06:00,1,False,0.05875411685534976,7.19919212271217
EQ-003,2025-01-03 17:07:00,1,False,0.06990966500564627,7.181930763149897
EQ-003,2025-01-03 17:09:00,1,False,0.009138971050953182,7.32403468527536
EQ-003,2025-01-03 17:11:00,1,False,0.03535322493237342,7.214549380271806
EQ-003,2025-01-03 17:14:00,1,False,0.05521941258891333,7.191570940382097
EQ-003,2025-01-03 17:17:00,1,False,0.08201184047403176,7.173247083540515
EQ-003,2025-01-03 17:20:00,1,False,0.048282572503498766,7.180803594230874
EQ-003,2025-01-03 17:29:00,1,False,0.05328354526008022,7.2473484449267085
EQ-003,2025-01-03 17:30:00,1,False,0.07599667303166402,7.153396787216597
EQ-003,2025-01-03 17:32:00,1,False,0.045534964612505,7.219795391059794
EQ-003,2025-01-03 17:33:00,1,False,0.07344362709534102,7.308903501892514
EQ-003,2025-01-03 17:35:00,1,False,0.0743189931596197,7.268889481899273
EQ-003,2025-01-03 17:38:00,1,False,0.06484734580633067,7.227737141538017
EQ-003,2025-01-03 17:42:00,1,False,0.06795637282273842,7.476020155757138
EQ-003,2025-01-03 17:43:00,1,False,0.0487307538191446,7.334214506823627
EQ-003,2025-01-03 17:45:00,1,False,0.07126805250109752,7.271752140210172
EQ-003,2025-01-03 17:48:00,1,False,0.03902316443701165,7.227586467035057
EQ-003,2025-01-03 17:52:00,1,False,0.08336258530658586,7.293045587384135
EQ-003,2025-01-03 17:55:00,1,False,0.07928279360150442,7.254631817081689
EQ-003,2025-01-03 17:57:00,1,False,0.07598206912959954,7.263804941456149
EQ-003,2025-01-03 18:00:00,1,False,0.0792591653994027,7.591955323858733
EQ-003,2025-01-03 18:01:00,1,False,0.0595394552433553,7.265465393524323
EQ-003,2025-01-03 18:05:00,1,False,0.07646065793967044,7.296201219450669
EQ-003,2025-01-03 18:06:00,1,False,0.0504777529461134,7.256761212145626
EQ-003,2025-01-03 18:11:00,1,False,0.0931182389638665,7.265583130896059
EQ-003,2025-01-03 18:15:00,1,False,0.07688142426271005,7.585055732290352
EQ-003,2025-01-03 18:17:00,1,False,0.04093261582039831,7.270581006097971
EQ-003,2025-01-03 18:22:00,1,False,0.09715173680915118,7.322871328488905
EQ-003,2025-01-03 18:23:00,1,False,0.07433128583970328,7.338083052019003
EQ-003,2025-01-03 18:24:00,1,False,0.07533974886387462,7.439067858461479
EQ-003,2025-01-03 18:30:00,1,False,0.09188806742133798,7.355819942916898
EQ-003,2025-01-03 18:31:00,1,False,0.04358661043969447,7.303919966623349
EQ-003,2025-01-03 18:37:00,1,False,0.08415934869142033,7.385320250901933
EQ-003,2025-01-03 18:38:00,1,False,0.07734983835680392,7.405067310581785
EQ-003,2025-01-03 18:41:00,1,False,0.09552538233856522,7.308684961557379
EQ-003,2025-01-03 18:44:00,1,False,0.08621327809102264,7.379437943926132
EQ-003,2025-01-03 18:45:00,1,False,0.07346960284891108,7.358451945006317
EQ-003,2025-01-03 18:51:00,1,False,0.09488211439171512,7.429781146549501
EQ-003,2025-01-03 18:52:00,1,False,0.09872194363177134,7.423840102766816
EQ-003,2025-01-03 18:59:00,1,False,0.0945075635020427,7.427263449412213
EQ-003,2025-01-03 19:08:00,1,False,0.09027533304658375,7.387677235106015
EQ-003,2025-01-03 19:16:00,1,False,0.10032375457471598,7.412312040720046
EQ-003,2025-01-03 19:22:00,1,False,0.10242085906285842,7.476338022791781
EQ-003,2025-01-03 19:32:00,1,False,0.057620215706257305,7.6605865534626325
EQ-003,2025-01-03 19:33:00,1,False,0.07457367914845481,7.6003103723576375
EQ-003,2025-01-03 19:36:00,1,False,0.09313547739444222,7.5208911609811855
EQ-003,2025-01-03 19:44:00,1,False,0.07632505441893367,7.709322109086421
EQ-003,2025-01-03 19:46:00,1,False,0.10383144079329387,7.545352145883255
EQ-003,2025-01-03 19:48:00,1,False,0.08417383552995494,7.765499043747059
EQ-003,2025-01-03 19:51:00,1,False,0.09972438165808928,7.650243254954411
EQ-003,2025-01-03 19:52:00,1,False,0.07834805464206845,7.711762155958147
EQ-003,2025-01-03 19:53:00,1,False,0.07973340638457771,7.759258301126586
EQ-003,2025-01-03 19:56:00,1,False,0.09882522670501348,7.700223897111806
EQ-003,2025-01-03 19:59:00,1,False,0.06296999617153493,7.745728932380228
EQ-003,2025-01-03 20:00:00,1,False,0.0634981389103354,7.745273359685375
EQ-003,2025-01-03 20:02:00,1,False,0.09516602442662003,7.684662495166374
EQ-003,2025-01-03 20:03:00,1,False,0.09321856578791693,7.640168390702863
EQ-003,2025-01-03 20:07:00,1,False,0.08091337956888495,7.735214977105783
EQ-003,2025-01-03 20:08:00,1,False,0.11206943923943258,7.806965962428169
EQ-003,2025-01-03 20:09:00,1,False,0.07469149664180696,7.723855951024237
EQ-003,2025-01-03 20:10:00,1,False,0.09791307229165491,7.776456473436456
EQ-003,2025-01-03 20:14:00,1,False,0.0853417990058376,7.805248032777648
EQ-003,2025-01-03 20:18:00,1,False,0.084104435098459,7.659535620052898
EQ-003,2025-01-03 20:21:00,1,False,0.09152095937305793,7.713164564792899
EQ-003,2025-01-03 20:27:00,1,False,0.09444543212023576,7.6183225699129675
EQ-003,2025-01-03 20:33:00,1,False,0.10050302198146671,7.70896685108794
EQ-003,2025-01-03 20:40:00,1,False,0.08180241522086062,7.782114332526078
EQ-003,2025-01-03 20:41:00,1,False,0.09115557951049985,7.7847857220443935
EQ-003,2025-01-03 20:42:00,1,False,0.08649206673496979,7.753502899355409
EQ-003,2025-01-03 20:44:00,1,False,0.08077348632138875,7.704144713730219
EQ-003,2025-01-03 20:51:00,1,False,0.0842976050576067,7.7742349427978015
EQ-003,2025-01-03 20:52:00,1,False,0.08529562439346494,7.800152815757291
EQ-003,2025-01-03 20:54:00,1,False,0.08007676734428154,7.716875555352692
EQ-003,2025-01-03 20:55:00,1,False,0.10072543009541357,7.763007095161401
EQ-003,2025-01-03 20:56:00,1,False,0.07870793217086741,7.808294617024051
EQ-003,2025-01-03 20:58:00,1,False,0.10215113766027922,7.717135102392286
EQ-003,2025-01-03 21:00:00,1,False,0.11643045142700381,7.708356620257025
EQ-003,2025-01-03 21:01:00,1,False,0.12163765404929339,7.724906649537188
EQ-003,2025-01-03 21:07:00,1,False,0.10758926241021655,7.7521726470132375
EQ-003,2025-01-03 21:08:00,1,False,0.06920521347237663,7.776574528628845
EQ-003,2025-01-03 21:12:00,1,False,0.08894653870331432,7.807848088440662
EQ-003,2025-01-03 21:13:00,1,False,0.09046681362470743,7.755792133562814
EQ-003,2025-01-03 21:16:00,1,False,0.10536277580057574,7.771418424885928
EQ-003,2025-01-03 21:24:00,1,False,0.10187776688531958,7.744889426475007
EQ-003,2025-01-03 21:25:00,1,False,0.090877016470086,7.744639329939505
EQ-003,2025-01-03 21:29:00,1,False,0.10819608407425324,7.69861369275807
EQ-003,2025-01-03 21:37:00,1,False,0.10407251221761032,7.7731347846899315
EQ-003,2025-01-03 21:43:00,1,False,0.11341145267878922,7.739016477417116
EQ-003,2025-01-03 21:49:00,1,False,0.09942744952258281,7.730165888048507
EQ-003,2025-01-03 21:52:00,1,False,0.08785490246875732,7.74899486350604
EQ-003,2025-01-03 21:58:00,1,False,0.11336401796320789,7.757210555315591
EQ-003,2025-01-03 22:00:00,1,False,0.10288975144381984,7.749130201724284
EQ-003,2025-01-03 22:01:00,1,False,0.11028984277761028,7.7694096338985785
EQ-003,2025-01-03 22:05:00,1,False,0.08187309644988577,7.746012997091955
EQ-003,2025-01-03 22:06:00,1,False,0.041856387772700676,7.790417465167316
EQ-003,2025-01-03 22:07:00,1,False,0.0815656937504825,7.767953548163087
EQ-003,2025-01-03 22:11:00,1,False,0.08154814206421807,7.857642618824656
EQ-003,2025-01-03 22:13:00,1,False,0.07869201154169098,7.775828829975153
EQ-003,2025-01-03 22:14:00,1,False,0.09348346138570907,7.706772557656869
EQ-003,2025-01-03 22:15:00,1,False,0.09149129421961438,7.657361710001809
EQ-003,2025-01-03 22:22:00,1,False,0.06818856149012054,7.816135795092763
EQ-003,2025-01-03 22:24:00,1,False,0.09545323252052579,7.673256590176911
EQ-003,2025-01-03 22:31:00,1,False,0.10403119762953172,7.675978062910964
EQ-003,2025-01-03 22:36:00,1,False,0.10581840502312839,7.660127228840729
EQ-003,2025-01-03 22:38:00,1,False,0.10364471965594885,7.736751788012506
EQ-003,2025-01-03 22:42:00,1,False,0.1094178387233174,7.738110736405696
EQ-003,2025-01-03 22:48:00,1,False,0.09774976280524655,7.694323446902196
EQ-003,2025-01-03 22:52:00,1,False,0.08334191461381679,7.689232312869784
EQ-003,2025-01-03 23:03:00,1,False,0.08764795885314014,7.7432965773668885
EQ-003,2025-01-03 23:05:00,1,False,0.08691167417643525,7.533710571300711
EQ-003,2025-01-03 23:07:00,1,False,0.07010748044895093,7.685622803042093
EQ-003,2025-01-03 23:10:00,1,False,0.012750630954647346,7.5744396087850046
EQ-003,2025-01-03 23:12:00,-1,True,-0.011600102191268835,7.5752965163868815
EQ-003,2025-01-03 23:15:00,1,False,0.024478181216968542,7.658961176325554
EQ-003,2025-01-03 23:17:00,1,False,0.0021575878764772405,7.81577346504054
EQ-003,2025-01-03 23:18:00,1,False,0.09485426036574107,7.550550087580742
EQ-003,2025-01-03 23:19:00,-1,True,-0.01899216818062799,7.534678403156979
EQ-003,2025-01-03 23:21:00,1,False,0.09447348644564957,7.479175799209762
EQ-003,2025-01-03 23:25:00,1,False,0.09766999145264726,7.441775772809993
EQ-003,2025-01-03 23:26:00,1,False,0.09213980569918423,7.579995654936398
EQ-003,2025-01-03 23:27:00,1,False,0.06326472375599729,7.464688005879633
EQ-003,2025-01-03 23:28:00,1,False,0.007107582940705348,7.498090394858018
EQ-003,2025-01-03 23:31:00,1,False,0.06157560137139706,7.364676692747424
EQ-003,2025-01-03 23:34:00,1,False,0.08537127801925137,7.476962626144898
EQ-003,2025-01-03 23:35:00,1,False,0.08226967196814139,7.415124306003961
EQ-003,2025-01-03 23:37:00,1,False,0.1005945493694998,7.695017137329852
EQ-003,2025-01-03 23:44:00,-1,True,-0.0003401306310805152,7.633312808196293
EQ-003,2025-01-03 23:45:00,1,False,0.08007703287249951,7.866821081601038
EQ-003,2025-01-03 23:46:00,1,False,0.08669581590592401,7.416163413039084
EQ-003,2025-01-03 23:47:00,1,False,0.07016252827279607,7.300965582981104
EQ-003,2025-01-03 23:48:00,1,False,0.10982401055694135,7.419929065530457
EQ-003,2025-01-03 23:51:00,1,False,0.06558108764591714,7.384506481894554
EQ-003,2025-01-03 23:54:00,1,False,0.09447277974654872,7.426392510929214
EQ-003,2025-01-03 23:56:00,1,False,0.09836875105673198,7.380118914590228
EQ-003,2025-01-03 23:58:00,1,False,0.08676298884852829,7.42569824547478
EQ-003,2025-01-04 00:04:00,1,False,0.10129489411965964,7.413500012646582
EQ-003,2025-01-04 00:06:00,1,False,0.054039511711033106,7.455296224078486
EQ-003,2025-01-04 00:09:00,1,False,0.101926279711191,7.375280174612204
EQ-003,2025-01-04 00:12:00,1,False,0.0952192927510706,7.420624794560306
EQ-003,2025-01-04 00:13:00,1,False,0.09593807333385668,7.348076025618202
EQ-003,2025-01-04 00:14:00,1,False,0.09688986779114622,7.395770609661758
EQ-003,2025-01-04 00:16:00,1,False,0.013690123597972614,7.397737334959851
EQ-003,2025-01-04 00:18:00,1,False,0.10495312269525187,7.361397236525598
EQ-003,2025-01-04 00:28:00,1,False,0.06406234079976841,7.327421159598902
EQ-003,2025-01-04 00:35:00,1,False,0.08217309048725902,7.356031794912971
EQ-003,2025-01-04 00:36:00,1,False,0.06668318376662852,7.328694944823171
EQ-003,2025-01-04 00:38:00,1,False,0.06681825484561438,7.31296599400022
EQ-003,2025-01-04 00:39:00,1,False,0.0763329837771024,7.46516948394826
EQ-003,2025-01-04 00:41:00,1,False,0.0542332616470359,7.266942779659718
EQ-003,2025-01-04 00:43:00,1,False,0.06905575339423309,7.305080613070128
EQ-003,2025-01-04 00:45:00,1,False,0.06687190557250777,7.338492413872498
EQ-003,2025-01-04 00:48:00,1,False,0.06433784564937556,7.32254227649579
EQ-003,2025-01-04 00:53:00,1,False,0.06355643755721185,7.6296102430877895
EQ-003,2025-01-04 00:59:00,1,False,0.04079141620949023,7.255323890220535
EQ-003,2025-01-04 01:00:00,1,False,0.06382505122508764,7.343996421684349
EQ-003,2025-01-04 01:05:00,1,False,0.05625862231323597,7.226054337096401
EQ-003,2025-01-04 01:11:00,1,False,0.06534620505847638,7.311305122805764
EQ-003,2025-01-04 01:23:00,1,False,0.09269008397166245,7.29775448722667
EQ-003,2025-01-04 01:25:00,1,False,0.09578656864016538,7.2969644085572085
EQ-003,2025-01-04 01:33:00,1,False,0.096418491820779,7.2533104404223865
EQ-003,2025-01-04 01:38:00,1,False,0.08023015871209593,7.302676506330653
EQ-003,2025-01-04 01:40:00,1,False,0.10104546877996756,7.290891989531875
EQ-003,2025-01-04 01:41:00,1,False,0.08903921250118796,7.278998277285877
EQ-003,2025-01-04 01:42:00,1,False,0.10546817720696766,7.315726269795387
EQ-003,2025-01-04 01:45:00,1,False,0.08980991551960926,7.286043144406184
EQ-003,2025-01-04 01:48:00,1,False,0.07651966886026118,7.233350782951585
EQ-003,2025-01-04 01:49:00,1,False,0.0966608125152576,7.201667278209516
EQ-003,2025-01-04 01:50:00,1,False,0.08077517811778501,7.178170734256013
EQ-003,2025-01-04 01:52:00,1,False,0.09444395675358302,7.273455295695428
EQ-003,2025-01-04 01:55:00,1,False,0.08861178248148105,7.218655570743428
EQ-003,2025-01-04 01:57:00,1,False,0.09760662001365406,7.4114269264744745
EQ-003,2025-01-04 02:02:00,1,False,0.11145498283643401,7.211899320015959
EQ-003,2025-01-04 02:04:00,1,False,0.09047284218373869,7.247203471950404
EQ-003,2025-01-04 02:09:00,1,False,0.09137189031931986,7.418749653558214
EQ-003,2025-01-04 02:10:00,1,False,0.10893939123773771,7.38798984926289
EQ-003,2025-01-04 02:13:00,1,False,0.10904025622271396,7.375720344488966
EQ-003,2025-01-04 02:26:00,1,False,0.08769918940569194,7.3491939589214885
EQ-003,2025-01-04 02:27:00,1,False,0.1019833926118413,7.33981069467202
EQ-003,2025-01-04 02:28:00,1,False,0.1011252294924257,7.389820661487879
EQ-003,2025-01-04 02:29:00,1,False,0.10202834868870764,7.293729248308316
EQ-003,2025-01-04 02:31:00,1,False,0.09082849542235943,7.439477845398601
EQ-003,2025-01-04 02:34:00,1,False,0.08883106153780168,7.290226814225776
EQ-003,2025-01-04 02:36:00,1,False,0.0939588780103719,7.3135258065879745
EQ-003,2025-01-04 02:38:00,1,False,0.1068834933353991,7.2943545654447846
EQ-003,2025-01-04 02:42:00,1,False,0.10961191102497497,7.379124510686231
EQ-003,2025-01-04 02:52:00,1,False,0.10304193983064541,7.274902488689344
EQ-003,2025-01-04 03:00:00,1,False,0.10624674325390016,7.35870881531992
EQ-003,2025-01-04 03:02:00,1,False,0.10680849591157066,7.370257111379369
EQ-003,2025-01-04 03:03:00,1,False,0.10937259919464426,7.389674471835425
EQ-003,2025-01-04 03:09:00,1,False,0.09503276391646043,7.403365698279808
EQ-003,2025-01-04 03:13:00,1,False,0.08806965074252698,7.420862343046955
EQ-003,2025-01-04 03:14:00,1,False,0.09741302164322324,7.407129062985823
EQ-003,2025-01-04 03:15:00,1,False,0.10132222697730409,7.435059799744728
EQ-003,2025-01-04 03:18:00,1,False,0.10160497117189571,7.515690933881595
EQ-003,2025-01-04 03:20:00,1,False,0.10170132467341914,7.408650101508439
EQ-003,2025-01-04 03:21:00,1,False,0.09673618583551702,7.58524642345802
EQ-003,2025-01-04 03:23:00,1,False,0.09241064358034673,7.371744894378652
EQ-003,2025-01-04 03:24:00,1,False,0.11602344831044614,7.405666222177924
EQ-003,2025-01-04 03:32:00,1,False,0.0983909544204925,7.471527911531795
EQ-003,2025-01-04 03:33:00,1,False,0.10574464038847087,7.467029534582476
EQ-003,2025-01-04 03:37:00,1,False,0.07473661467666676,7.939998587864924
EQ-003,2025-01-04 03:38:00,1,False,0.08610403762832236,7.543550817333989
EQ-003,2025-01-04 03:39:00,1,False,0.10630539823034157,7.622916213146433
EQ-003,2025-01-04 03:42:00,1,False,0.1000544710972418,7.825407827897693
EQ-003,2025-01-04 03:45:00,1,False,0.10350707342793847,7.493470037044057
EQ-003,2025-01-04 03:47:00,1,False,0.10119848570707923,7.634354658075292
EQ-003,2025-01-04 03:49:00,1,False,0.08780612060224025,7.512454831915541
EQ-003,2025-01-04 03:54:00,1,False,0.10187020409579312,7.664910110302101
EQ-003,2025-01-04 03:57:00,1,False,0.10610741799338058,7.607135595194176
EQ-003,2025-01-04 03:58:00,1,False,0.028718055628124017,7.6945098479899015
EQ-003,2025-01-04 04:04:00,1,False,0.02866419321923741,7.817014848260372
EQ-003,2025-01-04 04:06:00,1,False,0.006277604082295718,7.651538807884963
EQ-003,2025-01-04 04:07:00,1,False,0.04859483457555819,7.774885277566743
EQ-003,2025-01-04 04:10:00,1,False,0.08975357776346393,7.9455703370610875
EQ-003,2025-01-04 04:13:00,1,False,0.013086240860266218,7.695684296349257
EQ-003,2025-01-04 04:14:00,1,False,0.07256729436231885,7.684612133606282
EQ-003,2025-01-04 04:15:00,1,False,0.08921488454381121,7.643307081672738
EQ-003,2025-01-04 04:21:00,1,False,0.07232834876916794,7.807542872195877
EQ-003,2025-01-04 04:23:00,1,False,0.0623624568109144,7.74107994311893
EQ-003,2025-01-04 04:30:00,-1,True,-0.025062598628231125,7.818406914871292
EQ-003,2025-01-04 04:33:00,1,False,0.06905329666385024,7.766616810540719
EQ-003,2025-01-04 04:36:00,1,False,0.08374343506112258,7.738886347294235
EQ-003,2025-01-04 04:38:00,1,False,0.08223797330311705,7.841159654405076
EQ-003,2025-01-04 04:39:00,1,False,0.08219336662263232,7.93437145500831
EQ-003,2025-01-04 04:40:00,-1,True,-0.014935510940967456,7.844181953346684
EQ-003,2025-01-04 04:41:00,1,False,0.08400299864530547,7.682865575521791
EQ-003,2025-01-04 04:43:00,1,False,0.07017845414818435,7.843844995498402
EQ-003,2025-01-04 04:48:00,1,False,0.09126939958283325,7.783368997829751
EQ-003,2025-01-04 04:52:00,1,False,0.08080888218932797,7.7476671849913155
EQ-003,2025-01-04 04:59:00,1,False,0.07908386900755959,7.796877216401607
EQ-003,2025-01-04 05:01:00,1,False,0.09162026999220985,7.7067923596705645
EQ-003,2025-01-04 05:02:00,1,False,0.09366035453139143,7.746851675858004
EQ-003,2025-01-04 05:08:00,1,False,0.09007104935081495,7.8012054592712285
EQ-003,2025-01-04 05:15:00,1,False,0.05560435462547558,7.749743690814322
EQ-003,2025-01-04 05:16:00,1,False,0.08211988175782509,7.74766920151019
EQ-003,2025-01-04 05:19:00,1,False,0.06700994327312487,7.826555961497304
EQ-003,2025-01-04 05:20:00,1,False,0.05174493893853582,7.787226171056467
EQ-003,2025-01-04 05:22:00,1,False,0.09167400185101188,7.825328536937872
EQ-003,2025-01-04 05:26:00,1,False,0.07553839146630603,7.751297417177821
EQ-003,2025-01-04 05:31:00,1,False,0.004602505204758356,7.807089288812044
EQ-003,2025-01-04 05:40:00,1,False,0.05225012845049498,7.814736818016048
EQ-003,2025-01-04 05:45:00,1,False,0.06079696942098095,7.756682217843519
EQ-003,2025-01-04 05:48:00,1,False,0.058234088894487834,7.801862243754644
EQ-003,2025-01-04 05:51:00,1,False,0.07571720335353632,7.783567613675109
EQ-003,2025-01-04 05:53:00,1,False,0.06407833602091734,7.806374493629546
EQ-003,2025-01-04 05:54:00,1,False,0.09632737659316642,7.676700443365597
EQ-003,2025-01-04 06:02:00,1,False,0.06103654334582492,7.756291964183312
EQ-003,2025-01-04 06:05:00,1,False,0.09699356143905191,7.921170299380318
EQ-003,2025-01-04 06:06:00,1,False,0.07041562595166118,7.768265633011712
EQ-003,2025-01-04 06:09:00,1,False,0.07123209663492774,7.7224594504488895
EQ-003,2025-01-04 06:12:00,1,False,0.07620275595001957,7.7112133150899025
EQ-003,2025-01-04 06:13:00,1,False,0.06491980345483062,7.76025579735736
EQ-003,2025-01-04 06:14:00,1,False,0.07653537679750366,7.780969194381344
EQ-003,2025-01-04 06:15:00,1,False,0.05705519171085849,7.792622967565773
EQ-003,2025-01-04 06:20:00,1,False,0.09476918139137586,7.7420771387785114
EQ-003,2025-01-04 06:23:00,1,False,0.06968712903677615,7.777810716052125
EQ-003,2025-01-04 06:24:00,1,False,0.08169406522869932,7.782730981468324
EQ-003,2025-01-04 06:28:00,1,False,0.07894619364491284,7.73277743625504
EQ-003,2025-01-04 06:31:00,1,False,0.07275753925960282,7.716051240069359
EQ-003,2025-01-04 06:32:00,1,False,0.11217761507436164,7.7297246692204205
EQ-003,2025-01-04 06:36:00,1,False,0.0777910561895292,7.794540744933617
EQ-003,2025-01-04 06:37:00,1,False,0.0736955566987254,7.7324725273033605
EQ-003,2025-01-04 06:41:00,1,False,0.0898315443285495,7.678045561755725
EQ-003,2025-01-04 06:42:00,1,False,0.08716404666111338,7.743974291470381
EQ-003,2025-01-04 06:47:00,1,False,0.10010922685317691,7.589632433385646
EQ-003,2025-01-04 06:50:00,1,False,0.0702072772235412,7.804203165320133
EQ-003,2025-01-04 06:51:00,1,False,0.09278455259584795,7.577558219314707
EQ-003,2025-01-04 06:52:00,1,False,0.005201763011264404,7.696381249383248
EQ-003,2025-01-04 06:54:00,1,False,0.002863061464951522,7.7293979617911335
EQ-003,2025-01-04 07:04:00,1,False,0.018720617207972357,7.597994831754683
EQ-003,2025-01-04 07:06:00,1,False,0.03660876772723559,7.961935543212796
EQ-003,2025-01-04 07:08:00,1,False,0.09203569826290614,7.602355798677234
EQ-003,2025-01-04 07:12:00,1,False,0.02664919358831469,7.7186891782409335
EQ-003,2025-01-04 07:13:00,1,False,0.11130151361285756,7.63765906569597
EQ-003,2025-01-04 07:19:00,1,False,0.10957658464764258,7.528866344082361
EQ-003,2025-01-04 07:20:00,1,False,0.10090174336060254,7.587080668852625
EQ-003,2025-01-04 07:21:00,1,False,0.09983089752323587,7.5607486835747695
EQ-003,2025-01-04 07:31:00,1,False,0.02046530149176279,7.626388779809668
EQ-003,2025-01-04 07:33:00,1,False,0.11403990046088514,7.535009268075154
EQ-003,2025-01-04 07:37:00,1,False,0.09078699333961449,7.725012690650048
EQ-003,2025-01-04 07:40:00,1,False,0.09138350909013038,7.459512186808355
EQ-003,2025-01-04 07:43:00,1,False,0.08871314724734247,7.419372007544992
EQ-003,2025-01-04 07:44:00,1,False,0.012169961520871131,7.487143223273826
EQ-003,2025-01-04 07:51:00,1,False,0.11408073741873076,7.517775291361705
EQ-003,2025-01-04 07:52:00,1,False,0.09652170105231062,7.507323911244666
EQ-003,2025-01-04 08:03:00,1,False,0.10228858812964359,7.414191403362495
EQ-003,2025-01-04 08:04:00,1,False,0.09874289518751783,7.451542253430944
EQ-003,2025-01-04 08:05:00,1,False,0.10677557977740659,7.404597634914484
EQ-003,2025-01-04 08:07:00,1,False,0.10798537387520041,7.268864936595544
EQ-003,2025-01-04 08:09:00,1,False,0.10423385244627875,7.39608326621381
EQ-003,2025-01-04 08:14:00,1,False,0.1142868988572055,7.384120854749463
EQ-003,2025-01-04 08:16:00,1,False,0.10219958473400681,7.446408316268982
EQ-003,2025-01-04 08:19:00,1,False,0.10869274116060451,7.412221185293044
EQ-003,2025-01-04 08:21:00,1,False,0.08654404689100409,7.513980503458799
EQ-003,2025-01-04 08:22:00,1,False,0.09065653251044847,7.385886827273474
EQ-003,2025-01-04 08:23:00,1,False,0.09395087272789238,7.336374387745505
EQ-003,2025-01-04 08:28:00,1,False,0.09636063750993124,7.3534226749556915
EQ-003,2025-01-04 08:34:00,1,False,0.042167868040229484,7.244697781884667
EQ-003,2025-01-04 08:38:00,1,False,0.0983988421067371,7.315719510973635
EQ-003,2025-01-04 08:39:00,1,False,0.08718577545765555,7.288998900028995
EQ-003,2025-01-04 08:40:00,1,False,0.12341813532913248,7.317055345497328
EQ-003,2025-01-04 08:44:00,1,False,0.07253664287539091,7.245387658338437
EQ-003,2025-01-04 08:45:00,1,False,0.089832604552742,7.498253627424001
EQ-003,2025-01-04 08:46:00,1,False,0.09861632973278855,7.255203760412043
EQ-003,2025-01-04 08:49:00,1,False,0.05172243197479859,7.298829989902516
EQ-003,2025-01-04 08:50:00,1,False,0.09354480255060743,7.190365939265499
EQ-003,2025-01-04 08:51:00,1,False,0.09161493335952131,7.286939788743962
EQ-003,2025-01-04 08:55:00,1,False,0.08940329025957616,7.2294621614877554
EQ-003,2025-01-04 08:56:00,1,False,0.10867139361291278,7.420408348696571
EQ-003,2025-01-04 08:59:00,1,False,0.10593006646354747,7.305388235114924
EQ-003,2025-01-04 09:01:00,1,False,0.117503011047082,7.256242559703299
EQ-003,2025-01-04 09:02:00,1,False,0.09096312295706999,7.324407810316709
EQ-003,2025-01-04 09:03:00,1,False,0.08146940387998414,7.28316672286145
EQ-003,2025-01-04 09:04:00,1,False,0.0823302226255836,7.227430801122832
EQ-003,2025-01-04 09:08:00,1,False,0.07667472220795091,7.239547111630349
EQ-003,2025-01-04 09:09:00,1,False,0.07698587304153204,7.282259322842712
EQ-003,2025-01-04 09:11:00,1,False,0.07350201133940981,7.241211634861779
EQ-003,2025-01-04 09:18:00,1,False,0.08161226862056459,7.251268629095369
EQ-003,2025-01-04 09:19:00,1,False,0.09246778527075372,7.2510602923324425
EQ-003,2025-01-04 09:21:00,1,False,0.09547369430821834,7.179417144630162
EQ-003,2025-01-04 09:26:00,1,False,0.08943304337049623,7.245483298287385
EQ-003,2025-01-04 09:30:00,1,False,0.10252881521581858,7.233864152381982
EQ-003,2025-01-04 09:36:00,1,False,0.10724709631190177,7.263754152201253
EQ-003,2025-01-04 09:38:00,1,False,0.008029119509951221,7.2311300674911365
EQ-003,2025-01-04 09:43:00,-1,True,-0.027998187000463637,7.378353335767738
EQ-003,2025-01-04 09:47:00,-1,True,-1.349310755027755e-05,7.200768213516398
EQ-003,2025-01-04 09:48:00,1,False,0.01409629555582359,7.268178834027425
EQ-003,2025-01-04 09:50:00,1,False,0.06829176386971914,7.215922875364796
EQ-003,2025-01-04 09:54:00,-1,True,-0.024523695329199735,7.323722962077642
EQ-003,2025-01-04 09:58:00,1,False,0.06689146212106717,7.19551373440361
EQ-003,2025-01-04 10:00:00,1,False,0.06666263776911752,7.2664249643521
EQ-003,2025-01-04 10:01:00,1,False,0.0346814217497553,7.301499484173926
EQ-003,2025-01-04 10:03:00,1,False,0.07066637657720592,7.174049329317822
EQ-003,2025-01-04 10:11:00,-1,True,-0.0012984609099959687,7.213337316749986
EQ-003,2025-01-04 10:12:00,1,False,0.06611623517434345,7.23951869859384
EQ-003,2025-01-04 10:13:00,1,False,0.07565611979327602,7.342982761258769
EQ-003,2025-01-04 10:16:00,1,False,0.0836768977613036,7.3055711256689975
EQ-003,2025-01-04 10:20:00,1,False,0.0983633028663291,7.354110390576828
EQ-003,2025-01-04 10:22:00,-1,True,-0.012014024308876103,7.455037404239822
EQ-003,2025-01-04 10:23:00,1,False,0.08302442823130585,7.354037425670042
EQ-003,2025-01-04 10:25:00,1,False,0.055946138432614645,7.236757619082583
EQ-003,2025-01-04 10:32:00,1,False,0.0654929877405851,7.219776924884331
EQ-003,2025-01-04 10:38:00,1,False,0.08848648849699242,7.257396492988675
EQ-003,2025-01-04 10:39:00,1,False,0.0779109003187759,7.323168763568397
EQ-003,2025-01-04 10:42:00,1,False,0.07209159437534346,7.347692105155628
EQ-003,2025-01-04 10:44:00,1,False,0.08571794911081226,7.328712881073875
EQ-003,2025-01-04 10:49:00,1,False,0.06157043729894662,7.39196390702574
EQ-003,2025-01-04 10:50:00,1,False,0.09324347830402552,7.311102392572485
EQ-003,2025-01-04 10:52:00,1,False,0.06659855509734253,7.326544500347073
EQ-003,2025-01-04 10:53:00,1,False,0.0783736720003646,7.340293787684
EQ-003,2025-01-04 10:54:00,1,False,0.05824367770869254,7.489404479195602
EQ-003,2025-01-04 10:55:00,1,False,0.10064070191815283,7.3112090655720445
EQ-003,2025-01-04 10:58:00,1,False,0.0945543001465039,7.318068062971555
EQ-003,2025-01-04 11:00:00,1,False,0.019515928734191057,7.3203288880674755
EQ-003,2025-01-04 11:01:00,1,False,0.0925349793440629,7.47014634260039
EQ-003,2025-01-04 11:06:00,1,False,0.10222595372003301,7.43661198418734
EQ-003,2025-01-04 11:07:00,1,False,0.073760153917243,7.342306238576454
EQ-003,2025-01-04 11:08:00,1,False,0.09160436822273732,7.497701169321539
EQ-003,2025-01-04 11:09:00,1,False,0.06950153950619709,7.350834663954355
EQ-003,2025-01-04 11:12:00,1,False,0.09521621417275022,7.444072130030287
EQ-003,2025-01-04 11:16:00,1,False,0.07386721848415168,7.346083783500794
EQ-003,2025-01-04 11:17:00,1,False,0.09323748066892185,7.577561473615188
EQ-003,2025-01-04 11:18:00,1,False,0.07943686125684724,7.5191095679508155
